{
  "meta": {
    "step": 3500,
    "layer_idx": 12,
    "timestamp": "20260324_124320"
  },
  "params": {
    "dt_bias": {
      "mean": -3.9653842449188232,
      "std": 1.3252404928207397,
      "min": -5.75193977355957,
      "max": -2.133908271789551,
      "abs_mean": 3.9653842449188232,
      "shape": [
        24
      ],
      "numel": 24
    },
    "A_log": {
      "mean": 1.7332061529159546,
      "std": 0.6152682900428772,
      "min": 0.21790586411952972,
      "max": 2.3618407249450684,
      "abs_mean": 1.7332061529159546,
      "shape": [
        24
      ],
      "numel": 24
    },
    "D": {
      "mean": 0.8403418660163879,
      "std": 0.029155811294913292,
      "min": 0.8053829073905945,
      "max": 0.9283486008644104,
      "abs_mean": 0.8403418660163879,
      "shape": [
        24
      ],
      "numel": 24
    },
    "in_proj.weight": {
      "mean": -0.00010123789979843423,
      "std": 0.02411601133644581,
      "min": -0.2019524872303009,
      "max": 0.23214682936668396,
      "abs_mean": 0.019628962501883507,
      "shape": [
        3224,
        768
      ],
      "numel": 2476032
    },
    "conv1d.weight": {
      "mean": -0.0008014978375285864,
      "std": 0.019304122775793076,
      "min": -0.08870920538902283,
      "max": 0.12901458144187927,
      "abs_mean": 0.01465062890201807,
      "shape": [
        1664,
        1,
        4
      ],
      "numel": 6656
    },
    "conv1d.bias": {
      "mean": -0.008322250097990036,
      "std": 0.23795822262763977,
      "min": -0.4791499078273773,
      "max": 0.4801793694496155,
      "abs_mean": 0.2023371011018753,
      "shape": [
        1664
      ],
      "numel": 1664
    },
    "norm.weight": {
      "mean": 0.7962806820869446,
      "std": 0.0700354129076004,
      "min": 0.617058277130127,
      "max": 0.950996458530426,
      "abs_mean": 0.7962806820869446,
      "shape": [
        1536
      ],
      "numel": 1536
    },
    "out_proj.weight": {
      "mean": 8.177612471627071e-06,
      "std": 0.028718523681163788,
      "min": -0.17993150651454926,
      "max": 0.17872829735279083,
      "abs_mean": 0.023634178563952446,
      "shape": [
        768,
        1536
      ],
      "numel": 1179648
    }
  }
}