{
  "meta": {
    "step": 1000,
    "layer_idx": 4,
    "timestamp": "20260324_124030"
  },
  "params": {
    "dt_bias": {
      "mean": -4.011545181274414,
      "std": 1.3331153392791748,
      "min": -6.266913890838623,
      "max": -2.2091689109802246,
      "abs_mean": 4.011545181274414,
      "shape": [
        24
      ],
      "numel": 24
    },
    "A_log": {
      "mean": 1.7689300775527954,
      "std": 0.5716691613197327,
      "min": 0.7298778295516968,
      "max": 2.559122085571289,
      "abs_mean": 1.7689300775527954,
      "shape": [
        24
      ],
      "numel": 24
    },
    "D": {
      "mean": 0.944821298122406,
      "std": 0.00930909626185894,
      "min": 0.9265593886375427,
      "max": 0.9603348970413208,
      "abs_mean": 0.944821298122406,
      "shape": [
        24
      ],
      "numel": 24
    },
    "in_proj.weight": {
      "mean": -3.150776319671422e-05,
      "std": 0.02430601976811886,
      "min": -0.11365438997745514,
      "max": 0.11388860642910004,
      "abs_mean": 0.020275956019759178,
      "shape": [
        3224,
        768
      ],
      "numel": 2476032
    },
    "conv1d.weight": {
      "mean": -0.0003234625910408795,
      "std": 0.018845248967409134,
      "min": -0.060032960027456284,
      "max": 0.06175666302442551,
      "abs_mean": 0.01521296240389347,
      "shape": [
        1664,
        1,
        4
      ],
      "numel": 6656
    },
    "conv1d.bias": {
      "mean": -0.00505943363532424,
      "std": 0.26456424593925476,
      "min": -0.4939435124397278,
      "max": 0.4827688932418823,
      "abs_mean": 0.2262222021818161,
      "shape": [
        1664
      ],
      "numel": 1664
    },
    "norm.weight": {
      "mean": 0.9143412113189697,
      "std": 0.03210163861513138,
      "min": 0.8169644474983215,
      "max": 0.9813175201416016,
      "abs_mean": 0.9143412113189697,
      "shape": [
        1536
      ],
      "numel": 1536
    },
    "out_proj.weight": {
      "mean": 1.0506850230740383e-05,
      "std": 0.02902025170624256,
      "min": -0.09845574200153351,
      "max": 0.09857642650604248,
      "abs_mean": 0.024692825973033905,
      "shape": [
        768,
        1536
      ],
      "numel": 1179648
    }
  }
}