{
  "meta": {
    "step": 12000,
    "layer_idx": 0,
    "timestamp": "20260325_033245"
  },
  "params": {
    "dt_bias": {
      "mean": -3.4754579067230225,
      "std": 0.9020004272460938,
      "min": -4.860518932342529,
      "max": -2.091709852218628,
      "abs_mean": 3.4754579067230225,
      "shape": [
        32
      ],
      "numel": 32
    },
    "A_log": {
      "mean": 1.1910371780395508,
      "std": 0.3607175350189209,
      "min": 0.3581073582172394,
      "max": 1.824970006942749,
      "abs_mean": 1.1910371780395508,
      "shape": [
        32
      ],
      "numel": 32
    },
    "D": {
      "mean": 0.7169432640075684,
      "std": 0.03739488497376442,
      "min": 0.658572793006897,
      "max": 0.8172422647476196,
      "abs_mean": 0.7169432640075684,
      "shape": [
        32
      ],
      "numel": 32
    },
    "in_proj.weight": {
      "mean": 4.3751188059104607e-05,
      "std": 0.030290110036730766,
      "min": -0.17809168994426727,
      "max": 0.1804846227169037,
      "abs_mean": 0.024234244599938393,
      "shape": [
        4256,
        1024
      ],
      "numel": 4358144
    },
    "conv1d.weight": {
      "mean": 0.0008156719268299639,
      "std": 0.06039084866642952,
      "min": -0.20863479375839233,
      "max": 0.2089993804693222,
      "abs_mean": 0.03484068065881729,
      "shape": [
        2176,
        1,
        4
      ],
      "numel": 8704
    },
    "conv1d.bias": {
      "mean": 0.007895583286881447,
      "std": 0.17010018229484558,
      "min": -0.5071321129798889,
      "max": 0.448471337556839,
      "abs_mean": 0.14493483304977417,
      "shape": [
        2176
      ],
      "numel": 2176
    },
    "norm.weight": {
      "mean": 0.6712184548377991,
      "std": 0.05993308499455452,
      "min": 0.376125693321228,
      "max": 0.8033008575439453,
      "abs_mean": 0.6712184548377991,
      "shape": [
        2048
      ],
      "numel": 2048
    },
    "out_proj.weight": {
      "mean": -1.583393895998597e-05,
      "std": 0.028753133490681648,
      "min": -0.16432878375053406,
      "max": 0.13957667350769043,
      "abs_mean": 0.0232514888048172,
      "shape": [
        1024,
        2048
      ],
      "numel": 2097152
    }
  }
}