{
  "meta": {
    "step": 2500,
    "layer_idx": 4,
    "timestamp": "20260324_124213"
  },
  "params": {
    "dt_bias": {
      "mean": -3.743245840072632,
      "std": 1.244907259941101,
      "min": -5.839694976806641,
      "max": -2.025181293487549,
      "abs_mean": 3.743245840072632,
      "shape": [
        24
      ],
      "numel": 24
    },
    "A_log": {
      "mean": 1.6339527368545532,
      "std": 0.5328474044799805,
      "min": 0.6877844333648682,
      "max": 2.3681674003601074,
      "abs_mean": 1.6339527368545532,
      "shape": [
        24
      ],
      "numel": 24
    },
    "D": {
      "mean": 0.8787274956703186,
      "std": 0.013568912632763386,
      "min": 0.8585028648376465,
      "max": 0.9149125218391418,
      "abs_mean": 0.8787274956703186,
      "shape": [
        24
      ],
      "numel": 24
    },
    "in_proj.weight": {
      "mean": -4.564762275549583e-05,
      "std": 0.026212329044938087,
      "min": -0.14177730679512024,
      "max": 0.13980796933174133,
      "abs_mean": 0.021297993138432503,
      "shape": [
        3224,
        768
      ],
      "numel": 2476032
    },
    "conv1d.weight": {
      "mean": -0.0002784223761409521,
      "std": 0.024794654920697212,
      "min": -0.11388448625802994,
      "max": 0.09267155826091766,
      "abs_mean": 0.01907281018793583,
      "shape": [
        1664,
        1,
        4
      ],
      "numel": 6656
    },
    "conv1d.bias": {
      "mean": -0.004255439154803753,
      "std": 0.24184656143188477,
      "min": -0.4670867621898651,
      "max": 0.4619653522968292,
      "abs_mean": 0.205411896109581,
      "shape": [
        1664
      ],
      "numel": 1664
    },
    "norm.weight": {
      "mean": 0.8329598903656006,
      "std": 0.050576142966747284,
      "min": 0.7025019526481628,
      "max": 1.0024549961090088,
      "abs_mean": 0.8329598903656006,
      "shape": [
        1536
      ],
      "numel": 1536
    },
    "out_proj.weight": {
      "mean": 7.899374395492487e-06,
      "std": 0.02902335673570633,
      "min": -0.16437894105911255,
      "max": 0.1624760627746582,
      "abs_mean": 0.024138156324625015,
      "shape": [
        768,
        1536
      ],
      "numel": 1179648
    }
  }
}