{
  "meta": {
    "step": 10000,
    "layer_idx": 7,
    "timestamp": "20260325_030533"
  },
  "params": {
    "dt_bias": {
      "mean": -3.6719117164611816,
      "std": 0.9695711135864258,
      "min": -5.08912992477417,
      "max": -1.7748668193817139,
      "abs_mean": 3.6719117164611816,
      "shape": [
        32
      ],
      "numel": 32
    },
    "A_log": {
      "mean": 1.3966145515441895,
      "std": 0.5883868336677551,
      "min": 0.21506771445274353,
      "max": 2.062967538833618,
      "abs_mean": 1.3966145515441895,
      "shape": [
        32
      ],
      "numel": 32
    },
    "D": {
      "mean": 0.7482519745826721,
      "std": 0.015200464054942131,
      "min": 0.7191253304481506,
      "max": 0.7874736189842224,
      "abs_mean": 0.7482519745826721,
      "shape": [
        32
      ],
      "numel": 32
    },
    "in_proj.weight": {
      "mean": 0.00016416779544670135,
      "std": 0.028610602021217346,
      "min": -0.1723887026309967,
      "max": 0.16349361836910248,
      "abs_mean": 0.02279474399983883,
      "shape": [
        4256,
        1024
      ],
      "numel": 4358144
    },
    "conv1d.weight": {
      "mean": 0.00012450560461729765,
      "std": 0.040771495550870895,
      "min": -0.1561332494020462,
      "max": 0.1698920577764511,
      "abs_mean": 0.0333794504404068,
      "shape": [
        2176,
        1,
        4
      ],
      "numel": 8704
    },
    "conv1d.bias": {
      "mean": 0.002280181273818016,
      "std": 0.20214374363422394,
      "min": -0.41667819023132324,
      "max": 0.3871888220310211,
      "abs_mean": 0.17266719043254852,
      "shape": [
        2176
      ],
      "numel": 2176
    },
    "norm.weight": {
      "mean": 0.7375752925872803,
      "std": 0.04811194911599159,
      "min": 0.594440221786499,
      "max": 0.8938494324684143,
      "abs_mean": 0.7375752925872803,
      "shape": [
        2048
      ],
      "numel": 2048
    },
    "out_proj.weight": {
      "mean": -4.994812115910463e-05,
      "std": 0.027717377990484238,
      "min": -0.17191947996616364,
      "max": 0.1574360877275467,
      "abs_mean": 0.022369341924786568,
      "shape": [
        1024,
        2048
      ],
      "numel": 2097152
    }
  }
}