{
  "meta": {
    "step": 2100,
    "layer_idx": 0,
    "timestamp": "20260324_124146"
  },
  "params": {
    "dt_bias": {
      "mean": -4.102307319641113,
      "std": 1.2238132953643799,
      "min": -5.971925735473633,
      "max": -2.203645706176758,
      "abs_mean": 4.102307319641113,
      "shape": [
        24
      ],
      "numel": 24
    },
    "A_log": {
      "mean": 1.636539340019226,
      "std": 0.5136377811431885,
      "min": 0.4528689682483673,
      "max": 2.380574941635132,
      "abs_mean": 1.636539340019226,
      "shape": [
        24
      ],
      "numel": 24
    },
    "D": {
      "mean": 0.8789790272712708,
      "std": 0.05171072483062744,
      "min": 0.7858985662460327,
      "max": 1.0332691669464111,
      "abs_mean": 0.8789790272712708,
      "shape": [
        24
      ],
      "numel": 24
    },
    "in_proj.weight": {
      "mean": -6.691630551358685e-05,
      "std": 0.032166603952646255,
      "min": -0.1654120236635208,
      "max": 0.1606452763080597,
      "abs_mean": 0.025870027020573616,
      "shape": [
        3224,
        768
      ],
      "numel": 2476032
    },
    "conv1d.weight": {
      "mean": -0.00010563138494035229,
      "std": 0.06013350561261177,
      "min": -0.19808530807495117,
      "max": 0.19404084980487823,
      "abs_mean": 0.04580840840935707,
      "shape": [
        1664,
        1,
        4
      ],
      "numel": 6656
    },
    "conv1d.bias": {
      "mean": -0.007709956727921963,
      "std": 0.2301110178232193,
      "min": -0.5190244913101196,
      "max": 0.5189775824546814,
      "abs_mean": 0.20010985434055328,
      "shape": [
        1664
      ],
      "numel": 1664
    },
    "norm.weight": {
      "mean": 0.9314637780189514,
      "std": 0.03201233595609665,
      "min": 0.7549143433570862,
      "max": 1.0258084535598755,
      "abs_mean": 0.9314637780189514,
      "shape": [
        1536
      ],
      "numel": 1536
    },
    "out_proj.weight": {
      "mean": 1.042976145981811e-05,
      "std": 0.035136181861162186,
      "min": -0.16088344156742096,
      "max": 0.15970434248447418,
      "abs_mean": 0.02885943278670311,
      "shape": [
        768,
        1536
      ],
      "numel": 1179648
    }
  }
}