{
  "meta": {
    "step": 1500,
    "layer_idx": 3,
    "timestamp": "20260324_124103"
  },
  "params": {
    "dt_bias": {
      "mean": -3.7018635272979736,
      "std": 1.1042375564575195,
      "min": -6.025230407714844,
      "max": -2.256798028945923,
      "abs_mean": 3.7018635272979736,
      "shape": [
        24
      ],
      "numel": 24
    },
    "A_log": {
      "mean": 1.4276809692382812,
      "std": 0.763042688369751,
      "min": 0.10868775844573975,
      "max": 2.516564130783081,
      "abs_mean": 1.4276809692382812,
      "shape": [
        24
      ],
      "numel": 24
    },
    "D": {
      "mean": 0.9165900349617004,
      "std": 0.014035816304385662,
      "min": 0.898552656173706,
      "max": 0.9459291696548462,
      "abs_mean": 0.9165900349617004,
      "shape": [
        24
      ],
      "numel": 24
    },
    "in_proj.weight": {
      "mean": -2.6545534637989476e-05,
      "std": 0.026296477764844894,
      "min": -0.14300552010536194,
      "max": 0.13661494851112366,
      "abs_mean": 0.021537506952881813,
      "shape": [
        3224,
        768
      ],
      "numel": 2476032
    },
    "conv1d.weight": {
      "mean": 0.00019114621682092547,
      "std": 0.023109139874577522,
      "min": -0.08569958806037903,
      "max": 0.09313290566205978,
      "abs_mean": 0.018564613536000252,
      "shape": [
        1664,
        1,
        4
      ],
      "numel": 6656
    },
    "conv1d.bias": {
      "mean": -0.00046421989100053906,
      "std": 0.251279354095459,
      "min": -0.477789968252182,
      "max": 0.48689988255500793,
      "abs_mean": 0.21390189230442047,
      "shape": [
        1664
      ],
      "numel": 1664
    },
    "norm.weight": {
      "mean": 0.8805798888206482,
      "std": 0.0420696958899498,
      "min": 0.7713583111763,
      "max": 1.0001263618469238,
      "abs_mean": 0.8805798888206482,
      "shape": [
        1536
      ],
      "numel": 1536
    },
    "out_proj.weight": {
      "mean": 3.773635398829356e-05,
      "std": 0.029459748417139053,
      "min": -0.12148934602737427,
      "max": 0.11802445352077484,
      "abs_mean": 0.024744540452957153,
      "shape": [
        768,
        1536
      ],
      "numel": 1179648
    }
  }
}