{
  "meta": {
    "step": 3000,
    "layer_idx": 1,
    "timestamp": "20260324_124247"
  },
  "params": {
    "dt_bias": {
      "mean": -3.8589398860931396,
      "std": 1.1903859376907349,
      "min": -5.938659191131592,
      "max": -2.1073787212371826,
      "abs_mean": 3.8589398860931396,
      "shape": [
        24
      ],
      "numel": 24
    },
    "A_log": {
      "mean": 1.5345605611801147,
      "std": 0.5729344487190247,
      "min": 0.3555181324481964,
      "max": 2.382713556289673,
      "abs_mean": 1.5345605611801147,
      "shape": [
        24
      ],
      "numel": 24
    },
    "D": {
      "mean": 0.8673803210258484,
      "std": 0.025191664695739746,
      "min": 0.824385404586792,
      "max": 0.9184258580207825,
      "abs_mean": 0.8673803210258484,
      "shape": [
        24
      ],
      "numel": 24
    },
    "in_proj.weight": {
      "mean": 1.0529091014177538e-05,
      "std": 0.032841432839632034,
      "min": -0.16359201073646545,
      "max": 0.16868041455745697,
      "abs_mean": 0.02638210728764534,
      "shape": [
        3224,
        768
      ],
      "numel": 2476032
    },
    "conv1d.weight": {
      "mean": 0.00033412378979846835,
      "std": 0.05421871319413185,
      "min": -0.16895435750484467,
      "max": 0.15273888409137726,
      "abs_mean": 0.045021574944257736,
      "shape": [
        1664,
        1,
        4
      ],
      "numel": 6656
    },
    "conv1d.bias": {
      "mean": 0.00375154847279191,
      "std": 0.22635872662067413,
      "min": -0.45922303199768066,
      "max": 0.4605139493942261,
      "abs_mean": 0.19521275162696838,
      "shape": [
        1664
      ],
      "numel": 1664
    },
    "norm.weight": {
      "mean": 0.9746978878974915,
      "std": 0.04553515091538429,
      "min": 0.6604040265083313,
      "max": 1.0747504234313965,
      "abs_mean": 0.9746978878974915,
      "shape": [
        1536
      ],
      "numel": 1536
    },
    "out_proj.weight": {
      "mean": -3.8432095607277006e-05,
      "std": 0.03753466159105301,
      "min": -0.1643412858247757,
      "max": 0.1495390087366104,
      "abs_mean": 0.030554434284567833,
      "shape": [
        768,
        1536
      ],
      "numel": 1179648
    }
  }
}