{
  "meta": {
    "step": 10000,
    "layer_idx": 2,
    "timestamp": "20260325_030533"
  },
  "params": {
    "dt_bias": {
      "mean": -3.587141275405884,
      "std": 0.9141701459884644,
      "min": -4.8618340492248535,
      "max": -1.7181134223937988,
      "abs_mean": 3.587141275405884,
      "shape": [
        32
      ],
      "numel": 32
    },
    "A_log": {
      "mean": 1.3384771347045898,
      "std": 0.49512210488319397,
      "min": 0.27688899636268616,
      "max": 2.006402015686035,
      "abs_mean": 1.3384771347045898,
      "shape": [
        32
      ],
      "numel": 32
    },
    "D": {
      "mean": 0.7402848601341248,
      "std": 0.03901023417711258,
      "min": 0.6011916995048523,
      "max": 0.8057166337966919,
      "abs_mean": 0.7402848601341248,
      "shape": [
        32
      ],
      "numel": 32
    },
    "in_proj.weight": {
      "mean": 5.848275759490207e-05,
      "std": 0.030885066837072372,
      "min": -0.18853193521499634,
      "max": 0.18170437216758728,
      "abs_mean": 0.024651551619172096,
      "shape": [
        4256,
        1024
      ],
      "numel": 4358144
    },
    "conv1d.weight": {
      "mean": -0.0006520827300846577,
      "std": 0.05045649781823158,
      "min": -0.2530602216720581,
      "max": 0.23218968510627747,
      "abs_mean": 0.036679379642009735,
      "shape": [
        2176,
        1,
        4
      ],
      "numel": 8704
    },
    "conv1d.bias": {
      "mean": 0.002623319858685136,
      "std": 0.1910344511270523,
      "min": -0.4196413457393646,
      "max": 0.41091689467430115,
      "abs_mean": 0.1650272160768509,
      "shape": [
        2176
      ],
      "numel": 2176
    },
    "norm.weight": {
      "mean": 0.7847917079925537,
      "std": 0.047657791525125504,
      "min": 0.43824994564056396,
      "max": 0.9795709252357483,
      "abs_mean": 0.7847917079925537,
      "shape": [
        2048
      ],
      "numel": 2048
    },
    "out_proj.weight": {
      "mean": 2.9246184567455202e-05,
      "std": 0.03168618679046631,
      "min": -0.15511083602905273,
      "max": 0.15016381442546844,
      "abs_mean": 0.025430146604776382,
      "shape": [
        1024,
        2048
      ],
      "numel": 2097152
    }
  }
}