{
  "meta": {
    "step": 1500,
    "layer_idx": 13,
    "timestamp": "20260324_124104"
  },
  "params": {
    "dt_bias": {
      "mean": -4.329716205596924,
      "std": 0.9931565523147583,
      "min": -5.8572587966918945,
      "max": -2.3596155643463135,
      "abs_mean": 4.329716205596924,
      "shape": [
        24
      ],
      "numel": 24
    },
    "A_log": {
      "mean": 1.7220134735107422,
      "std": 0.6953439712524414,
      "min": 0.14185373485088348,
      "max": 2.5608675479888916,
      "abs_mean": 1.7220134735107422,
      "shape": [
        24
      ],
      "numel": 24
    },
    "D": {
      "mean": 0.91984623670578,
      "std": 0.009598037227988243,
      "min": 0.903201699256897,
      "max": 0.9387192130088806,
      "abs_mean": 0.91984623670578,
      "shape": [
        24
      ],
      "numel": 24
    },
    "in_proj.weight": {
      "mean": -0.00010370586096541956,
      "std": 0.023627400398254395,
      "min": -0.11742588132619858,
      "max": 0.11756862699985504,
      "abs_mean": 0.019715173169970512,
      "shape": [
        3224,
        768
      ],
      "numel": 2476032
    },
    "conv1d.weight": {
      "mean": 0.00012690915900748223,
      "std": 0.01720435917377472,
      "min": -0.07269670814275742,
      "max": 0.06560090184211731,
      "abs_mean": 0.01336733065545559,
      "shape": [
        1664,
        1,
        4
      ],
      "numel": 6656
    },
    "conv1d.bias": {
      "mean": -0.00853506289422512,
      "std": 0.25725865364074707,
      "min": -0.4992014467716217,
      "max": 0.4864814281463623,
      "abs_mean": 0.21992257237434387,
      "shape": [
        1664
      ],
      "numel": 1664
    },
    "norm.weight": {
      "mean": 0.883291482925415,
      "std": 0.04770833998918533,
      "min": 0.767487645149231,
      "max": 0.9861752390861511,
      "abs_mean": 0.883291482925415,
      "shape": [
        1536
      ],
      "numel": 1536
    },
    "out_proj.weight": {
      "mean": 8.663416338094976e-06,
      "std": 0.02913721650838852,
      "min": -0.11522577702999115,
      "max": 0.11804616451263428,
      "abs_mean": 0.024513930082321167,
      "shape": [
        768,
        1536
      ],
      "numel": 1179648
    }
  }
}