{
  "meta": {
    "step": 2000,
    "layer_idx": 10,
    "timestamp": "20260324_124138"
  },
  "params": {
    "dt_bias": {
      "mean": -4.251762866973877,
      "std": 1.0749151706695557,
      "min": -6.007787227630615,
      "max": -2.155987501144409,
      "abs_mean": 4.251762866973877,
      "shape": [
        24
      ],
      "numel": 24
    },
    "A_log": {
      "mean": 1.952383041381836,
      "std": 0.4268973469734192,
      "min": 0.9246639013290405,
      "max": 2.43291974067688,
      "abs_mean": 1.952383041381836,
      "shape": [
        24
      ],
      "numel": 24
    },
    "D": {
      "mean": 0.8922885060310364,
      "std": 0.01984218694269657,
      "min": 0.8495526313781738,
      "max": 0.9347086548805237,
      "abs_mean": 0.8922885060310364,
      "shape": [
        24
      ],
      "numel": 24
    },
    "in_proj.weight": {
      "mean": -0.00013757440319750458,
      "std": 0.024280225858092308,
      "min": -0.13789109885692596,
      "max": 0.14340928196907043,
      "abs_mean": 0.01995905302464962,
      "shape": [
        3224,
        768
      ],
      "numel": 2476032
    },
    "conv1d.weight": {
      "mean": -4.062373409396969e-05,
      "std": 0.017551925033330917,
      "min": -0.08379503339529037,
      "max": 0.09794416278600693,
      "abs_mean": 0.01342430617660284,
      "shape": [
        1664,
        1,
        4
      ],
      "numel": 6656
    },
    "conv1d.bias": {
      "mean": -0.010002771392464638,
      "std": 0.25179532170295715,
      "min": -0.46796396374702454,
      "max": 0.47442150115966797,
      "abs_mean": 0.21517826616764069,
      "shape": [
        1664
      ],
      "numel": 1664
    },
    "norm.weight": {
      "mean": 0.8467959761619568,
      "std": 0.05811507627367973,
      "min": 0.7075953483581543,
      "max": 0.9754113554954529,
      "abs_mean": 0.8467959761619568,
      "shape": [
        1536
      ],
      "numel": 1536
    },
    "out_proj.weight": {
      "mean": 2.0915071218041703e-05,
      "std": 0.028947455808520317,
      "min": -0.1360352635383606,
      "max": 0.13853329420089722,
      "abs_mean": 0.02416267618536949,
      "shape": [
        768,
        1536
      ],
      "numel": 1179648
    }
  }
}