{
  "meta": {
    "step": 500,
    "layer_idx": 4,
    "timestamp": "20260324_123955"
  },
  "params": {
    "dt_bias": {
      "mean": -4.123385906219482,
      "std": 1.3730741739273071,
      "min": -6.446619033813477,
      "max": -2.265700101852417,
      "abs_mean": 4.123385906219482,
      "shape": [
        24
      ],
      "numel": 24
    },
    "A_log": {
      "mean": 1.8181711435317993,
      "std": 0.5936869978904724,
      "min": 0.7331516742706299,
      "max": 2.628387212753296,
      "abs_mean": 1.8181711435317993,
      "shape": [
        24
      ],
      "numel": 24
    },
    "D": {
      "mean": 0.9729120135307312,
      "std": 0.0054011717438697815,
      "min": 0.9632917642593384,
      "max": 0.9819155335426331,
      "abs_mean": 0.9729120135307312,
      "shape": [
        24
      ],
      "numel": 24
    },
    "in_proj.weight": {
      "mean": -1.1791365068347659e-05,
      "std": 0.023174559697508812,
      "min": -0.09290564060211182,
      "max": 0.08763068169355392,
      "abs_mean": 0.01969933696091175,
      "shape": [
        3224,
        768
      ],
      "numel": 2476032
    },
    "conv1d.weight": {
      "mean": -0.00026971439365297556,
      "std": 0.018221423029899597,
      "min": -0.0505564920604229,
      "max": 0.048076942563056946,
      "abs_mean": 0.015305555425584316,
      "shape": [
        1664,
        1,
        4
      ],
      "numel": 6656
    },
    "conv1d.bias": {
      "mean": -0.005113243591040373,
      "std": 0.27604952454566956,
      "min": -0.4995660185813904,
      "max": 0.4938790500164032,
      "abs_mean": 0.2375335842370987,
      "shape": [
        1664
      ],
      "numel": 1664
    },
    "norm.weight": {
      "mean": 0.958634078502655,
      "std": 0.01852346770465374,
      "min": 0.9110541939735413,
      "max": 1.0030970573425293,
      "abs_mean": 0.958634078502655,
      "shape": [
        1536
      ],
      "numel": 1536
    },
    "out_proj.weight": {
      "mean": 1.4255630048864987e-05,
      "std": 0.029041985049843788,
      "min": -0.07947967946529388,
      "max": 0.08296984434127808,
      "abs_mean": 0.024982964619994164,
      "shape": [
        768,
        1536
      ],
      "numel": 1179648
    }
  }
}