{
  "meta": {
    "step": 1500,
    "layer_idx": 2,
    "timestamp": "20260324_124103"
  },
  "params": {
    "dt_bias": {
      "mean": -4.35746431350708,
      "std": 0.9525983333587646,
      "min": -5.844616413116455,
      "max": -2.1913468837738037,
      "abs_mean": 4.35746431350708,
      "shape": [
        24
      ],
      "numel": 24
    },
    "A_log": {
      "mean": 1.765886664390564,
      "std": 0.6399717926979065,
      "min": 0.537444531917572,
      "max": 2.522334337234497,
      "abs_mean": 1.765886664390564,
      "shape": [
        24
      ],
      "numel": 24
    },
    "D": {
      "mean": 0.9158796668052673,
      "std": 0.011292439885437489,
      "min": 0.8854719996452332,
      "max": 0.93715900182724,
      "abs_mean": 0.9158796668052673,
      "shape": [
        24
      ],
      "numel": 24
    },
    "in_proj.weight": {
      "mean": -5.745059752371162e-06,
      "std": 0.02860255166888237,
      "min": -0.14629870653152466,
      "max": 0.13846731185913086,
      "abs_mean": 0.023223459720611572,
      "shape": [
        3224,
        768
      ],
      "numel": 2476032
    },
    "conv1d.weight": {
      "mean": 1.4768044820812065e-05,
      "std": 0.03111114725470543,
      "min": -0.10344980657100677,
      "max": 0.09407947212457657,
      "abs_mean": 0.025839578360319138,
      "shape": [
        1664,
        1,
        4
      ],
      "numel": 6656
    },
    "conv1d.bias": {
      "mean": 0.012528706341981888,
      "std": 0.2528112828731537,
      "min": -0.4808945059776306,
      "max": 0.4692918360233307,
      "abs_mean": 0.21712245047092438,
      "shape": [
        1664
      ],
      "numel": 1664
    },
    "norm.weight": {
      "mean": 0.9167898297309875,
      "std": 0.024688508361577988,
      "min": 0.8159282207489014,
      "max": 1.019861102104187,
      "abs_mean": 0.9167898297309875,
      "shape": [
        1536
      ],
      "numel": 1536
    },
    "out_proj.weight": {
      "mean": 3.0340122975758277e-05,
      "std": 0.031580377370119095,
      "min": -0.13060086965560913,
      "max": 0.1349358707666397,
      "abs_mean": 0.02623406983911991,
      "shape": [
        768,
        1536
      ],
      "numel": 1179648
    }
  }
}