{
  "meta": {
    "step": 14000,
    "layer_idx": 0,
    "timestamp": "20260325_035954"
  },
  "params": {
    "dt_bias": {
      "mean": -3.4400076866149902,
      "std": 0.892432689666748,
      "min": -4.807246685028076,
      "max": -2.069500207901001,
      "abs_mean": 3.4400076866149902,
      "shape": [
        32
      ],
      "numel": 32
    },
    "A_log": {
      "mean": 1.1760103702545166,
      "std": 0.3565976619720459,
      "min": 0.3506394624710083,
      "max": 1.8011564016342163,
      "abs_mean": 1.1760103702545166,
      "shape": [
        32
      ],
      "numel": 32
    },
    "D": {
      "mean": 0.7087146043777466,
      "std": 0.036814380437135696,
      "min": 0.6515931487083435,
      "max": 0.80534827709198,
      "abs_mean": 0.7087146043777466,
      "shape": [
        32
      ],
      "numel": 32
    },
    "in_proj.weight": {
      "mean": 4.2304811358917505e-05,
      "std": 0.030078871175646782,
      "min": -0.1795223504304886,
      "max": 0.17993366718292236,
      "abs_mean": 0.024063298478722572,
      "shape": [
        4256,
        1024
      ],
      "numel": 4358144
    },
    "conv1d.weight": {
      "mean": 0.000814476516097784,
      "std": 0.06013255566358566,
      "min": -0.20631717145442963,
      "max": 0.2069288045167923,
      "abs_mean": 0.034685030579566956,
      "shape": [
        2176,
        1,
        4
      ],
      "numel": 8704
    },
    "conv1d.bias": {
      "mean": 0.00783959124237299,
      "std": 0.1674889475107193,
      "min": -0.5044036507606506,
      "max": 0.4437881410121918,
      "abs_mean": 0.14266075193881989,
      "shape": [
        2176
      ],
      "numel": 2176
    },
    "norm.weight": {
      "mean": 0.6632989645004272,
      "std": 0.059682704508304596,
      "min": 0.3682915270328522,
      "max": 0.7946606874465942,
      "abs_mean": 0.6632989645004272,
      "shape": [
        2048
      ],
      "numel": 2048
    },
    "out_proj.weight": {
      "mean": -1.711560253170319e-05,
      "std": 0.028532439842820168,
      "min": -0.16390395164489746,
      "max": 0.1369943618774414,
      "abs_mean": 0.023067360743880272,
      "shape": [
        1024,
        2048
      ],
      "numel": 2097152
    }
  }
}