{
  "meta": {
    "step": 1500,
    "layer_idx": 6,
    "timestamp": "20260324_124103"
  },
  "params": {
    "dt_bias": {
      "mean": -3.9982330799102783,
      "std": 1.0832386016845703,
      "min": -6.233072757720947,
      "max": -2.4376182556152344,
      "abs_mean": 3.9982330799102783,
      "shape": [
        24
      ],
      "numel": 24
    },
    "A_log": {
      "mean": 1.9944854974746704,
      "std": 0.5574376583099365,
      "min": 0.3599500358104706,
      "max": 2.530360221862793,
      "abs_mean": 1.9944854974746704,
      "shape": [
        24
      ],
      "numel": 24
    },
    "D": {
      "mean": 0.9177892208099365,
      "std": 0.014786246232688427,
      "min": 0.8870664834976196,
      "max": 0.9488669037818909,
      "abs_mean": 0.9177892208099365,
      "shape": [
        24
      ],
      "numel": 24
    },
    "in_proj.weight": {
      "mean": -8.03309230832383e-05,
      "std": 0.024608319625258446,
      "min": -0.12989355623722076,
      "max": 0.11501959711313248,
      "abs_mean": 0.020350860431790352,
      "shape": [
        3224,
        768
      ],
      "numel": 2476032
    },
    "conv1d.weight": {
      "mean": -9.060006414074451e-05,
      "std": 0.01791229657828808,
      "min": -0.07663936167955399,
      "max": 0.06269130855798721,
      "abs_mean": 0.014050846919417381,
      "shape": [
        1664,
        1,
        4
      ],
      "numel": 6656
    },
    "conv1d.bias": {
      "mean": -0.0031073333229869604,
      "std": 0.2570447027683258,
      "min": -0.48650553822517395,
      "max": 0.4700401723384857,
      "abs_mean": 0.22072456777095795,
      "shape": [
        1664
      ],
      "numel": 1664
    },
    "norm.weight": {
      "mean": 0.8776359558105469,
      "std": 0.04522671177983284,
      "min": 0.7696914076805115,
      "max": 0.9687860012054443,
      "abs_mean": 0.8776359558105469,
      "shape": [
        1536
      ],
      "numel": 1536
    },
    "out_proj.weight": {
      "mean": 2.836033127096016e-05,
      "std": 0.028807414695620537,
      "min": -0.11629007011651993,
      "max": 0.1186000257730484,
      "abs_mean": 0.0242898128926754,
      "shape": [
        768,
        1536
      ],
      "numel": 1179648
    }
  }
}