{
  "meta": {
    "step": 1000,
    "layer_idx": 1,
    "timestamp": "20260324_124030"
  },
  "params": {
    "dt_bias": {
      "mean": -4.171685695648193,
      "std": 1.2939029932022095,
      "min": -6.425524711608887,
      "max": -2.2748935222625732,
      "abs_mean": 4.171685695648193,
      "shape": [
        24
      ],
      "numel": 24
    },
    "A_log": {
      "mean": 1.7494581937789917,
      "std": 0.6346489787101746,
      "min": 0.3628605604171753,
      "max": 2.561371088027954,
      "abs_mean": 1.7494581937789917,
      "shape": [
        24
      ],
      "numel": 24
    },
    "D": {
      "mean": 0.9446678161621094,
      "std": 0.010136950761079788,
      "min": 0.9288936257362366,
      "max": 0.9632054567337036,
      "abs_mean": 0.9446678161621094,
      "shape": [
        24
      ],
      "numel": 24
    },
    "in_proj.weight": {
      "mean": 2.2307598555926234e-05,
      "std": 0.02789599820971489,
      "min": -0.12742827832698822,
      "max": 0.11453694850206375,
      "abs_mean": 0.02280164137482643,
      "shape": [
        3224,
        768
      ],
      "numel": 2476032
    },
    "conv1d.weight": {
      "mean": 0.00013728511112276465,
      "std": 0.03424757719039917,
      "min": -0.10974206775426865,
      "max": 0.10796372592449188,
      "abs_mean": 0.028053971007466316,
      "shape": [
        1664,
        1,
        4
      ],
      "numel": 6656
    },
    "conv1d.bias": {
      "mean": 0.004615199752151966,
      "std": 0.26716235280036926,
      "min": -0.4932359755039215,
      "max": 0.4890907406806946,
      "abs_mean": 0.23144197463989258,
      "shape": [
        1664
      ],
      "numel": 1664
    },
    "norm.weight": {
      "mean": 0.9629825949668884,
      "std": 0.018928207457065582,
      "min": 0.8938610553741455,
      "max": 1.0268059968948364,
      "abs_mean": 0.9629825949668884,
      "shape": [
        1536
      ],
      "numel": 1536
    },
    "out_proj.weight": {
      "mean": -9.757472071214579e-06,
      "std": 0.0320599190890789,
      "min": -0.13215388357639313,
      "max": 0.12320588529109955,
      "abs_mean": 0.026793036609888077,
      "shape": [
        768,
        1536
      ],
      "numel": 1179648
    }
  }
}