{
  "meta": {
    "step": 900,
    "layer_idx": 0,
    "timestamp": "20260324_124020"
  },
  "params": {
    "dt_bias": {
      "mean": -4.325793743133545,
      "std": 1.323158621788025,
      "min": -6.397502422332764,
      "max": -2.313565254211426,
      "abs_mean": 4.325793743133545,
      "shape": [
        24
      ],
      "numel": 24
    },
    "A_log": {
      "mean": 1.7979661226272583,
      "std": 0.5724981427192688,
      "min": 0.42107248306274414,
      "max": 2.5620410442352295,
      "abs_mean": 1.7979661226272583,
      "shape": [
        24
      ],
      "numel": 24
    },
    "D": {
      "mean": 0.9414398670196533,
      "std": 0.029138434678316116,
      "min": 0.8886330723762512,
      "max": 1.0156859159469604,
      "abs_mean": 0.9414398670196533,
      "shape": [
        24
      ],
      "numel": 24
    },
    "in_proj.weight": {
      "mean": -5.043701457907446e-05,
      "std": 0.028330102562904358,
      "min": -0.12971170246601105,
      "max": 0.1265050321817398,
      "abs_mean": 0.023073548451066017,
      "shape": [
        3224,
        768
      ],
      "numel": 2476032
    },
    "conv1d.weight": {
      "mean": 0.00021595731959678233,
      "std": 0.044568195939064026,
      "min": -0.1645779013633728,
      "max": 0.17769722640514374,
      "abs_mean": 0.03326317295432091,
      "shape": [
        1664,
        1,
        4
      ],
      "numel": 6656
    },
    "conv1d.bias": {
      "mean": -0.008656921796500683,
      "std": 0.2632444500923157,
      "min": -0.5048288106918335,
      "max": 0.5111792683601379,
      "abs_mean": 0.22858841717243195,
      "shape": [
        1664
      ],
      "numel": 1664
    },
    "norm.weight": {
      "mean": 0.9570052027702332,
      "std": 0.024268487468361855,
      "min": 0.8887723088264465,
      "max": 1.0476912260055542,
      "abs_mean": 0.9570052027702332,
      "shape": [
        1536
      ],
      "numel": 1536
    },
    "out_proj.weight": {
      "mean": 1.155422069132328e-05,
      "std": 0.031781040132045746,
      "min": -0.12499518692493439,
      "max": 0.1305226981639862,
      "abs_mean": 0.026612810790538788,
      "shape": [
        768,
        1536
      ],
      "numel": 1179648
    }
  }
}