{
  "meta": {
    "step": 2000,
    "layer_idx": 12,
    "timestamp": "20260324_124138"
  },
  "params": {
    "dt_bias": {
      "mean": -4.149597644805908,
      "std": 1.3802133798599243,
      "min": -6.005253314971924,
      "max": -2.2467925548553467,
      "abs_mean": 4.149597644805908,
      "shape": [
        24
      ],
      "numel": 24
    },
    "A_log": {
      "mean": 1.8272775411605835,
      "std": 0.6400850415229797,
      "min": 0.2543807029724121,
      "max": 2.431288957595825,
      "abs_mean": 1.8272775411605835,
      "shape": [
        24
      ],
      "numel": 24
    },
    "D": {
      "mean": 0.8900205492973328,
      "std": 0.02305941842496395,
      "min": 0.841099739074707,
      "max": 0.9483335614204407,
      "abs_mean": 0.8900205492973328,
      "shape": [
        24
      ],
      "numel": 24
    },
    "in_proj.weight": {
      "mean": -8.259838068624958e-05,
      "std": 0.023734070360660553,
      "min": -0.13075831532478333,
      "max": 0.1396242082118988,
      "abs_mean": 0.019630499184131622,
      "shape": [
        3224,
        768
      ],
      "numel": 2476032
    },
    "conv1d.weight": {
      "mean": -0.0007914859452284873,
      "std": 0.017533112317323685,
      "min": -0.07828585058450699,
      "max": 0.10446274280548096,
      "abs_mean": 0.013294601812958717,
      "shape": [
        1664,
        1,
        4
      ],
      "numel": 6656
    },
    "conv1d.bias": {
      "mean": -0.009205306880176067,
      "std": 0.2531905770301819,
      "min": -0.48624661564826965,
      "max": 0.48151955008506775,
      "abs_mean": 0.21699872612953186,
      "shape": [
        1664
      ],
      "numel": 1664
    },
    "norm.weight": {
      "mean": 0.8524073958396912,
      "std": 0.060691870748996735,
      "min": 0.7152888178825378,
      "max": 0.994031548500061,
      "abs_mean": 0.8524073958396912,
      "shape": [
        1536
      ],
      "numel": 1536
    },
    "out_proj.weight": {
      "mean": 7.548058420070447e-06,
      "std": 0.029112590476870537,
      "min": -0.13497799634933472,
      "max": 0.13412955403327942,
      "abs_mean": 0.024270761758089066,
      "shape": [
        768,
        1536
      ],
      "numel": 1179648
    }
  }
}