{
  "meta": {
    "step": 2000,
    "layer_idx": 0,
    "timestamp": "20260324_215613"
  },
  "params": {
    "dt_bias": {
      "mean": -3.945568084716797,
      "std": 1.1564970016479492,
      "min": -5.531510829925537,
      "max": -2.0908095836639404,
      "abs_mean": 3.945568084716797,
      "shape": [
        24
      ],
      "numel": 24
    },
    "A_log": {
      "mean": 1.5443717241287231,
      "std": 0.6815109848976135,
      "min": 0.37790530920028687,
      "max": 2.3111653327941895,
      "abs_mean": 1.5443717241287231,
      "shape": [
        24
      ],
      "numel": 24
    },
    "D": {
      "mean": 0.8860416412353516,
      "std": 0.05833413079380989,
      "min": 0.7917305827140808,
      "max": 1.0345898866653442,
      "abs_mean": 0.8860416412353516,
      "shape": [
        24
      ],
      "numel": 24
    },
    "in_proj.weight": {
      "mean": -1.8829556211130694e-05,
      "std": 0.0324588380753994,
      "min": -0.1537676304578781,
      "max": 0.17482337355613708,
      "abs_mean": 0.026051294058561325,
      "shape": [
        3224,
        768
      ],
      "numel": 2476032
    },
    "conv1d.weight": {
      "mean": -0.0005838974029757082,
      "std": 0.061760492622852325,
      "min": -0.2254609912633896,
      "max": 0.22998608648777008,
      "abs_mean": 0.03702764958143234,
      "shape": [
        1664,
        1,
        4
      ],
      "numel": 6656
    },
    "conv1d.bias": {
      "mean": 0.0058672185987234116,
      "std": 0.22407765686511993,
      "min": -0.4893281161785126,
      "max": 0.5237852334976196,
      "abs_mean": 0.19502690434455872,
      "shape": [
        1664
      ],
      "numel": 1664
    },
    "norm.weight": {
      "mean": 0.9137101173400879,
      "std": 0.03297548368573189,
      "min": 0.7528800964355469,
      "max": 1.0056034326553345,
      "abs_mean": 0.9137101173400879,
      "shape": [
        1536
      ],
      "numel": 1536
    },
    "out_proj.weight": {
      "mean": -3.586963430279866e-06,
      "std": 0.034386903047561646,
      "min": -0.16465699672698975,
      "max": 0.14142043888568878,
      "abs_mean": 0.028165718540549278,
      "shape": [
        768,
        1536
      ],
      "numel": 1179648
    }
  }
}