{
  "meta": {
    "step": 5000,
    "layer_idx": 10,
    "timestamp": "20260325_015736"
  },
  "params": {
    "dt_bias": {
      "mean": -3.6443862915039062,
      "std": 1.2157691717147827,
      "min": -5.599451065063477,
      "max": -2.0229172706604004,
      "abs_mean": 3.6443862915039062,
      "shape": [
        32
      ],
      "numel": 32
    },
    "A_log": {
      "mean": 1.5791791677474976,
      "std": 0.5836151242256165,
      "min": 0.44894421100616455,
      "max": 2.359907388687134,
      "abs_mean": 1.5791791677474976,
      "shape": [
        32
      ],
      "numel": 32
    },
    "D": {
      "mean": 0.8332943916320801,
      "std": 0.012884017080068588,
      "min": 0.8011806011199951,
      "max": 0.8609378933906555,
      "abs_mean": 0.8332943916320801,
      "shape": [
        32
      ],
      "numel": 32
    },
    "in_proj.weight": {
      "mean": 8.161849109455943e-05,
      "std": 0.02143823727965355,
      "min": -0.1901482492685318,
      "max": 0.21653787791728973,
      "abs_mean": 0.01741870306432247,
      "shape": [
        4256,
        1024
      ],
      "numel": 4358144
    },
    "conv1d.weight": {
      "mean": 0.00014972685312386602,
      "std": 0.021604927256703377,
      "min": -0.12176721543073654,
      "max": 0.12701313197612762,
      "abs_mean": 0.017145685851573944,
      "shape": [
        2176,
        1,
        4
      ],
      "numel": 8704
    },
    "conv1d.bias": {
      "mean": 0.00048396713100373745,
      "std": 0.2285577654838562,
      "min": -0.4458991289138794,
      "max": 0.45494329929351807,
      "abs_mean": 0.19522589445114136,
      "shape": [
        2176
      ],
      "numel": 2176
    },
    "norm.weight": {
      "mean": 0.7911356091499329,
      "std": 0.04224691540002823,
      "min": 0.6591552495956421,
      "max": 0.9544868469238281,
      "abs_mean": 0.7911356091499329,
      "shape": [
        2048
      ],
      "numel": 2048
    },
    "out_proj.weight": {
      "mean": 2.4767668946878985e-06,
      "std": 0.023329518735408783,
      "min": -0.11135973036289215,
      "max": 0.1075531616806984,
      "abs_mean": 0.019509322941303253,
      "shape": [
        1024,
        2048
      ],
      "numel": 2097152
    }
  }
}