{
  "meta": {
    "step": 1500,
    "layer_idx": 15,
    "timestamp": "20260324_124104"
  },
  "params": {
    "dt_bias": {
      "mean": -4.015304088592529,
      "std": 1.3216646909713745,
      "min": -6.310818195343018,
      "max": -2.1972904205322266,
      "abs_mean": 4.015304088592529,
      "shape": [
        24
      ],
      "numel": 24
    },
    "A_log": {
      "mean": 1.9480217695236206,
      "std": 0.48997047543525696,
      "min": 0.4796670377254486,
      "max": 2.5037055015563965,
      "abs_mean": 1.9480217695236206,
      "shape": [
        24
      ],
      "numel": 24
    },
    "D": {
      "mean": 0.9156954884529114,
      "std": 0.016482610255479813,
      "min": 0.8760008215904236,
      "max": 0.9373418688774109,
      "abs_mean": 0.9156954884529114,
      "shape": [
        24
      ],
      "numel": 24
    },
    "in_proj.weight": {
      "mean": -9.473878162680194e-05,
      "std": 0.023342059925198555,
      "min": -0.11005019396543503,
      "max": 0.10687121748924255,
      "abs_mean": 0.019523266702890396,
      "shape": [
        3224,
        768
      ],
      "numel": 2476032
    },
    "conv1d.weight": {
      "mean": 0.00011231284588575363,
      "std": 0.017316989600658417,
      "min": -0.06602983176708221,
      "max": 0.08326464891433716,
      "abs_mean": 0.013301530852913857,
      "shape": [
        1664,
        1,
        4
      ],
      "numel": 6656
    },
    "conv1d.bias": {
      "mean": -0.010052887722849846,
      "std": 0.2581326961517334,
      "min": -0.4865214228630066,
      "max": 0.48619645833969116,
      "abs_mean": 0.21956993639469147,
      "shape": [
        1664
      ],
      "numel": 1664
    },
    "norm.weight": {
      "mean": 0.8851063847541809,
      "std": 0.04809776321053505,
      "min": 0.7610382437705994,
      "max": 1.000170111656189,
      "abs_mean": 0.8851063847541809,
      "shape": [
        1536
      ],
      "numel": 1536
    },
    "out_proj.weight": {
      "mean": 3.308820305392146e-05,
      "std": 0.02924722619354725,
      "min": -0.11156920343637466,
      "max": 0.11166123300790787,
      "abs_mean": 0.02459155209362507,
      "shape": [
        768,
        1536
      ],
      "numel": 1179648
    }
  }
}