{
  "meta": {
    "step": 2500,
    "layer_idx": 12,
    "timestamp": "20260324_124213"
  },
  "params": {
    "dt_bias": {
      "mean": -4.070456504821777,
      "std": 1.355994701385498,
      "min": -5.891089916229248,
      "max": -2.1945204734802246,
      "abs_mean": 4.070456504821777,
      "shape": [
        24
      ],
      "numel": 24
    },
    "A_log": {
      "mean": 1.785623550415039,
      "std": 0.6277819871902466,
      "min": 0.24183793365955353,
      "max": 2.4037559032440186,
      "abs_mean": 1.785623550415039,
      "shape": [
        24
      ],
      "numel": 24
    },
    "D": {
      "mean": 0.8695767521858215,
      "std": 0.02523995190858841,
      "min": 0.8255597352981567,
      "max": 0.9379374980926514,
      "abs_mean": 0.8695767521858215,
      "shape": [
        24
      ],
      "numel": 24
    },
    "in_proj.weight": {
      "mean": -9.570246038492769e-05,
      "std": 0.024021638557314873,
      "min": -0.16398005187511444,
      "max": 0.19552218914031982,
      "abs_mean": 0.019702263176441193,
      "shape": [
        3224,
        768
      ],
      "numel": 2476032
    },
    "conv1d.weight": {
      "mean": -0.0007532889721915126,
      "std": 0.01815849542617798,
      "min": -0.08408604562282562,
      "max": 0.11502349376678467,
      "abs_mean": 0.013645087368786335,
      "shape": [
        1664,
        1,
        4
      ],
      "numel": 6656
    },
    "conv1d.bias": {
      "mean": -0.008689673617482185,
      "std": 0.24724030494689941,
      "min": -0.4839325249195099,
      "max": 0.4833260774612427,
      "abs_mean": 0.21119405329227448,
      "shape": [
        1664
      ],
      "numel": 1664
    },
    "norm.weight": {
      "mean": 0.8271949291229248,
      "std": 0.06748732924461365,
      "min": 0.6665583848953247,
      "max": 0.9763524532318115,
      "abs_mean": 0.8271949291229248,
      "shape": [
        1536
      ],
      "numel": 1536
    },
    "out_proj.weight": {
      "mean": 6.650959676335333e-06,
      "std": 0.029011357575654984,
      "min": -0.15634240210056305,
      "max": 0.1545693725347519,
      "abs_mean": 0.024032840505242348,
      "shape": [
        768,
        1536
      ],
      "numel": 1179648
    }
  }
}