{
  "meta": {
    "step": 5000,
    "layer_idx": 1,
    "timestamp": "20260324_220629"
  },
  "params": {
    "dt_bias": {
      "mean": -3.447408437728882,
      "std": 1.0280050039291382,
      "min": -5.08035135269165,
      "max": -1.834911823272705,
      "abs_mean": 3.447408437728882,
      "shape": [
        24
      ],
      "numel": 24
    },
    "A_log": {
      "mean": 1.35309636592865,
      "std": 0.5890306234359741,
      "min": 0.2292899340391159,
      "max": 2.1276910305023193,
      "abs_mean": 1.35309636592865,
      "shape": [
        24
      ],
      "numel": 24
    },
    "D": {
      "mean": 0.7819652557373047,
      "std": 0.029082931578159332,
      "min": 0.7135869264602661,
      "max": 0.830417275428772,
      "abs_mean": 0.7819652557373047,
      "shape": [
        24
      ],
      "numel": 24
    },
    "in_proj.weight": {
      "mean": -0.00011448383156675845,
      "std": 0.03747732564806938,
      "min": -0.2341632843017578,
      "max": 0.22948326170444489,
      "abs_mean": 0.0298993568867445,
      "shape": [
        3224,
        768
      ],
      "numel": 2476032
    },
    "conv1d.weight": {
      "mean": 0.00037127587711438537,
      "std": 0.058291491121053696,
      "min": -0.196393221616745,
      "max": 0.23796191811561584,
      "abs_mean": 0.040824197232723236,
      "shape": [
        1664,
        1,
        4
      ],
      "numel": 6656
    },
    "conv1d.bias": {
      "mean": 0.0036269151605665684,
      "std": 0.2083430141210556,
      "min": -0.39854660630226135,
      "max": 0.5000244379043579,
      "abs_mean": 0.181629478931427,
      "shape": [
        1664
      ],
      "numel": 1664
    },
    "norm.weight": {
      "mean": 0.8607954978942871,
      "std": 0.06030287966132164,
      "min": 0.5512062311172485,
      "max": 0.9998006224632263,
      "abs_mean": 0.8607954978942871,
      "shape": [
        1536
      ],
      "numel": 1536
    },
    "out_proj.weight": {
      "mean": 6.566174852196127e-05,
      "std": 0.038644447922706604,
      "min": -0.18633639812469482,
      "max": 0.19173939526081085,
      "abs_mean": 0.03100169636309147,
      "shape": [
        768,
        1536
      ],
      "numel": 1179648
    }
  }
}