{
  "meta": {
    "step": 3000,
    "layer_idx": 4,
    "timestamp": "20260324_124247"
  },
  "params": {
    "dt_bias": {
      "mean": -3.689296007156372,
      "std": 1.2266374826431274,
      "min": -5.755178928375244,
      "max": -1.990078330039978,
      "abs_mean": 3.689296007156372,
      "shape": [
        24
      ],
      "numel": 24
    },
    "A_log": {
      "mean": 1.605146884918213,
      "std": 0.5218707323074341,
      "min": 0.6820258498191833,
      "max": 2.325974225997925,
      "abs_mean": 1.605146884918213,
      "shape": [
        24
      ],
      "numel": 24
    },
    "D": {
      "mean": 0.8661115765571594,
      "std": 0.012667196802794933,
      "min": 0.8485207557678223,
      "max": 0.8994377851486206,
      "abs_mean": 0.8661115765571594,
      "shape": [
        24
      ],
      "numel": 24
    },
    "in_proj.weight": {
      "mean": -4.971352609572932e-05,
      "std": 0.026676641777157784,
      "min": -0.14455163478851318,
      "max": 0.1504109650850296,
      "abs_mean": 0.02157089300453663,
      "shape": [
        3224,
        768
      ],
      "numel": 2476032
    },
    "conv1d.weight": {
      "mean": -0.00022472161799669266,
      "std": 0.02772527188062668,
      "min": -0.13221389055252075,
      "max": 0.1202525794506073,
      "abs_mean": 0.02111722342669964,
      "shape": [
        1664,
        1,
        4
      ],
      "numel": 6656
    },
    "conv1d.bias": {
      "mean": -0.003940293565392494,
      "std": 0.23720362782478333,
      "min": -0.4703044593334198,
      "max": 0.4571852684020996,
      "abs_mean": 0.20125092566013336,
      "shape": [
        1664
      ],
      "numel": 1664
    },
    "norm.weight": {
      "mean": 0.8201417326927185,
      "std": 0.05371720716357231,
      "min": 0.685128927230835,
      "max": 1.009240746498108,
      "abs_mean": 0.8201417326927185,
      "shape": [
        1536
      ],
      "numel": 1536
    },
    "out_proj.weight": {
      "mean": 1.791131762729492e-05,
      "std": 0.029128573834896088,
      "min": -0.1770724654197693,
      "max": 0.17684365808963776,
      "abs_mean": 0.024125730618834496,
      "shape": [
        768,
        1536
      ],
      "numel": 1179648
    }
  }
}