{
  "meta": {
    "step": 3000,
    "layer_idx": 6,
    "timestamp": "20260324_124247"
  },
  "params": {
    "dt_bias": {
      "mean": -3.7783286571502686,
      "std": 1.0319287776947021,
      "min": -5.902040481567383,
      "max": -2.309617280960083,
      "abs_mean": 3.7783286571502686,
      "shape": [
        24
      ],
      "numel": 24
    },
    "A_log": {
      "mean": 1.8947070837020874,
      "std": 0.5356932282447815,
      "min": 0.3173140585422516,
      "max": 2.423478841781616,
      "abs_mean": 1.8947070837020874,
      "shape": [
        24
      ],
      "numel": 24
    },
    "D": {
      "mean": 0.8588482737541199,
      "std": 0.021530725061893463,
      "min": 0.8115156888961792,
      "max": 0.9090765118598938,
      "abs_mean": 0.8588482737541199,
      "shape": [
        24
      ],
      "numel": 24
    },
    "in_proj.weight": {
      "mean": -9.009100904222578e-05,
      "std": 0.025959795340895653,
      "min": -0.16091452538967133,
      "max": 0.15479426085948944,
      "abs_mean": 0.02101714350283146,
      "shape": [
        3224,
        768
      ],
      "numel": 2476032
    },
    "conv1d.weight": {
      "mean": -8.25405732030049e-05,
      "std": 0.02338309772312641,
      "min": -0.09038365632295609,
      "max": 0.09442353248596191,
      "abs_mean": 0.018275000154972076,
      "shape": [
        1664,
        1,
        4
      ],
      "numel": 6656
    },
    "conv1d.bias": {
      "mean": -0.0025267244782298803,
      "std": 0.23701249063014984,
      "min": -0.45137104392051697,
      "max": 0.43434613943099976,
      "abs_mean": 0.20169904828071594,
      "shape": [
        1664
      ],
      "numel": 1664
    },
    "norm.weight": {
      "mean": 0.8098807334899902,
      "std": 0.05399058759212494,
      "min": 0.6838377118110657,
      "max": 0.9294533729553223,
      "abs_mean": 0.8098807334899902,
      "shape": [
        1536
      ],
      "numel": 1536
    },
    "out_proj.weight": {
      "mean": 2.5696668672026135e-05,
      "std": 0.028604216873645782,
      "min": -0.1793907880783081,
      "max": 0.17527374625205994,
      "abs_mean": 0.02368096634745598,
      "shape": [
        768,
        1536
      ],
      "numel": 1179648
    }
  }
}