{
  "meta": {
    "step": 4500,
    "layer_idx": 4,
    "timestamp": "20260324_124435"
  },
  "params": {
    "dt_bias": {
      "mean": -3.6079156398773193,
      "std": 1.2002079486846924,
      "min": -5.6269073486328125,
      "max": -1.9425524473190308,
      "abs_mean": 3.6079156398773193,
      "shape": [
        24
      ],
      "numel": 24
    },
    "A_log": {
      "mean": 1.559256911277771,
      "std": 0.5018478631973267,
      "min": 0.6828575730323792,
      "max": 2.2584176063537598,
      "abs_mean": 1.559256911277771,
      "shape": [
        24
      ],
      "numel": 24
    },
    "D": {
      "mean": 0.8453479409217834,
      "std": 0.015964969992637634,
      "min": 0.8267990350723267,
      "max": 0.878278374671936,
      "abs_mean": 0.8453479409217834,
      "shape": [
        24
      ],
      "numel": 24
    },
    "in_proj.weight": {
      "mean": -3.587797982618213e-05,
      "std": 0.027169883251190186,
      "min": -0.15643368661403656,
      "max": 0.15656928718090057,
      "abs_mean": 0.02187446318566799,
      "shape": [
        3224,
        768
      ],
      "numel": 2476032
    },
    "conv1d.weight": {
      "mean": -0.00021415131050162017,
      "std": 0.03441506624221802,
      "min": -0.15205463767051697,
      "max": 0.19238193333148956,
      "abs_mean": 0.025975516065955162,
      "shape": [
        1664,
        1,
        4
      ],
      "numel": 6656
    },
    "conv1d.bias": {
      "mean": -0.0026021995581686497,
      "std": 0.23023150861263275,
      "min": -0.45596078038215637,
      "max": 0.4507870376110077,
      "abs_mean": 0.19521158933639526,
      "shape": [
        1664
      ],
      "numel": 1664
    },
    "norm.weight": {
      "mean": 0.8081712126731873,
      "std": 0.05776524543762207,
      "min": 0.6678288578987122,
      "max": 1.060807704925537,
      "abs_mean": 0.8081712126731873,
      "shape": [
        1536
      ],
      "numel": 1536
    },
    "out_proj.weight": {
      "mean": 1.0376190402894281e-05,
      "std": 0.029232384636998177,
      "min": -0.1865183711051941,
      "max": 0.18852627277374268,
      "abs_mean": 0.024109521880745888,
      "shape": [
        768,
        1536
      ],
      "numel": 1179648
    }
  }
}