{
  "meta": {
    "step": 8000,
    "layer_idx": 0,
    "timestamp": "20260325_023823"
  },
  "params": {
    "dt_bias": {
      "mean": -3.644097328186035,
      "std": 0.9502597451210022,
      "min": -5.131616592407227,
      "max": -2.19792103767395,
      "abs_mean": 3.644097328186035,
      "shape": [
        32
      ],
      "numel": 32
    },
    "A_log": {
      "mean": 1.2675225734710693,
      "std": 0.37974902987480164,
      "min": 0.3917960822582245,
      "max": 1.9407641887664795,
      "abs_mean": 1.2675225734710693,
      "shape": [
        32
      ],
      "numel": 32
    },
    "D": {
      "mean": 0.7583020329475403,
      "std": 0.03928634524345398,
      "min": 0.6928296089172363,
      "max": 0.8684088587760925,
      "abs_mean": 0.7583020329475403,
      "shape": [
        32
      ],
      "numel": 32
    },
    "in_proj.weight": {
      "mean": 4.945374166709371e-05,
      "std": 0.03054814599454403,
      "min": -0.17782904207706451,
      "max": 0.17991939187049866,
      "abs_mean": 0.024451393634080887,
      "shape": [
        4256,
        1024
      ],
      "numel": 4358144
    },
    "conv1d.weight": {
      "mean": 0.0007425858057104051,
      "std": 0.060991499572992325,
      "min": -0.21316078305244446,
      "max": 0.21754972636699677,
      "abs_mean": 0.03501847758889198,
      "shape": [
        2176,
        1,
        4
      ],
      "numel": 8704
    },
    "conv1d.bias": {
      "mean": 0.00798716675490141,
      "std": 0.18382933735847473,
      "min": -0.5166708827018738,
      "max": 0.4703201353549957,
      "abs_mean": 0.15715226531028748,
      "shape": [
        2176
      ],
      "numel": 2176
    },
    "norm.weight": {
      "mean": 0.7162672281265259,
      "std": 0.05822271108627319,
      "min": 0.4342860281467438,
      "max": 0.8509876132011414,
      "abs_mean": 0.7162672281265259,
      "shape": [
        2048
      ],
      "numel": 2048
    },
    "out_proj.weight": {
      "mean": -2.068435787805356e-05,
      "std": 0.029254766181111336,
      "min": -0.14988745748996735,
      "max": 0.1379963904619217,
      "abs_mean": 0.023704294115304947,
      "shape": [
        1024,
        2048
      ],
      "numel": 2097152
    }
  }
}