{
  "meta": {
    "step": 2500,
    "layer_idx": 12,
    "timestamp": "20260324_215749"
  },
  "params": {
    "dt_bias": {
      "mean": -4.385512828826904,
      "std": 1.1463624238967896,
      "min": -5.921837329864502,
      "max": -2.192343235015869,
      "abs_mean": 4.385512828826904,
      "shape": [
        24
      ],
      "numel": 24
    },
    "A_log": {
      "mean": 1.65740966796875,
      "std": 0.6029248833656311,
      "min": 0.09083826094865799,
      "max": 2.351388931274414,
      "abs_mean": 1.65740966796875,
      "shape": [
        24
      ],
      "numel": 24
    },
    "D": {
      "mean": 0.8663609623908997,
      "std": 0.022071609273552895,
      "min": 0.8202846050262451,
      "max": 0.8956990838050842,
      "abs_mean": 0.8663609623908997,
      "shape": [
        24
      ],
      "numel": 24
    },
    "in_proj.weight": {
      "mean": -2.4226685127359815e-05,
      "std": 0.02370215393602848,
      "min": -0.13941490650177002,
      "max": 0.1319359540939331,
      "abs_mean": 0.019551865756511688,
      "shape": [
        3224,
        768
      ],
      "numel": 2476032
    },
    "conv1d.weight": {
      "mean": -0.00042118786950595677,
      "std": 0.018244069069623947,
      "min": -0.07667778432369232,
      "max": 0.06777181476354599,
      "abs_mean": 0.014100972563028336,
      "shape": [
        1664,
        1,
        4
      ],
      "numel": 6656
    },
    "conv1d.bias": {
      "mean": 0.0049334121868014336,
      "std": 0.24116960167884827,
      "min": -0.4697810411453247,
      "max": 0.4515779912471771,
      "abs_mean": 0.20612813532352448,
      "shape": [
        1664
      ],
      "numel": 1664
    },
    "norm.weight": {
      "mean": 0.8316707015037537,
      "std": 0.04322193190455437,
      "min": 0.7325275540351868,
      "max": 0.9305106401443481,
      "abs_mean": 0.8316707015037537,
      "shape": [
        1536
      ],
      "numel": 1536
    },
    "out_proj.weight": {
      "mean": 1.6416954167652875e-05,
      "std": 0.028013192117214203,
      "min": -0.09517849236726761,
      "max": 0.09702332317829132,
      "abs_mean": 0.023470450192689896,
      "shape": [
        768,
        1536
      ],
      "numel": 1179648
    }
  }
}