{
  "meta": {
    "step": 3500,
    "layer_idx": 7,
    "timestamp": "20260324_124320"
  },
  "params": {
    "dt_bias": {
      "mean": -3.969778299331665,
      "std": 1.390541434288025,
      "min": -5.891209602355957,
      "max": -2.199155569076538,
      "abs_mean": 3.969778299331665,
      "shape": [
        24
      ],
      "numel": 24
    },
    "A_log": {
      "mean": 1.6152000427246094,
      "std": 0.6629603505134583,
      "min": 0.22078950703144073,
      "max": 2.3438189029693604,
      "abs_mean": 1.6152000427246094,
      "shape": [
        24
      ],
      "numel": 24
    },
    "D": {
      "mean": 0.843952476978302,
      "std": 0.023486774414777756,
      "min": 0.7966616749763489,
      "max": 0.9068286418914795,
      "abs_mean": 0.843952476978302,
      "shape": [
        24
      ],
      "numel": 24
    },
    "in_proj.weight": {
      "mean": -8.88437862158753e-05,
      "std": 0.025094613432884216,
      "min": -0.188956156373024,
      "max": 0.17417564988136292,
      "abs_mean": 0.020336879417300224,
      "shape": [
        3224,
        768
      ],
      "numel": 2476032
    },
    "conv1d.weight": {
      "mean": -4.977095159119926e-06,
      "std": 0.023844612762331963,
      "min": -0.12459816783666611,
      "max": 0.1298028528690338,
      "abs_mean": 0.01833556964993477,
      "shape": [
        1664,
        1,
        4
      ],
      "numel": 6656
    },
    "conv1d.bias": {
      "mean": -0.0025023571215569973,
      "std": 0.23342689871788025,
      "min": -0.43575140833854675,
      "max": 0.4570051431655884,
      "abs_mean": 0.19770020246505737,
      "shape": [
        1664
      ],
      "numel": 1664
    },
    "norm.weight": {
      "mean": 0.800197184085846,
      "std": 0.05265350639820099,
      "min": 0.6727816462516785,
      "max": 0.9373400211334229,
      "abs_mean": 0.800197184085846,
      "shape": [
        1536
      ],
      "numel": 1536
    },
    "out_proj.weight": {
      "mean": -1.1171259757247753e-05,
      "std": 0.02824614755809307,
      "min": -0.18000192940235138,
      "max": 0.18135695159435272,
      "abs_mean": 0.023372171446681023,
      "shape": [
        768,
        1536
      ],
      "numel": 1179648
    }
  }
}