{
  "meta": {
    "step": 7500,
    "layer_idx": 3,
    "timestamp": "20260324_221509"
  },
  "params": {
    "dt_bias": {
      "mean": -3.435408592224121,
      "std": 0.9549407362937927,
      "min": -4.942874908447266,
      "max": -1.7458575963974,
      "abs_mean": 3.435408592224121,
      "shape": [
        24
      ],
      "numel": 24
    },
    "A_log": {
      "mean": 1.1265884637832642,
      "std": 0.4638667702674866,
      "min": 0.18942800164222717,
      "max": 1.7443406581878662,
      "abs_mean": 1.1265884637832642,
      "shape": [
        24
      ],
      "numel": 24
    },
    "D": {
      "mean": 0.725005567073822,
      "std": 0.03350669890642166,
      "min": 0.6160063743591309,
      "max": 0.7945618629455566,
      "abs_mean": 0.725005567073822,
      "shape": [
        24
      ],
      "numel": 24
    },
    "in_proj.weight": {
      "mean": -0.00016902874631341547,
      "std": 0.03875410556793213,
      "min": -0.23072341084480286,
      "max": 0.21225939691066742,
      "abs_mean": 0.030647719278931618,
      "shape": [
        3224,
        768
      ],
      "numel": 2476032
    },
    "conv1d.weight": {
      "mean": -0.0008128638728521764,
      "std": 0.058568075299263,
      "min": -0.21869313716888428,
      "max": 0.25614306330680847,
      "abs_mean": 0.04661540687084198,
      "shape": [
        1664,
        1,
        4
      ],
      "numel": 6656
    },
    "conv1d.bias": {
      "mean": 0.004248802550137043,
      "std": 0.19550740718841553,
      "min": -0.3708108365535736,
      "max": 0.3839976191520691,
      "abs_mean": 0.16839160025119781,
      "shape": [
        1664
      ],
      "numel": 1664
    },
    "norm.weight": {
      "mean": 0.8756303191184998,
      "std": 0.05736882984638214,
      "min": 0.535236656665802,
      "max": 1.109000563621521,
      "abs_mean": 0.8756303191184998,
      "shape": [
        1536
      ],
      "numel": 1536
    },
    "out_proj.weight": {
      "mean": -0.00010217883391305804,
      "std": 0.0394962839782238,
      "min": -0.24624986946582794,
      "max": 0.21452869474887848,
      "abs_mean": 0.03140903264284134,
      "shape": [
        768,
        1536
      ],
      "numel": 1179648
    }
  }
}