{
  "meta": {
    "step": 5000,
    "layer_idx": 4,
    "timestamp": "20260325_015736"
  },
  "params": {
    "dt_bias": {
      "mean": -4.032720565795898,
      "std": 1.0799390077590942,
      "min": -5.735723495483398,
      "max": -2.1836767196655273,
      "abs_mean": 4.032720565795898,
      "shape": [
        32
      ],
      "numel": 32
    },
    "A_log": {
      "mean": 1.6576762199401855,
      "std": 0.5697904825210571,
      "min": 0.18486426770687103,
      "max": 2.300863742828369,
      "abs_mean": 1.6576762199401855,
      "shape": [
        32
      ],
      "numel": 32
    },
    "D": {
      "mean": 0.8445181846618652,
      "std": 0.06537175923585892,
      "min": 0.5925610065460205,
      "max": 0.9142444133758545,
      "abs_mean": 0.8445181846618652,
      "shape": [
        32
      ],
      "numel": 32
    },
    "in_proj.weight": {
      "mean": 6.0248483350733295e-05,
      "std": 0.02940359339118004,
      "min": -0.2658497989177704,
      "max": 0.20290862023830414,
      "abs_mean": 0.023432759568095207,
      "shape": [
        4256,
        1024
      ],
      "numel": 4358144
    },
    "conv1d.weight": {
      "mean": -0.0009348868043161929,
      "std": 0.043255746364593506,
      "min": -0.21929782629013062,
      "max": 0.2281796634197235,
      "abs_mean": 0.034633178263902664,
      "shape": [
        2176,
        1,
        4
      ],
      "numel": 8704
    },
    "conv1d.bias": {
      "mean": -0.004987315274775028,
      "std": 0.2289627343416214,
      "min": -0.4628967344760895,
      "max": 0.4408475458621979,
      "abs_mean": 0.1990571767091751,
      "shape": [
        2176
      ],
      "numel": 2176
    },
    "norm.weight": {
      "mean": 0.926723837852478,
      "std": 0.05177489295601845,
      "min": 0.6335901618003845,
      "max": 1.1756858825683594,
      "abs_mean": 0.926723837852478,
      "shape": [
        2048
      ],
      "numel": 2048
    },
    "out_proj.weight": {
      "mean": -1.200066071760375e-05,
      "std": 0.032513100653886795,
      "min": -0.17618048191070557,
      "max": 0.18003036081790924,
      "abs_mean": 0.026098137721419334,
      "shape": [
        1024,
        2048
      ],
      "numel": 2097152
    }
  }
}