{
  "meta": {
    "step": 5000,
    "layer_idx": 5,
    "timestamp": "20260324_220629"
  },
  "params": {
    "dt_bias": {
      "mean": -3.651275396347046,
      "std": 0.9098884463310242,
      "min": -5.300192356109619,
      "max": -1.7824429273605347,
      "abs_mean": 3.651275396347046,
      "shape": [
        24
      ],
      "numel": 24
    },
    "A_log": {
      "mean": 1.667807698249817,
      "std": 0.3789597749710083,
      "min": 0.9302172660827637,
      "max": 2.1189887523651123,
      "abs_mean": 1.667807698249817,
      "shape": [
        24
      ],
      "numel": 24
    },
    "D": {
      "mean": 0.7756513953208923,
      "std": 0.02098822221159935,
      "min": 0.7560635805130005,
      "max": 0.8444076776504517,
      "abs_mean": 0.7756513953208923,
      "shape": [
        24
      ],
      "numel": 24
    },
    "in_proj.weight": {
      "mean": -0.00018031861691270024,
      "std": 0.028786903247237206,
      "min": -0.31907394528388977,
      "max": 0.29359596967697144,
      "abs_mean": 0.022826794534921646,
      "shape": [
        3224,
        768
      ],
      "numel": 2476032
    },
    "conv1d.weight": {
      "mean": 0.00022177201753947884,
      "std": 0.03318122401833534,
      "min": -0.1911679059267044,
      "max": 0.20298628509044647,
      "abs_mean": 0.025146346539258957,
      "shape": [
        1664,
        1,
        4
      ],
      "numel": 6656
    },
    "conv1d.bias": {
      "mean": 0.008022118359804153,
      "std": 0.20312310755252838,
      "min": -0.4144187867641449,
      "max": 0.41535651683807373,
      "abs_mean": 0.1720770299434662,
      "shape": [
        1664
      ],
      "numel": 1664
    },
    "norm.weight": {
      "mean": 0.7352808117866516,
      "std": 0.05072205141186714,
      "min": 0.5721285343170166,
      "max": 1.0284758806228638,
      "abs_mean": 0.7352808117866516,
      "shape": [
        1536
      ],
      "numel": 1536
    },
    "out_proj.weight": {
      "mean": 2.7689717171597295e-05,
      "std": 0.029290983453392982,
      "min": -0.15339122712612152,
      "max": 0.14553113281726837,
      "abs_mean": 0.023864364251494408,
      "shape": [
        768,
        1536
      ],
      "numel": 1179648
    }
  }
}