{
  "meta": {
    "step": 5000,
    "layer_idx": 7,
    "timestamp": "20260325_015736"
  },
  "params": {
    "dt_bias": {
      "mean": -4.117343425750732,
      "std": 1.091535210609436,
      "min": -5.7063093185424805,
      "max": -1.996992588043213,
      "abs_mean": 4.117343425750732,
      "shape": [
        32
      ],
      "numel": 32
    },
    "A_log": {
      "mean": 1.559943437576294,
      "std": 0.6513944268226624,
      "min": 0.24136149883270264,
      "max": 2.276109457015991,
      "abs_mean": 1.559943437576294,
      "shape": [
        32
      ],
      "numel": 32
    },
    "D": {
      "mean": 0.8345037698745728,
      "std": 0.012196742929518223,
      "min": 0.8075305223464966,
      "max": 0.8623318672180176,
      "abs_mean": 0.8345037698745728,
      "shape": [
        32
      ],
      "numel": 32
    },
    "in_proj.weight": {
      "mean": 0.00012121034524170682,
      "std": 0.024797603487968445,
      "min": -0.15700483322143555,
      "max": 0.19048473238945007,
      "abs_mean": 0.019938763231039047,
      "shape": [
        4256,
        1024
      ],
      "numel": 4358144
    },
    "conv1d.weight": {
      "mean": 0.0003070462553296238,
      "std": 0.02685311622917652,
      "min": -0.13188083469867706,
      "max": 0.12107811868190765,
      "abs_mean": 0.021377161145210266,
      "shape": [
        2176,
        1,
        4
      ],
      "numel": 8704
    },
    "conv1d.bias": {
      "mean": 0.0012244696263223886,
      "std": 0.2256035953760147,
      "min": -0.43388399481773376,
      "max": 0.4322524666786194,
      "abs_mean": 0.19195683300495148,
      "shape": [
        2176
      ],
      "numel": 2176
    },
    "norm.weight": {
      "mean": 0.7939274311065674,
      "std": 0.052240390330553055,
      "min": 0.6347234845161438,
      "max": 0.9511836171150208,
      "abs_mean": 0.7939274311065674,
      "shape": [
        2048
      ],
      "numel": 2048
    },
    "out_proj.weight": {
      "mean": -3.985987859778106e-05,
      "std": 0.02576097659766674,
      "min": -0.15278743207454681,
      "max": 0.13857720792293549,
      "abs_mean": 0.021184226498007774,
      "shape": [
        1024,
        2048
      ],
      "numel": 2097152
    }
  }
}