{
  "meta": {
    "step": 500,
    "layer_idx": 1,
    "timestamp": "20260324_123955"
  },
  "params": {
    "dt_bias": {
      "mean": -4.281753063201904,
      "std": 1.3339288234710693,
      "min": -6.616053581237793,
      "max": -2.3261144161224365,
      "abs_mean": 4.281753063201904,
      "shape": [
        24
      ],
      "numel": 24
    },
    "A_log": {
      "mean": 1.8211110830307007,
      "std": 0.6549094915390015,
      "min": 0.3952594995498657,
      "max": 2.650505304336548,
      "abs_mean": 1.8211110830307007,
      "shape": [
        24
      ],
      "numel": 24
    },
    "D": {
      "mean": 0.971989095211029,
      "std": 0.006903562229126692,
      "min": 0.9561227560043335,
      "max": 0.9824934601783752,
      "abs_mean": 0.971989095211029,
      "shape": [
        24
      ],
      "numel": 24
    },
    "in_proj.weight": {
      "mean": 6.265820957196411e-06,
      "std": 0.024952642619609833,
      "min": -0.10046705603599548,
      "max": 0.09831403940916061,
      "abs_mean": 0.020843850448727608,
      "shape": [
        3224,
        768
      ],
      "numel": 2476032
    },
    "conv1d.weight": {
      "mean": 5.916316149523482e-05,
      "std": 0.02483002282679081,
      "min": -0.09416719526052475,
      "max": 0.09766928106546402,
      "abs_mean": 0.020525794476270676,
      "shape": [
        1664,
        1,
        4
      ],
      "numel": 6656
    },
    "conv1d.bias": {
      "mean": 0.0055014630779623985,
      "std": 0.27675527334213257,
      "min": -0.4944964647293091,
      "max": 0.49871405959129333,
      "abs_mean": 0.23848827183246613,
      "shape": [
        1664
      ],
      "numel": 1664
    },
    "norm.weight": {
      "mean": 0.9740647673606873,
      "std": 0.01100720651447773,
      "min": 0.9400510191917419,
      "max": 1.0143330097198486,
      "abs_mean": 0.9740647673606873,
      "shape": [
        1536
      ],
      "numel": 1536
    },
    "out_proj.weight": {
      "mean": -8.3000777522102e-06,
      "std": 0.03027450665831566,
      "min": -0.11280234158039093,
      "max": 0.11548969894647598,
      "abs_mean": 0.025770271196961403,
      "shape": [
        768,
        1536
      ],
      "numel": 1179648
    }
  }
}