{
  "meta": {
    "step": 6000,
    "layer_idx": 0,
    "timestamp": "20260325_021109"
  },
  "params": {
    "dt_bias": {
      "mean": -3.8014473915100098,
      "std": 1.0021862983703613,
      "min": -5.379800319671631,
      "max": -2.288015842437744,
      "abs_mean": 3.8014473915100098,
      "shape": [
        32
      ],
      "numel": 32
    },
    "A_log": {
      "mean": 1.3431706428527832,
      "std": 0.39994215965270996,
      "min": 0.41630470752716064,
      "max": 2.0574097633361816,
      "abs_mean": 1.3431706428527832,
      "shape": [
        32
      ],
      "numel": 32
    },
    "D": {
      "mean": 0.7977639436721802,
      "std": 0.041035763919353485,
      "min": 0.7272468209266663,
      "max": 0.9201339483261108,
      "abs_mean": 0.7977639436721802,
      "shape": [
        32
      ],
      "numel": 32
    },
    "in_proj.weight": {
      "mean": 5.1446018915157765e-05,
      "std": 0.02997574768960476,
      "min": -0.17352646589279175,
      "max": 0.15972900390625,
      "abs_mean": 0.02401582896709442,
      "shape": [
        4256,
        1024
      ],
      "numel": 4358144
    },
    "conv1d.weight": {
      "mean": 0.0007711694925092161,
      "std": 0.060507964342832565,
      "min": -0.21951152384281158,
      "max": 0.21256530284881592,
      "abs_mean": 0.034483738243579865,
      "shape": [
        2176,
        1,
        4
      ],
      "numel": 8704
    },
    "conv1d.bias": {
      "mean": 0.007939375936985016,
      "std": 0.19833031296730042,
      "min": -0.5154292583465576,
      "max": 0.48999080061912537,
      "abs_mean": 0.17027312517166138,
      "shape": [
        2176
      ],
      "numel": 2176
    },
    "norm.weight": {
      "mean": 0.7642662525177002,
      "std": 0.053802233189344406,
      "min": 0.5200956463813782,
      "max": 0.8962379097938538,
      "abs_mean": 0.7642662525177002,
      "shape": [
        2048
      ],
      "numel": 2048
    },
    "out_proj.weight": {
      "mean": -1.7896581994136795e-05,
      "std": 0.029150143265724182,
      "min": -0.14051595330238342,
      "max": 0.14425189793109894,
      "abs_mean": 0.02370278164744377,
      "shape": [
        1024,
        2048
      ],
      "numel": 2097152
    }
  }
}