{
  "meta": {
    "step": 5000,
    "layer_idx": 9,
    "timestamp": "20260324_220629"
  },
  "params": {
    "dt_bias": {
      "mean": -3.5414609909057617,
      "std": 1.036224603652954,
      "min": -5.176022529602051,
      "max": -2.119511604309082,
      "abs_mean": 3.5414609909057617,
      "shape": [
        24
      ],
      "numel": 24
    },
    "A_log": {
      "mean": 1.484169602394104,
      "std": 0.4416670799255371,
      "min": 0.38476133346557617,
      "max": 2.111449956893921,
      "abs_mean": 1.484169602394104,
      "shape": [
        24
      ],
      "numel": 24
    },
    "D": {
      "mean": 0.7682819366455078,
      "std": 0.02799276076257229,
      "min": 0.7123770117759705,
      "max": 0.8126395344734192,
      "abs_mean": 0.7682819366455078,
      "shape": [
        24
      ],
      "numel": 24
    },
    "in_proj.weight": {
      "mean": -0.000137908267788589,
      "std": 0.024717342108488083,
      "min": -0.21968300640583038,
      "max": 0.19781693816184998,
      "abs_mean": 0.019793031737208366,
      "shape": [
        3224,
        768
      ],
      "numel": 2476032
    },
    "conv1d.weight": {
      "mean": 6.483824108727276e-05,
      "std": 0.02513200044631958,
      "min": -0.12355291843414307,
      "max": 0.12342455983161926,
      "abs_mean": 0.019149575382471085,
      "shape": [
        1664,
        1,
        4
      ],
      "numel": 6656
    },
    "conv1d.bias": {
      "mean": 7.923821249278262e-05,
      "std": 0.2044459581375122,
      "min": -0.41420260071754456,
      "max": 0.40872812271118164,
      "abs_mean": 0.17200954258441925,
      "shape": [
        1664
      ],
      "numel": 1664
    },
    "norm.weight": {
      "mean": 0.7317083477973938,
      "std": 0.04043050855398178,
      "min": 0.5634449124336243,
      "max": 0.8661462068557739,
      "abs_mean": 0.7317083477973938,
      "shape": [
        1536
      ],
      "numel": 1536
    },
    "out_proj.weight": {
      "mean": -3.87034151572152e-06,
      "std": 0.026474343612790108,
      "min": -0.14092275500297546,
      "max": 0.15065401792526245,
      "abs_mean": 0.021853620186448097,
      "shape": [
        768,
        1536
      ],
      "numel": 1179648
    }
  }
}