{
  "meta": {
    "step": 3000,
    "layer_idx": 2,
    "timestamp": "20260324_124247"
  },
  "params": {
    "dt_bias": {
      "mean": -4.128062725067139,
      "std": 0.8924275636672974,
      "min": -5.522524833679199,
      "max": -2.0905041694641113,
      "abs_mean": 4.128062725067139,
      "shape": [
        24
      ],
      "numel": 24
    },
    "A_log": {
      "mean": 1.632171630859375,
      "std": 0.5896202325820923,
      "min": 0.5201325416564941,
      "max": 2.333467721939087,
      "abs_mean": 1.632171630859375,
      "shape": [
        24
      ],
      "numel": 24
    },
    "D": {
      "mean": 0.8640750050544739,
      "std": 0.013646556064486504,
      "min": 0.8300092816352844,
      "max": 0.8866941928863525,
      "abs_mean": 0.8640750050544739,
      "shape": [
        24
      ],
      "numel": 24
    },
    "in_proj.weight": {
      "mean": -2.5444727725698613e-05,
      "std": 0.03189672529697418,
      "min": -0.16842950880527496,
      "max": 0.16086795926094055,
      "abs_mean": 0.025587640702724457,
      "shape": [
        3224,
        768
      ],
      "numel": 2476032
    },
    "conv1d.weight": {
      "mean": 0.00012996963050682098,
      "std": 0.04457755386829376,
      "min": -0.12719948589801788,
      "max": 0.13010962307453156,
      "abs_mean": 0.03718441352248192,
      "shape": [
        1664,
        1,
        4
      ],
      "numel": 6656
    },
    "conv1d.bias": {
      "mean": 0.011433796025812626,
      "std": 0.22866186499595642,
      "min": -0.48414719104766846,
      "max": 0.46041831374168396,
      "abs_mean": 0.19600555300712585,
      "shape": [
        1664
      ],
      "numel": 1664
    },
    "norm.weight": {
      "mean": 0.8960249423980713,
      "std": 0.025938114151358604,
      "min": 0.7675068378448486,
      "max": 0.9992806911468506,
      "abs_mean": 0.8960249423980713,
      "shape": [
        1536
      ],
      "numel": 1536
    },
    "out_proj.weight": {
      "mean": 4.989170065528015e-06,
      "std": 0.03392316773533821,
      "min": -0.16963385045528412,
      "max": 0.16500058770179749,
      "abs_mean": 0.02764526754617691,
      "shape": [
        768,
        1536
      ],
      "numel": 1179648
    }
  }
}