{
  "meta": {
    "step": 7500,
    "layer_idx": 10,
    "timestamp": "20260324_221509"
  },
  "params": {
    "dt_bias": {
      "mean": -3.493948221206665,
      "std": 1.0751979351043701,
      "min": -5.041121006011963,
      "max": -1.6959160566329956,
      "abs_mean": 3.493948221206665,
      "shape": [
        24
      ],
      "numel": 24
    },
    "A_log": {
      "mean": 1.4051237106323242,
      "std": 0.47067832946777344,
      "min": 0.16225585341453552,
      "max": 1.9113998413085938,
      "abs_mean": 1.4051237106323242,
      "shape": [
        24
      ],
      "numel": 24
    },
    "D": {
      "mean": 0.7135681509971619,
      "std": 0.02355559729039669,
      "min": 0.668832540512085,
      "max": 0.7828095555305481,
      "abs_mean": 0.7135681509971619,
      "shape": [
        24
      ],
      "numel": 24
    },
    "in_proj.weight": {
      "mean": -0.00015656292089261115,
      "std": 0.02369852550327778,
      "min": -0.22470496594905853,
      "max": 0.21960385143756866,
      "abs_mean": 0.018797846511006355,
      "shape": [
        3224,
        768
      ],
      "numel": 2476032
    },
    "conv1d.weight": {
      "mean": -0.00018781905237119645,
      "std": 0.02495819516479969,
      "min": -0.12061166018247604,
      "max": 0.17040705680847168,
      "abs_mean": 0.018673058599233627,
      "shape": [
        1664,
        1,
        4
      ],
      "numel": 6656
    },
    "conv1d.bias": {
      "mean": 0.0050819506868720055,
      "std": 0.18544910848140717,
      "min": -0.3884519636631012,
      "max": 0.38038867712020874,
      "abs_mean": 0.1547039896249771,
      "shape": [
        1664
      ],
      "numel": 1664
    },
    "norm.weight": {
      "mean": 0.6756606101989746,
      "std": 0.04543214291334152,
      "min": 0.502088189125061,
      "max": 0.8817691802978516,
      "abs_mean": 0.6756606101989746,
      "shape": [
        1536
      ],
      "numel": 1536
    },
    "out_proj.weight": {
      "mean": 4.160251137363957e-06,
      "std": 0.025635140016674995,
      "min": -0.12079000473022461,
      "max": 0.12153679877519608,
      "abs_mean": 0.02097592130303383,
      "shape": [
        768,
        1536
      ],
      "numel": 1179648
    }
  }
}