{
  "meta": {
    "step": 1500,
    "layer_idx": 4,
    "timestamp": "20260324_124103"
  },
  "params": {
    "dt_bias": {
      "mean": -3.905729293823242,
      "std": 1.2988026142120361,
      "min": -6.099833011627197,
      "max": -2.1377549171447754,
      "abs_mean": 3.905729293823242,
      "shape": [
        24
      ],
      "numel": 24
    },
    "A_log": {
      "mean": 1.720883846282959,
      "std": 0.5551774501800537,
      "min": 0.7144028544425964,
      "max": 2.489541530609131,
      "abs_mean": 1.720883846282959,
      "shape": [
        24
      ],
      "numel": 24
    },
    "D": {
      "mean": 0.9182203412055969,
      "std": 0.013238664716482162,
      "min": 0.8963702321052551,
      "max": 0.9442161321640015,
      "abs_mean": 0.9182203412055969,
      "shape": [
        24
      ],
      "numel": 24
    },
    "in_proj.weight": {
      "mean": -4.073945092386566e-05,
      "std": 0.02519349567592144,
      "min": -0.12332803010940552,
      "max": 0.11956936120986938,
      "abs_mean": 0.020760459825396538,
      "shape": [
        3224,
        768
      ],
      "numel": 2476032
    },
    "conv1d.weight": {
      "mean": -0.00040076792356558144,
      "std": 0.01989450491964817,
      "min": -0.08353602886199951,
      "max": 0.07818999141454697,
      "abs_mean": 0.01564732939004898,
      "shape": [
        1664,
        1,
        4
      ],
      "numel": 6656
    },
    "conv1d.bias": {
      "mean": -0.004806807730346918,
      "std": 0.25407811999320984,
      "min": -0.4821184575557709,
      "max": 0.4704769551753998,
      "abs_mean": 0.21625111997127533,
      "shape": [
        1664
      ],
      "numel": 1664
    },
    "norm.weight": {
      "mean": 0.8768181800842285,
      "std": 0.04167940467596054,
      "min": 0.7648451328277588,
      "max": 0.986106812953949,
      "abs_mean": 0.8768181800842285,
      "shape": [
        1536
      ],
      "numel": 1536
    },
    "out_proj.weight": {
      "mean": 2.625863544380991e-06,
      "std": 0.028819216415286064,
      "min": -0.12106851488351822,
      "max": 0.12204653024673462,
      "abs_mean": 0.024317631497979164,
      "shape": [
        768,
        1536
      ],
      "numel": 1179648
    }
  }
}