{
  "meta": {
    "step": 5000,
    "layer_idx": 2,
    "timestamp": "20260324_220629"
  },
  "params": {
    "dt_bias": {
      "mean": -4.049201965332031,
      "std": 0.9297431707382202,
      "min": -5.446459770202637,
      "max": -2.5471670627593994,
      "abs_mean": 4.049201965332031,
      "shape": [
        24
      ],
      "numel": 24
    },
    "A_log": {
      "mean": 1.4669069051742554,
      "std": 0.6095600128173828,
      "min": 0.4179232120513916,
      "max": 2.1664652824401855,
      "abs_mean": 1.4669069051742554,
      "shape": [
        24
      ],
      "numel": 24
    },
    "D": {
      "mean": 0.7502718567848206,
      "std": 0.14490143954753876,
      "min": 0.28056031465530396,
      "max": 0.8552913069725037,
      "abs_mean": 0.7502718567848206,
      "shape": [
        24
      ],
      "numel": 24
    },
    "in_proj.weight": {
      "mean": -7.152499165385962e-05,
      "std": 0.03774438053369522,
      "min": -0.33758220076560974,
      "max": 0.3041497766971588,
      "abs_mean": 0.029839536175131798,
      "shape": [
        3224,
        768
      ],
      "numel": 2476032
    },
    "conv1d.weight": {
      "mean": -9.71935733105056e-05,
      "std": 0.0564492903649807,
      "min": -0.34778496623039246,
      "max": 0.3457682430744171,
      "abs_mean": 0.04291309788823128,
      "shape": [
        1664,
        1,
        4
      ],
      "numel": 6656
    },
    "conv1d.bias": {
      "mean": -0.002660508034750819,
      "std": 0.1991543471813202,
      "min": -0.40507498383522034,
      "max": 0.41118454933166504,
      "abs_mean": 0.17198140919208527,
      "shape": [
        1664
      ],
      "numel": 1664
    },
    "norm.weight": {
      "mean": 0.9059826731681824,
      "std": 0.06826583296060562,
      "min": 0.6874812245368958,
      "max": 1.2453444004058838,
      "abs_mean": 0.9059826731681824,
      "shape": [
        1536
      ],
      "numel": 1536
    },
    "out_proj.weight": {
      "mean": 4.339172392064938e-06,
      "std": 0.0405435673892498,
      "min": -0.21943670511245728,
      "max": 0.2165556252002716,
      "abs_mean": 0.03229771926999092,
      "shape": [
        768,
        1536
      ],
      "numel": 1179648
    }
  }
}