{
  "meta": {
    "step": 3500,
    "layer_idx": 8,
    "timestamp": "20260324_124320"
  },
  "params": {
    "dt_bias": {
      "mean": -4.01096773147583,
      "std": 1.1880842447280884,
      "min": -5.826854705810547,
      "max": -2.128199577331543,
      "abs_mean": 4.01096773147583,
      "shape": [
        24
      ],
      "numel": 24
    },
    "A_log": {
      "mean": 1.8362903594970703,
      "std": 0.5982717871665955,
      "min": 0.08438874781131744,
      "max": 2.3736941814422607,
      "abs_mean": 1.8362903594970703,
      "shape": [
        24
      ],
      "numel": 24
    },
    "D": {
      "mean": 0.8437409996986389,
      "std": 0.02460637502372265,
      "min": 0.7802625894546509,
      "max": 0.9042777419090271,
      "abs_mean": 0.8437409996986389,
      "shape": [
        24
      ],
      "numel": 24
    },
    "in_proj.weight": {
      "mean": -0.00013445674267131835,
      "std": 0.024513140320777893,
      "min": -0.20133882761001587,
      "max": 0.20885628461837769,
      "abs_mean": 0.019921155646443367,
      "shape": [
        3224,
        768
      ],
      "numel": 2476032
    },
    "conv1d.weight": {
      "mean": 4.725757025880739e-05,
      "std": 0.02195717953145504,
      "min": -0.16366489231586456,
      "max": 0.18876531720161438,
      "abs_mean": 0.01698494330048561,
      "shape": [
        1664,
        1,
        4
      ],
      "numel": 6656
    },
    "conv1d.bias": {
      "mean": -0.0010749089997261763,
      "std": 0.232747882604599,
      "min": -0.4498070776462555,
      "max": 0.43172770738601685,
      "abs_mean": 0.1961337924003601,
      "shape": [
        1664
      ],
      "numel": 1664
    },
    "norm.weight": {
      "mean": 0.8014206886291504,
      "std": 0.05081138759851456,
      "min": 0.6749100089073181,
      "max": 0.9110057353973389,
      "abs_mean": 0.8014206886291504,
      "shape": [
        1536
      ],
      "numel": 1536
    },
    "out_proj.weight": {
      "mean": 6.311864808594692e-07,
      "std": 0.028032254427671432,
      "min": -0.18154945969581604,
      "max": 0.17967604100704193,
      "abs_mean": 0.023237789049744606,
      "shape": [
        768,
        1536
      ],
      "numel": 1179648
    }
  }
}