{
  "meta": {
    "step": 1500,
    "layer_idx": 5,
    "timestamp": "20260324_124103"
  },
  "params": {
    "dt_bias": {
      "mean": -4.475453853607178,
      "std": 1.1262601613998413,
      "min": -6.237114906311035,
      "max": -2.8680975437164307,
      "abs_mean": 4.475453853607178,
      "shape": [
        24
      ],
      "numel": 24
    },
    "A_log": {
      "mean": 1.9265880584716797,
      "std": 0.4368228316307068,
      "min": 0.9044937491416931,
      "max": 2.4930522441864014,
      "abs_mean": 1.9265880584716797,
      "shape": [
        24
      ],
      "numel": 24
    },
    "D": {
      "mean": 0.9147524833679199,
      "std": 0.018500348553061485,
      "min": 0.8601794838905334,
      "max": 0.9543789029121399,
      "abs_mean": 0.9147524833679199,
      "shape": [
        24
      ],
      "numel": 24
    },
    "in_proj.weight": {
      "mean": -0.00010571056191110983,
      "std": 0.02459397166967392,
      "min": -0.11928782612085342,
      "max": 0.12645398080348969,
      "abs_mean": 0.020340895280241966,
      "shape": [
        3224,
        768
      ],
      "numel": 2476032
    },
    "conv1d.weight": {
      "mean": 5.289011460263282e-05,
      "std": 0.01908816210925579,
      "min": -0.08771540969610214,
      "max": 0.08632798492908478,
      "abs_mean": 0.015111804939806461,
      "shape": [
        1664,
        1,
        4
      ],
      "numel": 6656
    },
    "conv1d.bias": {
      "mean": -0.0031537155155092478,
      "std": 0.2514432966709137,
      "min": -0.4693806767463684,
      "max": 0.47569265961647034,
      "abs_mean": 0.21373234689235687,
      "shape": [
        1664
      ],
      "numel": 1664
    },
    "norm.weight": {
      "mean": 0.8782016634941101,
      "std": 0.04062693566083908,
      "min": 0.7781683802604675,
      "max": 0.975321888923645,
      "abs_mean": 0.8782016634941101,
      "shape": [
        1536
      ],
      "numel": 1536
    },
    "out_proj.weight": {
      "mean": 5.3977614697942045e-06,
      "std": 0.02868557535111904,
      "min": -0.1169394925236702,
      "max": 0.1210864782333374,
      "abs_mean": 0.0242309533059597,
      "shape": [
        768,
        1536
      ],
      "numel": 1179648
    }
  }
}