{
  "meta": {
    "step": 3500,
    "layer_idx": 15,
    "timestamp": "20260324_124320"
  },
  "params": {
    "dt_bias": {
      "mean": -3.753129005432129,
      "std": 1.2415308952331543,
      "min": -5.904745101928711,
      "max": -2.016794443130493,
      "abs_mean": 3.753129005432129,
      "shape": [
        24
      ],
      "numel": 24
    },
    "A_log": {
      "mean": 1.8203076124191284,
      "std": 0.4569610357284546,
      "min": 0.4556554853916168,
      "max": 2.346186399459839,
      "abs_mean": 1.8203076124191284,
      "shape": [
        24
      ],
      "numel": 24
    },
    "D": {
      "mean": 0.8368741869926453,
      "std": 0.028325431048870087,
      "min": 0.7827600836753845,
      "max": 0.9046036601066589,
      "abs_mean": 0.8368741869926453,
      "shape": [
        24
      ],
      "numel": 24
    },
    "in_proj.weight": {
      "mean": -0.00010391812247689813,
      "std": 0.022913558408617973,
      "min": -0.15586161613464355,
      "max": 0.1419309675693512,
      "abs_mean": 0.01890888623893261,
      "shape": [
        3224,
        768
      ],
      "numel": 2476032
    },
    "conv1d.weight": {
      "mean": -1.1294533578620758e-05,
      "std": 0.01835467293858528,
      "min": -0.08176517486572266,
      "max": 0.12155766040086746,
      "abs_mean": 0.013741400092840195,
      "shape": [
        1664,
        1,
        4
      ],
      "numel": 6656
    },
    "conv1d.bias": {
      "mean": -0.008573831990361214,
      "std": 0.23471133410930634,
      "min": -0.46259573101997375,
      "max": 0.4540072977542877,
      "abs_mean": 0.19703787565231323,
      "shape": [
        1664
      ],
      "numel": 1664
    },
    "norm.weight": {
      "mean": 0.7933721542358398,
      "std": 0.06862343847751617,
      "min": 0.6122986078262329,
      "max": 0.9492276906967163,
      "abs_mean": 0.7933721542358398,
      "shape": [
        1536
      ],
      "numel": 1536
    },
    "out_proj.weight": {
      "mean": 1.4721638763148803e-05,
      "std": 0.028759224340319633,
      "min": -0.1755671203136444,
      "max": 0.17286857962608337,
      "abs_mean": 0.023676950484514236,
      "shape": [
        768,
        1536
      ],
      "numel": 1179648
    }
  }
}