{
  "meta": {
    "step": 2500,
    "layer_idx": 11,
    "timestamp": "20260324_215749"
  },
  "params": {
    "dt_bias": {
      "mean": -4.035191059112549,
      "std": 1.0597790479660034,
      "min": -5.537181854248047,
      "max": -2.043030023574829,
      "abs_mean": 4.035191059112549,
      "shape": [
        24
      ],
      "numel": 24
    },
    "A_log": {
      "mean": 1.7427492141723633,
      "std": 0.5059258341789246,
      "min": 0.5547685623168945,
      "max": 2.3791890144348145,
      "abs_mean": 1.7427492141723633,
      "shape": [
        24
      ],
      "numel": 24
    },
    "D": {
      "mean": 0.8669975399971008,
      "std": 0.022859029471874237,
      "min": 0.8083813190460205,
      "max": 0.9061692953109741,
      "abs_mean": 0.8669975399971008,
      "shape": [
        24
      ],
      "numel": 24
    },
    "in_proj.weight": {
      "mean": -4.133150287088938e-05,
      "std": 0.024060817435383797,
      "min": -0.14084774255752563,
      "max": 0.17988741397857666,
      "abs_mean": 0.01979074999690056,
      "shape": [
        3224,
        768
      ],
      "numel": 2476032
    },
    "conv1d.weight": {
      "mean": -0.00021393230417743325,
      "std": 0.01857798732817173,
      "min": -0.0660494789481163,
      "max": 0.08143448829650879,
      "abs_mean": 0.014316525310277939,
      "shape": [
        1664,
        1,
        4
      ],
      "numel": 6656
    },
    "conv1d.bias": {
      "mean": -0.006044542416930199,
      "std": 0.24138739705085754,
      "min": -0.4727182686328888,
      "max": 0.44961676001548767,
      "abs_mean": 0.20535780489444733,
      "shape": [
        1664
      ],
      "numel": 1664
    },
    "norm.weight": {
      "mean": 0.8318646550178528,
      "std": 0.04413633048534393,
      "min": 0.7131813764572144,
      "max": 0.9608107209205627,
      "abs_mean": 0.8318646550178528,
      "shape": [
        1536
      ],
      "numel": 1536
    },
    "out_proj.weight": {
      "mean": -1.666814205236733e-05,
      "std": 0.027972577139735222,
      "min": -0.0937458798289299,
      "max": 0.09384563565254211,
      "abs_mean": 0.023451438173651695,
      "shape": [
        768,
        1536
      ],
      "numel": 1179648
    }
  }
}