{
  "meta": {
    "step": 1000,
    "layer_idx": 5,
    "timestamp": "20260324_124030"
  },
  "params": {
    "dt_bias": {
      "mean": -4.59610652923584,
      "std": 1.1539047956466675,
      "min": -6.411843299865723,
      "max": -2.9408233165740967,
      "abs_mean": 4.59610652923584,
      "shape": [
        24
      ],
      "numel": 24
    },
    "A_log": {
      "mean": 1.981902003288269,
      "std": 0.4452684819698334,
      "min": 0.9348477721214294,
      "max": 2.561328172683716,
      "abs_mean": 1.981902003288269,
      "shape": [
        24
      ],
      "numel": 24
    },
    "D": {
      "mean": 0.9425093531608582,
      "std": 0.013841264881193638,
      "min": 0.9002508521080017,
      "max": 0.9652965068817139,
      "abs_mean": 0.9425093531608582,
      "shape": [
        24
      ],
      "numel": 24
    },
    "in_proj.weight": {
      "mean": -7.43978816899471e-05,
      "std": 0.023906173184514046,
      "min": -0.097257599234581,
      "max": 0.1048770323395729,
      "abs_mean": 0.020007897168397903,
      "shape": [
        3224,
        768
      ],
      "numel": 2476032
    },
    "conv1d.weight": {
      "mean": -1.4059988643566612e-05,
      "std": 0.018036596477031708,
      "min": -0.0738554447889328,
      "max": 0.07523227483034134,
      "abs_mean": 0.014638797380030155,
      "shape": [
        1664,
        1,
        4
      ],
      "numel": 6656
    },
    "conv1d.bias": {
      "mean": -0.0031546661630272865,
      "std": 0.2617325782775879,
      "min": -0.4785888195037842,
      "max": 0.4802582263946533,
      "abs_mean": 0.22366037964820862,
      "shape": [
        1664
      ],
      "numel": 1664
    },
    "norm.weight": {
      "mean": 0.9163837432861328,
      "std": 0.03136027976870537,
      "min": 0.8265220522880554,
      "max": 0.9978365302085876,
      "abs_mean": 0.9163837432861328,
      "shape": [
        1536
      ],
      "numel": 1536
    },
    "out_proj.weight": {
      "mean": 5.298070846038172e-06,
      "std": 0.02899058163166046,
      "min": -0.09560124576091766,
      "max": 0.09871489554643631,
      "abs_mean": 0.02467939257621765,
      "shape": [
        768,
        1536
      ],
      "numel": 1179648
    }
  }
}