{
  "meta": {
    "step": 500,
    "layer_idx": 15,
    "timestamp": "20260324_123955"
  },
  "params": {
    "dt_bias": {
      "mean": -4.230479717254639,
      "std": 1.399191975593567,
      "min": -6.654585361480713,
      "max": -2.334893226623535,
      "abs_mean": 4.230479717254639,
      "shape": [
        24
      ],
      "numel": 24
    },
    "A_log": {
      "mean": 2.0557358264923096,
      "std": 0.5296701192855835,
      "min": 0.48294374346733093,
      "max": 2.656825065612793,
      "abs_mean": 2.0557358264923096,
      "shape": [
        24
      ],
      "numel": 24
    },
    "D": {
      "mean": 0.9724945425987244,
      "std": 0.006596139632165432,
      "min": 0.9559241533279419,
      "max": 0.9800640344619751,
      "abs_mean": 0.9724945425987244,
      "shape": [
        24
      ],
      "numel": 24
    },
    "in_proj.weight": {
      "mean": -5.296637391438708e-05,
      "std": 0.022747639566659927,
      "min": -0.06913629174232483,
      "max": 0.07105325162410736,
      "abs_mean": 0.019436346367001534,
      "shape": [
        3224,
        768
      ],
      "numel": 2476032
    },
    "conv1d.weight": {
      "mean": 0.00015693181194365025,
      "std": 0.017464416101574898,
      "min": -0.0444013886153698,
      "max": 0.053689148277044296,
      "abs_mean": 0.014649082906544209,
      "shape": [
        1664,
        1,
        4
      ],
      "numel": 6656
    },
    "conv1d.bias": {
      "mean": -0.010260273702442646,
      "std": 0.2762218713760376,
      "min": -0.49306127429008484,
      "max": 0.49541929364204407,
      "abs_mean": 0.2372196614742279,
      "shape": [
        1664
      ],
      "numel": 1664
    },
    "norm.weight": {
      "mean": 0.9643023610115051,
      "std": 0.0185494776815176,
      "min": 0.913821280002594,
      "max": 1.0190080404281616,
      "abs_mean": 0.9643023610115051,
      "shape": [
        1536
      ],
      "numel": 1536
    },
    "out_proj.weight": {
      "mean": 3.065017517656088e-05,
      "std": 0.029168276116251945,
      "min": -0.07591550797224045,
      "max": 0.07910364866256714,
      "abs_mean": 0.025069771334528923,
      "shape": [
        768,
        1536
      ],
      "numel": 1179648
    }
  }
}