{
  "meta": {
    "step": 1500,
    "layer_idx": 12,
    "timestamp": "20260324_124104"
  },
  "params": {
    "dt_bias": {
      "mean": -4.248215675354004,
      "std": 1.4128879308700562,
      "min": -6.146417140960693,
      "max": -2.2927136421203613,
      "abs_mean": 4.248215675354004,
      "shape": [
        24
      ],
      "numel": 24
    },
    "A_log": {
      "mean": 1.8746005296707153,
      "std": 0.6577268242835999,
      "min": 0.2611103653907776,
      "max": 2.508683443069458,
      "abs_mean": 1.8746005296707153,
      "shape": [
        24
      ],
      "numel": 24
    },
    "D": {
      "mean": 0.9149169921875,
      "std": 0.019433464854955673,
      "min": 0.8733025789260864,
      "max": 0.9596286416053772,
      "abs_mean": 0.9149169921875,
      "shape": [
        24
      ],
      "numel": 24
    },
    "in_proj.weight": {
      "mean": -7.537327473983169e-05,
      "std": 0.023581821471452713,
      "min": -0.12398422509431839,
      "max": 0.11494818329811096,
      "abs_mean": 0.019670162349939346,
      "shape": [
        3224,
        768
      ],
      "numel": 2476032
    },
    "conv1d.weight": {
      "mean": -0.0007097959751263261,
      "std": 0.017195187509059906,
      "min": -0.07093816995620728,
      "max": 0.0973142459988594,
      "abs_mean": 0.013254621997475624,
      "shape": [
        1664,
        1,
        4
      ],
      "numel": 6656
    },
    "conv1d.bias": {
      "mean": -0.009724981151521206,
      "std": 0.25996124744415283,
      "min": -0.492631196975708,
      "max": 0.48449909687042236,
      "abs_mean": 0.2237352579832077,
      "shape": [
        1664
      ],
      "numel": 1664
    },
    "norm.weight": {
      "mean": 0.885152280330658,
      "std": 0.048874709755182266,
      "min": 0.766139805316925,
      "max": 1.006525993347168,
      "abs_mean": 0.885152280330658,
      "shape": [
        1536
      ],
      "numel": 1536
    },
    "out_proj.weight": {
      "mean": 8.805820925772423e-07,
      "std": 0.029172930866479874,
      "min": -0.11655065417289734,
      "max": 0.11650130897760391,
      "abs_mean": 0.02452808991074562,
      "shape": [
        768,
        1536
      ],
      "numel": 1179648
    }
  }
}