{
  "meta": {
    "step": 1500,
    "layer_idx": 11,
    "timestamp": "20260324_124104"
  },
  "params": {
    "dt_bias": {
      "mean": -4.123696327209473,
      "std": 1.223044514656067,
      "min": -6.311668395996094,
      "max": -2.265458822250366,
      "abs_mean": 4.123696327209473,
      "shape": [
        24
      ],
      "numel": 24
    },
    "A_log": {
      "mean": 1.794693946838379,
      "std": 0.6039925217628479,
      "min": 0.3015887141227722,
      "max": 2.4525086879730225,
      "abs_mean": 1.794693946838379,
      "shape": [
        24
      ],
      "numel": 24
    },
    "D": {
      "mean": 0.9171366691589355,
      "std": 0.016396159306168556,
      "min": 0.8773559927940369,
      "max": 0.9489896893501282,
      "abs_mean": 0.9171366691589355,
      "shape": [
        24
      ],
      "numel": 24
    },
    "in_proj.weight": {
      "mean": -0.00010084905079565942,
      "std": 0.02386697381734848,
      "min": -0.12217221409082413,
      "max": 0.12587688863277435,
      "abs_mean": 0.01985892280936241,
      "shape": [
        3224,
        768
      ],
      "numel": 2476032
    },
    "conv1d.weight": {
      "mean": -9.877687261905521e-05,
      "std": 0.0171380452811718,
      "min": -0.06203610450029373,
      "max": 0.06531092524528503,
      "abs_mean": 0.013445835560560226,
      "shape": [
        1664,
        1,
        4
      ],
      "numel": 6656
    },
    "conv1d.bias": {
      "mean": -0.002488447818905115,
      "std": 0.25861501693725586,
      "min": -0.4933396279811859,
      "max": 0.4968675374984741,
      "abs_mean": 0.2197725474834442,
      "shape": [
        1664
      ],
      "numel": 1664
    },
    "norm.weight": {
      "mean": 0.8830311894416809,
      "std": 0.04788339510560036,
      "min": 0.7577806115150452,
      "max": 0.9769983887672424,
      "abs_mean": 0.8830311894416809,
      "shape": [
        1536
      ],
      "numel": 1536
    },
    "out_proj.weight": {
      "mean": 4.395855739858234e-06,
      "std": 0.02905280515551567,
      "min": -0.11654974520206451,
      "max": 0.11541061848402023,
      "abs_mean": 0.024454668164253235,
      "shape": [
        768,
        1536
      ],
      "numel": 1179648
    }
  }
}