{
  "meta": {
    "step": 3000,
    "layer_idx": 0,
    "timestamp": "20260325_013020"
  },
  "params": {
    "dt_bias": {
      "mean": -4.135029315948486,
      "std": 1.1427081823349,
      "min": -5.958968162536621,
      "max": -2.4460973739624023,
      "abs_mean": 4.135029315948486,
      "shape": [
        32
      ],
      "numel": 32
    },
    "A_log": {
      "mean": 1.5211528539657593,
      "std": 0.4554562568664551,
      "min": 0.4123472273349762,
      "max": 2.3354079723358154,
      "abs_mean": 1.5211528539657593,
      "shape": [
        32
      ],
      "numel": 32
    },
    "D": {
      "mean": 0.8855581283569336,
      "std": 0.04131438955664635,
      "min": 0.8160891532897949,
      "max": 0.9963415265083313,
      "abs_mean": 0.8855581283569336,
      "shape": [
        32
      ],
      "numel": 32
    },
    "in_proj.weight": {
      "mean": 5.1890991016989574e-05,
      "std": 0.0269336998462677,
      "min": -0.15597176551818848,
      "max": 0.15460419654846191,
      "abs_mean": 0.02170379087328911,
      "shape": [
        4256,
        1024
      ],
      "numel": 4358144
    },
    "conv1d.weight": {
      "mean": 0.0005611670203506947,
      "std": 0.05518091470003128,
      "min": -0.20410354435443878,
      "max": 0.20167768001556396,
      "abs_mean": 0.03230227157473564,
      "shape": [
        2176,
        1,
        4
      ],
      "numel": 8704
    },
    "conv1d.bias": {
      "mean": 0.007937237620353699,
      "std": 0.23585344851016998,
      "min": -0.49632951617240906,
      "max": 0.5204105973243713,
      "abs_mean": 0.20495259761810303,
      "shape": [
        2176
      ],
      "numel": 2176
    },
    "norm.weight": {
      "mean": 0.8799118399620056,
      "std": 0.03673504292964935,
      "min": 0.7465999126434326,
      "max": 0.9916853308677673,
      "abs_mean": 0.8799118399620056,
      "shape": [
        2048
      ],
      "numel": 2048
    },
    "out_proj.weight": {
      "mean": -1.9172641259501688e-05,
      "std": 0.0280026663094759,
      "min": -0.136185422539711,
      "max": 0.12904219329357147,
      "abs_mean": 0.02313102036714554,
      "shape": [
        1024,
        2048
      ],
      "numel": 2097152
    }
  }
}