{
  "meta": {
    "step": 1100,
    "layer_idx": 0,
    "timestamp": "20260324_124038"
  },
  "params": {
    "dt_bias": {
      "mean": -4.281075954437256,
      "std": 1.3045153617858887,
      "min": -6.322389602661133,
      "max": -2.288529396057129,
      "abs_mean": 4.281075954437256,
      "shape": [
        24
      ],
      "numel": 24
    },
    "A_log": {
      "mean": 1.7668920755386353,
      "std": 0.5621818900108337,
      "min": 0.42877399921417236,
      "max": 2.5292575359344482,
      "abs_mean": 1.7668920755386353,
      "shape": [
        24
      ],
      "numel": 24
    },
    "D": {
      "mean": 0.9296128749847412,
      "std": 0.034032054245471954,
      "min": 0.8702533841133118,
      "max": 1.0198638439178467,
      "abs_mean": 0.9296128749847412,
      "shape": [
        24
      ],
      "numel": 24
    },
    "in_proj.weight": {
      "mean": -3.90658933611121e-05,
      "std": 0.029222482815384865,
      "min": -0.13872668147087097,
      "max": 0.13259270787239075,
      "abs_mean": 0.023709716275334358,
      "shape": [
        3224,
        768
      ],
      "numel": 2476032
    },
    "conv1d.weight": {
      "mean": 0.0001866226812126115,
      "std": 0.048473235219717026,
      "min": -0.17237435281276703,
      "max": 0.1896544098854065,
      "abs_mean": 0.03601207584142685,
      "shape": [
        1664,
        1,
        4
      ],
      "numel": 6656
    },
    "conv1d.bias": {
      "mean": -0.008580299094319344,
      "std": 0.2570760250091553,
      "min": -0.5072503685951233,
      "max": 0.511354923248291,
      "abs_mean": 0.22331897914409637,
      "shape": [
        1664
      ],
      "numel": 1664
    },
    "norm.weight": {
      "mean": 0.9534196853637695,
      "std": 0.025835929438471794,
      "min": 0.8710509538650513,
      "max": 1.0464273691177368,
      "abs_mean": 0.9534196853637695,
      "shape": [
        1536
      ],
      "numel": 1536
    },
    "out_proj.weight": {
      "mean": 5.427157702797558e-06,
      "std": 0.03260621055960655,
      "min": -0.13393047451972961,
      "max": 0.1366310715675354,
      "abs_mean": 0.02715962380170822,
      "shape": [
        768,
        1536
      ],
      "numel": 1179648
    }
  }
}