{
  "meta": {
    "step": 500,
    "layer_idx": 10,
    "timestamp": "20260324_123955"
  },
  "params": {
    "dt_bias": {
      "mean": -4.585017681121826,
      "std": 1.16669762134552,
      "min": -6.494817733764648,
      "max": -2.319314956665039,
      "abs_mean": 4.585017681121826,
      "shape": [
        24
      ],
      "numel": 24
    },
    "A_log": {
      "mean": 2.10878324508667,
      "std": 0.4755622446537018,
      "min": 0.9371817111968994,
      "max": 2.661284923553467,
      "abs_mean": 2.10878324508667,
      "shape": [
        24
      ],
      "numel": 24
    },
    "D": {
      "mean": 0.9725639224052429,
      "std": 0.007236794102936983,
      "min": 0.9601342678070068,
      "max": 0.9874594211578369,
      "abs_mean": 0.9725639224052429,
      "shape": [
        24
      ],
      "numel": 24
    },
    "in_proj.weight": {
      "mean": -5.5893135140649974e-05,
      "std": 0.0228249654173851,
      "min": -0.07892676442861557,
      "max": 0.07387568056583405,
      "abs_mean": 0.019485915079712868,
      "shape": [
        3224,
        768
      ],
      "numel": 2476032
    },
    "conv1d.weight": {
      "mean": 0.0002880154934246093,
      "std": 0.017557309940457344,
      "min": -0.04754453897476196,
      "max": 0.053979866206645966,
      "abs_mean": 0.014747563749551773,
      "shape": [
        1664,
        1,
        4
      ],
      "numel": 6656
    },
    "conv1d.bias": {
      "mean": -0.010308750905096531,
      "std": 0.2790566682815552,
      "min": -0.49695277214050293,
      "max": 0.49441608786582947,
      "abs_mean": 0.24181798100471497,
      "shape": [
        1664
      ],
      "numel": 1664
    },
    "norm.weight": {
      "mean": 0.9625797271728516,
      "std": 0.01881466805934906,
      "min": 0.910348117351532,
      "max": 1.0219666957855225,
      "abs_mean": 0.9625797271728516,
      "shape": [
        1536
      ],
      "numel": 1536
    },
    "out_proj.weight": {
      "mean": 8.593280654167756e-06,
      "std": 0.029110901057720184,
      "min": -0.07871277630329132,
      "max": 0.07774964720010757,
      "abs_mean": 0.025028906762599945,
      "shape": [
        768,
        1536
      ],
      "numel": 1179648
    }
  }
}