{
  "meta": {
    "step": 10000,
    "layer_idx": 28,
    "timestamp": "20260325_030533"
  },
  "params": {
    "dt_bias": {
      "mean": -3.333266019821167,
      "std": 1.067137360572815,
      "min": -5.161896705627441,
      "max": -1.8020769357681274,
      "abs_mean": 3.333266019821167,
      "shape": [
        32
      ],
      "numel": 32
    },
    "A_log": {
      "mean": 1.5623644590377808,
      "std": 0.42185595631599426,
      "min": 0.42519858479499817,
      "max": 2.0181169509887695,
      "abs_mean": 1.5623644590377808,
      "shape": [
        32
      ],
      "numel": 32
    },
    "D": {
      "mean": 0.7160334587097168,
      "std": 0.035417016595602036,
      "min": 0.6458500623703003,
      "max": 0.8001927733421326,
      "abs_mean": 0.7160334587097168,
      "shape": [
        32
      ],
      "numel": 32
    },
    "in_proj.weight": {
      "mean": 3.7263842386892065e-05,
      "std": 0.017898425459861755,
      "min": -0.1800769567489624,
      "max": 0.16194652020931244,
      "abs_mean": 0.014612744562327862,
      "shape": [
        4256,
        1024
      ],
      "numel": 4358144
    },
    "conv1d.weight": {
      "mean": 2.7958001737715676e-05,
      "std": 0.01629064977169037,
      "min": -0.09533966332674026,
      "max": 0.08992597460746765,
      "abs_mean": 0.012297208420932293,
      "shape": [
        2176,
        1,
        4
      ],
      "numel": 8704
    },
    "conv1d.bias": {
      "mean": -0.0024702439550310373,
      "std": 0.1952231377363205,
      "min": -0.4137544631958008,
      "max": 0.4328007698059082,
      "abs_mean": 0.1636352688074112,
      "shape": [
        2176
      ],
      "numel": 2176
    },
    "norm.weight": {
      "mean": 0.6530241966247559,
      "std": 0.08952584862709045,
      "min": 0.39240384101867676,
      "max": 0.8110320568084717,
      "abs_mean": 0.6530241966247559,
      "shape": [
        2048
      ],
      "numel": 2048
    },
    "out_proj.weight": {
      "mean": -2.9489179723896086e-05,
      "std": 0.021639183163642883,
      "min": -0.09865973889827728,
      "max": 0.10018661618232727,
      "abs_mean": 0.017733946442604065,
      "shape": [
        1024,
        2048
      ],
      "numel": 2097152
    }
  }
}