{
  "meta": {
    "step": 4000,
    "layer_idx": 13,
    "timestamp": "20260324_124401"
  },
  "params": {
    "dt_bias": {
      "mean": -4.01333475112915,
      "std": 0.9196996688842773,
      "min": -5.42249870300293,
      "max": -2.187976121902466,
      "abs_mean": 4.01333475112915,
      "shape": [
        24
      ],
      "numel": 24
    },
    "A_log": {
      "mean": 1.5938934087753296,
      "std": 0.635800838470459,
      "min": 0.1432683914899826,
      "max": 2.375694751739502,
      "abs_mean": 1.5938934087753296,
      "shape": [
        24
      ],
      "numel": 24
    },
    "D": {
      "mean": 0.8371169567108154,
      "std": 0.021372344344854355,
      "min": 0.7989318370819092,
      "max": 0.897053062915802,
      "abs_mean": 0.8371169567108154,
      "shape": [
        24
      ],
      "numel": 24
    },
    "in_proj.weight": {
      "mean": -0.00015933436225168407,
      "std": 0.02347636967897415,
      "min": -0.14931532740592957,
      "max": 0.1554643213748932,
      "abs_mean": 0.019260361790657043,
      "shape": [
        3224,
        768
      ],
      "numel": 2476032
    },
    "conv1d.weight": {
      "mean": 5.246287855698029e-06,
      "std": 0.019004452973604202,
      "min": -0.12726867198944092,
      "max": 0.11270767450332642,
      "abs_mean": 0.014635010622441769,
      "shape": [
        1664,
        1,
        4
      ],
      "numel": 6656
    },
    "conv1d.bias": {
      "mean": -0.007248731330037117,
      "std": 0.23012389242649078,
      "min": -0.45363131165504456,
      "max": 0.45067936182022095,
      "abs_mean": 0.1939922273159027,
      "shape": [
        1664
      ],
      "numel": 1664
    },
    "norm.weight": {
      "mean": 0.7856028079986572,
      "std": 0.0639897957444191,
      "min": 0.6312546133995056,
      "max": 0.913149893283844,
      "abs_mean": 0.7856028079986572,
      "shape": [
        1536
      ],
      "numel": 1536
    },
    "out_proj.weight": {
      "mean": 9.704079275252298e-06,
      "std": 0.028406362980604172,
      "min": -0.18494394421577454,
      "max": 0.18205876648426056,
      "abs_mean": 0.023397648707032204,
      "shape": [
        768,
        1536
      ],
      "numel": 1179648
    }
  }
}