{
  "meta": {
    "step": 2500,
    "layer_idx": 11,
    "timestamp": "20260324_124213"
  },
  "params": {
    "dt_bias": {
      "mean": -3.9584848880767822,
      "std": 1.1700276136398315,
      "min": -6.056483268737793,
      "max": -2.195054531097412,
      "abs_mean": 3.9584848880767822,
      "shape": [
        24
      ],
      "numel": 24
    },
    "A_log": {
      "mean": 1.7193468809127808,
      "std": 0.5730546712875366,
      "min": 0.3178471028804779,
      "max": 2.3526296615600586,
      "abs_mean": 1.7193468809127808,
      "shape": [
        24
      ],
      "numel": 24
    },
    "D": {
      "mean": 0.8719189167022705,
      "std": 0.023698268458247185,
      "min": 0.823176383972168,
      "max": 0.9204914569854736,
      "abs_mean": 0.8719189167022705,
      "shape": [
        24
      ],
      "numel": 24
    },
    "in_proj.weight": {
      "mean": -0.0001506558182882145,
      "std": 0.024097494781017303,
      "min": -0.14188899099826813,
      "max": 0.1832677125930786,
      "abs_mean": 0.019784849137067795,
      "shape": [
        3224,
        768
      ],
      "numel": 2476032
    },
    "conv1d.weight": {
      "mean": -0.0001078258574125357,
      "std": 0.0177384652197361,
      "min": -0.07663197815418243,
      "max": 0.0900781974196434,
      "abs_mean": 0.01363698672503233,
      "shape": [
        1664,
        1,
        4
      ],
      "numel": 6656
    },
    "conv1d.bias": {
      "mean": -0.002265460789203644,
      "std": 0.2435833364725113,
      "min": -0.4688853919506073,
      "max": 0.5097699165344238,
      "abs_mean": 0.20547428727149963,
      "shape": [
        1664
      ],
      "numel": 1664
    },
    "norm.weight": {
      "mean": 0.8247160911560059,
      "std": 0.06251248717308044,
      "min": 0.670257568359375,
      "max": 0.9408725500106812,
      "abs_mean": 0.8247160911560059,
      "shape": [
        1536
      ],
      "numel": 1536
    },
    "out_proj.weight": {
      "mean": 1.4150276001601014e-05,
      "std": 0.028792493045330048,
      "min": -0.153985857963562,
      "max": 0.15700039267539978,
      "abs_mean": 0.023899445310235023,
      "shape": [
        768,
        1536
      ],
      "numel": 1179648
    }
  }
}