{
  "meta": {
    "step": 1500,
    "layer_idx": 8,
    "timestamp": "20260324_124103"
  },
  "params": {
    "dt_bias": {
      "mean": -4.290228843688965,
      "std": 1.273705005645752,
      "min": -6.230526924133301,
      "max": -2.265033483505249,
      "abs_mean": 4.290228843688965,
      "shape": [
        24
      ],
      "numel": 24
    },
    "A_log": {
      "mean": 1.9733165502548218,
      "std": 0.6437708735466003,
      "min": 0.08678429573774338,
      "max": 2.5482723712921143,
      "abs_mean": 1.9733165502548218,
      "shape": [
        24
      ],
      "numel": 24
    },
    "D": {
      "mean": 0.916077196598053,
      "std": 0.020257605239748955,
      "min": 0.8511499762535095,
      "max": 0.9511231780052185,
      "abs_mean": 0.916077196598053,
      "shape": [
        24
      ],
      "numel": 24
    },
    "in_proj.weight": {
      "mean": -9.74976719589904e-05,
      "std": 0.024215878918766975,
      "min": -0.11599327623844147,
      "max": 0.12029793858528137,
      "abs_mean": 0.020088013261556625,
      "shape": [
        3224,
        768
      ],
      "numel": 2476032
    },
    "conv1d.weight": {
      "mean": -4.8919388063950464e-05,
      "std": 0.017192181199789047,
      "min": -0.07537327706813812,
      "max": 0.08578836172819138,
      "abs_mean": 0.013382570818066597,
      "shape": [
        1664,
        1,
        4
      ],
      "numel": 6656
    },
    "conv1d.bias": {
      "mean": -0.0015401087002828717,
      "std": 0.2574048340320587,
      "min": -0.4807213544845581,
      "max": 0.4660164415836334,
      "abs_mean": 0.21880587935447693,
      "shape": [
        1664
      ],
      "numel": 1664
    },
    "norm.weight": {
      "mean": 0.8801442980766296,
      "std": 0.04536965489387512,
      "min": 0.7551876902580261,
      "max": 0.9666547775268555,
      "abs_mean": 0.8801442980766296,
      "shape": [
        1536
      ],
      "numel": 1536
    },
    "out_proj.weight": {
      "mean": 4.76517561764922e-06,
      "std": 0.028829490765929222,
      "min": -0.11955112963914871,
      "max": 0.11710729449987411,
      "abs_mean": 0.02431347593665123,
      "shape": [
        768,
        1536
      ],
      "numel": 1179648
    }
  }
}