{
  "meta": {
    "step": 7500,
    "layer_idx": 6,
    "timestamp": "20260324_221509"
  },
  "params": {
    "dt_bias": {
      "mean": -3.4060347080230713,
      "std": 0.9881947636604309,
      "min": -4.976154804229736,
      "max": -1.7626179456710815,
      "abs_mean": 3.4060347080230713,
      "shape": [
        24
      ],
      "numel": 24
    },
    "A_log": {
      "mean": 1.373986840248108,
      "std": 0.48482704162597656,
      "min": 0.037053365260362625,
      "max": 1.899781584739685,
      "abs_mean": 1.373986840248108,
      "shape": [
        24
      ],
      "numel": 24
    },
    "D": {
      "mean": 0.7295474410057068,
      "std": 0.015090451575815678,
      "min": 0.7052940726280212,
      "max": 0.7721001505851746,
      "abs_mean": 0.7295474410057068,
      "shape": [
        24
      ],
      "numel": 24
    },
    "in_proj.weight": {
      "mean": -9.716954082250595e-05,
      "std": 0.028357472270727158,
      "min": -0.2926497459411621,
      "max": 0.2702714800834656,
      "abs_mean": 0.02229132689535618,
      "shape": [
        3224,
        768
      ],
      "numel": 2476032
    },
    "conv1d.weight": {
      "mean": 0.0008637079736217856,
      "std": 0.037570104002952576,
      "min": -0.1973537653684616,
      "max": 0.2393796741962433,
      "abs_mean": 0.02872592955827713,
      "shape": [
        1664,
        1,
        4
      ],
      "numel": 6656
    },
    "conv1d.bias": {
      "mean": 0.0015320717357099056,
      "std": 0.19272741675376892,
      "min": -0.4104245603084564,
      "max": 0.42724910378456116,
      "abs_mean": 0.1621507853269577,
      "shape": [
        1664
      ],
      "numel": 1664
    },
    "norm.weight": {
      "mean": 0.7065017819404602,
      "std": 0.050775639712810516,
      "min": 0.5809528827667236,
      "max": 0.980423092842102,
      "abs_mean": 0.7065017819404602,
      "shape": [
        1536
      ],
      "numel": 1536
    },
    "out_proj.weight": {
      "mean": -1.9279712432762608e-05,
      "std": 0.027340928092598915,
      "min": -0.1454993188381195,
      "max": 0.14301007986068726,
      "abs_mean": 0.022219033911824226,
      "shape": [
        768,
        1536
      ],
      "numel": 1179648
    }
  }
}