{
  "meta": {
    "step": 3400,
    "layer_idx": 0,
    "timestamp": "20260324_124313"
  },
  "params": {
    "dt_bias": {
      "mean": -3.9653637409210205,
      "std": 1.171771764755249,
      "min": -5.735452175140381,
      "max": -2.126014471054077,
      "abs_mean": 3.9653637409210205,
      "shape": [
        24
      ],
      "numel": 24
    },
    "A_log": {
      "mean": 1.5566701889038086,
      "std": 0.48450541496276855,
      "min": 0.44410309195518494,
      "max": 2.27060604095459,
      "abs_mean": 1.5566701889038086,
      "shape": [
        24
      ],
      "numel": 24
    },
    "D": {
      "mean": 0.8437673449516296,
      "std": 0.0566231831908226,
      "min": 0.7443245649337769,
      "max": 1.0164507627487183,
      "abs_mean": 0.8437673449516296,
      "shape": [
        24
      ],
      "numel": 24
    },
    "in_proj.weight": {
      "mean": -7.041655771899968e-05,
      "std": 0.03295770660042763,
      "min": -0.1611173301935196,
      "max": 0.16805145144462585,
      "abs_mean": 0.02643578313291073,
      "shape": [
        3224,
        768
      ],
      "numel": 2476032
    },
    "conv1d.weight": {
      "mean": -0.00016023239004425704,
      "std": 0.06305406987667084,
      "min": -0.19432532787322998,
      "max": 0.18712344765663147,
      "abs_mean": 0.04927399381995201,
      "shape": [
        1664,
        1,
        4
      ],
      "numel": 6656
    },
    "conv1d.bias": {
      "mean": -0.007430627476423979,
      "std": 0.21548834443092346,
      "min": -0.5119917988777161,
      "max": 0.5098053812980652,
      "abs_mean": 0.18749426305294037,
      "shape": [
        1664
      ],
      "numel": 1664
    },
    "norm.weight": {
      "mean": 0.903361976146698,
      "std": 0.03411974385380745,
      "min": 0.6947004199028015,
      "max": 0.9995557069778442,
      "abs_mean": 0.903361976146698,
      "shape": [
        1536
      ],
      "numel": 1536
    },
    "out_proj.weight": {
      "mean": 1.5121454453037586e-05,
      "std": 0.035679589956998825,
      "min": -0.16098086535930634,
      "max": 0.161088764667511,
      "abs_mean": 0.02914757840335369,
      "shape": [
        768,
        1536
      ],
      "numel": 1179648
    }
  }
}