{
  "meta": {
    "step": 5000,
    "layer_idx": 4,
    "timestamp": "20260324_220629"
  },
  "params": {
    "dt_bias": {
      "mean": -3.9427292346954346,
      "std": 0.9985566139221191,
      "min": -5.33201265335083,
      "max": -2.0076584815979004,
      "abs_mean": 3.9427292346954346,
      "shape": [
        24
      ],
      "numel": 24
    },
    "A_log": {
      "mean": 1.4483652114868164,
      "std": 0.5987792015075684,
      "min": 0.4750967025756836,
      "max": 2.1060986518859863,
      "abs_mean": 1.4483652114868164,
      "shape": [
        24
      ],
      "numel": 24
    },
    "D": {
      "mean": 0.7781019806861877,
      "std": 0.01345967035740614,
      "min": 0.7534806132316589,
      "max": 0.801962673664093,
      "abs_mean": 0.7781019806861877,
      "shape": [
        24
      ],
      "numel": 24
    },
    "in_proj.weight": {
      "mean": -0.0002258962776977569,
      "std": 0.035761814564466476,
      "min": -0.1882355958223343,
      "max": 0.22616201639175415,
      "abs_mean": 0.0284409336745739,
      "shape": [
        3224,
        768
      ],
      "numel": 2476032
    },
    "conv1d.weight": {
      "mean": -0.0013603715924546123,
      "std": 0.04639475420117378,
      "min": -0.19548369944095612,
      "max": 0.17447529733181,
      "abs_mean": 0.03754075616598129,
      "shape": [
        1664,
        1,
        4
      ],
      "numel": 6656
    },
    "conv1d.bias": {
      "mean": 0.007900210097432137,
      "std": 0.21608386933803558,
      "min": -0.421281635761261,
      "max": 0.43522825837135315,
      "abs_mean": 0.1867087483406067,
      "shape": [
        1664
      ],
      "numel": 1664
    },
    "norm.weight": {
      "mean": 0.785153865814209,
      "std": 0.0479646772146225,
      "min": 0.624727725982666,
      "max": 0.9652243256568909,
      "abs_mean": 0.785153865814209,
      "shape": [
        1536
      ],
      "numel": 1536
    },
    "out_proj.weight": {
      "mean": 4.430681292433292e-05,
      "std": 0.03442529961466789,
      "min": -0.17594030499458313,
      "max": 0.18229933083057404,
      "abs_mean": 0.02772914431989193,
      "shape": [
        768,
        1536
      ],
      "numel": 1179648
    }
  }
}