{
  "meta": {
    "step": 3500,
    "layer_idx": 4,
    "timestamp": "20260324_124320"
  },
  "params": {
    "dt_bias": {
      "mean": -3.6503496170043945,
      "std": 1.2140394449234009,
      "min": -5.693443298339844,
      "max": -1.9666117429733276,
      "abs_mean": 3.6503496170043945,
      "shape": [
        24
      ],
      "numel": 24
    },
    "A_log": {
      "mean": 1.5837278366088867,
      "std": 0.5119480490684509,
      "min": 0.6851908564567566,
      "max": 2.294200897216797,
      "abs_mean": 1.5837278366088867,
      "shape": [
        24
      ],
      "numel": 24
    },
    "D": {
      "mean": 0.8568565249443054,
      "std": 0.013889346271753311,
      "min": 0.8387502431869507,
      "max": 0.8872547745704651,
      "abs_mean": 0.8568565249443054,
      "shape": [
        24
      ],
      "numel": 24
    },
    "in_proj.weight": {
      "mean": -4.77292196592316e-05,
      "std": 0.02696424536406994,
      "min": -0.15524251759052277,
      "max": 0.1534026712179184,
      "abs_mean": 0.021749306470155716,
      "shape": [
        3224,
        768
      ],
      "numel": 2476032
    },
    "conv1d.weight": {
      "mean": -0.00018271933367941529,
      "std": 0.03035713918507099,
      "min": -0.1424330323934555,
      "max": 0.15148381888866425,
      "abs_mean": 0.022951988503336906,
      "shape": [
        1664,
        1,
        4
      ],
      "numel": 6656
    },
    "conv1d.bias": {
      "mean": -0.003510682377964258,
      "std": 0.23397020995616913,
      "min": -0.4626680314540863,
      "max": 0.4533843398094177,
      "abs_mean": 0.19843319058418274,
      "shape": [
        1664
      ],
      "numel": 1664
    },
    "norm.weight": {
      "mean": 0.8131112456321716,
      "std": 0.05558423697948456,
      "min": 0.6751646399497986,
      "max": 1.0302292108535767,
      "abs_mean": 0.8131112456321716,
      "shape": [
        1536
      ],
      "numel": 1536
    },
    "out_proj.weight": {
      "mean": 1.0420906619401649e-05,
      "std": 0.029190361499786377,
      "min": -0.18386320769786835,
      "max": 0.18312546610832214,
      "abs_mean": 0.024120017886161804,
      "shape": [
        768,
        1536
      ],
      "numel": 1179648
    }
  }
}