{
  "meta": {
    "step": 3000,
    "layer_idx": 0,
    "timestamp": "20260324_124247"
  },
  "params": {
    "dt_bias": {
      "mean": -3.9963443279266357,
      "std": 1.1820944547653198,
      "min": -5.790293216705322,
      "max": -2.1446826457977295,
      "abs_mean": 3.9963443279266357,
      "shape": [
        24
      ],
      "numel": 24
    },
    "A_log": {
      "mean": 1.5734916925430298,
      "std": 0.4900456666946411,
      "min": 0.4462442100048065,
      "max": 2.294907569885254,
      "abs_mean": 1.5734916925430298,
      "shape": [
        24
      ],
      "numel": 24
    },
    "D": {
      "mean": 0.8516981601715088,
      "std": 0.05590353533625603,
      "min": 0.7529793381690979,
      "max": 1.0208332538604736,
      "abs_mean": 0.8516981601715088,
      "shape": [
        24
      ],
      "numel": 24
    },
    "in_proj.weight": {
      "mean": -7.067115802783519e-05,
      "std": 0.03290741518139839,
      "min": -0.16099661588668823,
      "max": 0.17211078107357025,
      "abs_mean": 0.026406293734908104,
      "shape": [
        3224,
        768
      ],
      "numel": 2476032
    },
    "conv1d.weight": {
      "mean": -0.00014058871602173895,
      "std": 0.06268418580293655,
      "min": -0.19653138518333435,
      "max": 0.189360573887825,
      "abs_mean": 0.04873141273856163,
      "shape": [
        1664,
        1,
        4
      ],
      "numel": 6656
    },
    "conv1d.bias": {
      "mean": -0.007390133570879698,
      "std": 0.21841324865818024,
      "min": -0.5145767331123352,
      "max": 0.5126288533210754,
      "abs_mean": 0.18996769189834595,
      "shape": [
        1664
      ],
      "numel": 1664
    },
    "norm.weight": {
      "mean": 0.9104217886924744,
      "std": 0.03380461782217026,
      "min": 0.7076811790466309,
      "max": 1.0037598609924316,
      "abs_mean": 0.9104217886924744,
      "shape": [
        1536
      ],
      "numel": 1536
    },
    "out_proj.weight": {
      "mean": 1.5179212823568378e-05,
      "std": 0.0356900580227375,
      "min": -0.1624910980463028,
      "max": 0.16256660223007202,
      "abs_mean": 0.029183682054281235,
      "shape": [
        768,
        1536
      ],
      "numel": 1179648
    }
  }
}