{
  "meta": {
    "step": 3500,
    "layer_idx": 14,
    "timestamp": "20260324_124320"
  },
  "params": {
    "dt_bias": {
      "mean": -3.7531394958496094,
      "std": 1.1428751945495605,
      "min": -5.904485702514648,
      "max": -2.0468103885650635,
      "abs_mean": 3.7531394958496094,
      "shape": [
        24
      ],
      "numel": 24
    },
    "A_log": {
      "mean": 1.461458683013916,
      "std": 0.7536871433258057,
      "min": 0.07402139157056808,
      "max": 2.308638095855713,
      "abs_mean": 1.461458683013916,
      "shape": [
        24
      ],
      "numel": 24
    },
    "D": {
      "mean": 0.8434038162231445,
      "std": 0.024126289412379265,
      "min": 0.7978646755218506,
      "max": 0.8981475234031677,
      "abs_mean": 0.8434038162231445,
      "shape": [
        24
      ],
      "numel": 24
    },
    "in_proj.weight": {
      "mean": -0.00015054424875415862,
      "std": 0.023351257666945457,
      "min": -0.14916656911373138,
      "max": 0.13549664616584778,
      "abs_mean": 0.019194716587662697,
      "shape": [
        3224,
        768
      ],
      "numel": 2476032
    },
    "conv1d.weight": {
      "mean": 5.5538879678351805e-05,
      "std": 0.01815495453774929,
      "min": -0.0977674350142479,
      "max": 0.0708129033446312,
      "abs_mean": 0.013896978460252285,
      "shape": [
        1664,
        1,
        4
      ],
      "numel": 6656
    },
    "conv1d.bias": {
      "mean": 0.0011132098734378815,
      "std": 0.23717747628688812,
      "min": -0.46058082580566406,
      "max": 0.4829083979129791,
      "abs_mean": 0.19950073957443237,
      "shape": [
        1664
      ],
      "numel": 1664
    },
    "norm.weight": {
      "mean": 0.7907209396362305,
      "std": 0.06615834683179855,
      "min": 0.5960217714309692,
      "max": 0.9147127866744995,
      "abs_mean": 0.7907209396362305,
      "shape": [
        1536
      ],
      "numel": 1536
    },
    "out_proj.weight": {
      "mean": 2.2733980586053804e-05,
      "std": 0.028624553233385086,
      "min": -0.1755354404449463,
      "max": 0.18123646080493927,
      "abs_mean": 0.02357478253543377,
      "shape": [
        768,
        1536
      ],
      "numel": 1179648
    }
  }
}