{
  "meta": {
    "step": 7500,
    "layer_idx": 2,
    "timestamp": "20260324_221509"
  },
  "params": {
    "dt_bias": {
      "mean": -3.8275463581085205,
      "std": 0.8766968250274658,
      "min": -5.147425174713135,
      "max": -2.4129581451416016,
      "abs_mean": 3.8275463581085205,
      "shape": [
        24
      ],
      "numel": 24
    },
    "A_log": {
      "mean": 1.3716150522232056,
      "std": 0.6250153183937073,
      "min": 0.2638619542121887,
      "max": 2.0528781414031982,
      "abs_mean": 1.3716150522232056,
      "shape": [
        24
      ],
      "numel": 24
    },
    "D": {
      "mean": 0.6834704279899597,
      "std": 0.16076034307479858,
      "min": 0.22060392796993256,
      "max": 0.8061090707778931,
      "abs_mean": 0.6834704279899597,
      "shape": [
        24
      ],
      "numel": 24
    },
    "in_proj.weight": {
      "mean": -7.815087155904621e-05,
      "std": 0.03804541379213333,
      "min": -0.3602790832519531,
      "max": 0.3022674024105072,
      "abs_mean": 0.030035272240638733,
      "shape": [
        3224,
        768
      ],
      "numel": 2476032
    },
    "conv1d.weight": {
      "mean": 3.124662543996237e-05,
      "std": 0.05908839404582977,
      "min": -0.35836997628211975,
      "max": 0.36393097043037415,
      "abs_mean": 0.044019218534231186,
      "shape": [
        1664,
        1,
        4
      ],
      "numel": 6656
    },
    "conv1d.bias": {
      "mean": -0.0022794315591454506,
      "std": 0.18362298607826233,
      "min": -0.392025351524353,
      "max": 0.4004991352558136,
      "abs_mean": 0.15818704664707184,
      "shape": [
        1664
      ],
      "numel": 1664
    },
    "norm.weight": {
      "mean": 0.8733305931091309,
      "std": 0.07148472219705582,
      "min": 0.6424001455307007,
      "max": 1.2571394443511963,
      "abs_mean": 0.8733305931091309,
      "shape": [
        1536
      ],
      "numel": 1536
    },
    "out_proj.weight": {
      "mean": -6.13186330156168e-06,
      "std": 0.04076983034610748,
      "min": -0.21723413467407227,
      "max": 0.21768994629383087,
      "abs_mean": 0.032439541071653366,
      "shape": [
        768,
        1536
      ],
      "numel": 1179648
    }
  }
}