{
  "meta": {
    "step": 5000,
    "layer_idx": 2,
    "timestamp": "20260325_015736"
  },
  "params": {
    "dt_bias": {
      "mean": -4.017675876617432,
      "std": 1.0221341848373413,
      "min": -5.4326252937316895,
      "max": -1.923588752746582,
      "abs_mean": 4.017675876617432,
      "shape": [
        32
      ],
      "numel": 32
    },
    "A_log": {
      "mean": 1.5138347148895264,
      "std": 0.5516633987426758,
      "min": 0.31778499484062195,
      "max": 2.27970552444458,
      "abs_mean": 1.5138347148895264,
      "shape": [
        32
      ],
      "numel": 32
    },
    "D": {
      "mean": 0.8319042325019836,
      "std": 0.02975681610405445,
      "min": 0.7371246814727783,
      "max": 0.9032343626022339,
      "abs_mean": 0.8319042325019836,
      "shape": [
        32
      ],
      "numel": 32
    },
    "in_proj.weight": {
      "mean": 6.135857984190807e-05,
      "std": 0.029499078169465065,
      "min": -0.16131065785884857,
      "max": 0.17845192551612854,
      "abs_mean": 0.023618385195732117,
      "shape": [
        4256,
        1024
      ],
      "numel": 4358144
    },
    "conv1d.weight": {
      "mean": -0.0006368658505380154,
      "std": 0.04739927873015404,
      "min": -0.18618012964725494,
      "max": 0.19327159225940704,
      "abs_mean": 0.03492411971092224,
      "shape": [
        2176,
        1,
        4
      ],
      "numel": 8704
    },
    "conv1d.bias": {
      "mean": 0.0017786381067708135,
      "std": 0.22060257196426392,
      "min": -0.45603278279304504,
      "max": 0.4390282928943634,
      "abs_mean": 0.19145844876766205,
      "shape": [
        2176
      ],
      "numel": 2176
    },
    "norm.weight": {
      "mean": 0.887891411781311,
      "std": 0.04174230992794037,
      "min": 0.6009794473648071,
      "max": 1.0268826484680176,
      "abs_mean": 0.887891411781311,
      "shape": [
        2048
      ],
      "numel": 2048
    },
    "out_proj.weight": {
      "mean": 3.283785918029025e-05,
      "std": 0.031534161418676376,
      "min": -0.14857016503810883,
      "max": 0.14148953557014465,
      "abs_mean": 0.025485139340162277,
      "shape": [
        1024,
        2048
      ],
      "numel": 2097152
    }
  }
}