{
  "meta": {
    "step": 3000,
    "layer_idx": 14,
    "timestamp": "20260324_124247"
  },
  "params": {
    "dt_bias": {
      "mean": -3.7946557998657227,
      "std": 1.1541942358016968,
      "min": -5.970335960388184,
      "max": -2.0703060626983643,
      "abs_mean": 3.7946557998657227,
      "shape": [
        24
      ],
      "numel": 24
    },
    "A_log": {
      "mean": 1.480927586555481,
      "std": 0.7609983682632446,
      "min": 0.07996708899736404,
      "max": 2.3384768962860107,
      "abs_mean": 1.480927586555481,
      "shape": [
        24
      ],
      "numel": 24
    },
    "D": {
      "mean": 0.8559514880180359,
      "std": 0.022661352530121803,
      "min": 0.8141232132911682,
      "max": 0.906619668006897,
      "abs_mean": 0.8559514880180359,
      "shape": [
        24
      ],
      "numel": 24
    },
    "in_proj.weight": {
      "mean": -0.00014383965753950179,
      "std": 0.023393873125314713,
      "min": -0.152445450425148,
      "max": 0.13190405070781708,
      "abs_mean": 0.01926785707473755,
      "shape": [
        3224,
        768
      ],
      "numel": 2476032
    },
    "conv1d.weight": {
      "mean": 0.00010033665603259578,
      "std": 0.017762286588549614,
      "min": -0.08763613551855087,
      "max": 0.07258131355047226,
      "abs_mean": 0.013474314473569393,
      "shape": [
        1664,
        1,
        4
      ],
      "numel": 6656
    },
    "conv1d.bias": {
      "mean": 0.001198469428345561,
      "std": 0.2415265142917633,
      "min": -0.4646313786506653,
      "max": 0.48973938822746277,
      "abs_mean": 0.20358893275260925,
      "shape": [
        1664
      ],
      "numel": 1664
    },
    "norm.weight": {
      "mean": 0.8035998344421387,
      "std": 0.06641366332769394,
      "min": 0.6097519993782043,
      "max": 0.9274961948394775,
      "abs_mean": 0.8035998344421387,
      "shape": [
        1536
      ],
      "numel": 1536
    },
    "out_proj.weight": {
      "mean": 2.6921341486740857e-05,
      "std": 0.02880423329770565,
      "min": -0.1673307865858078,
      "max": 0.17003758251667023,
      "abs_mean": 0.023771440610289574,
      "shape": [
        768,
        1536
      ],
      "numel": 1179648
    }
  }
}