{
  "meta": {
    "step": 1000,
    "layer_idx": 15,
    "timestamp": "20260324_124030"
  },
  "params": {
    "dt_bias": {
      "mean": -4.117713451385498,
      "std": 1.3607797622680664,
      "min": -6.485722064971924,
      "max": -2.2676382064819336,
      "abs_mean": 4.117713451385498,
      "shape": [
        24
      ],
      "numel": 24
    },
    "A_log": {
      "mean": 2.0006463527679443,
      "std": 0.5092642307281494,
      "min": 0.4859217405319214,
      "max": 2.5794761180877686,
      "abs_mean": 2.0006463527679443,
      "shape": [
        24
      ],
      "numel": 24
    },
    "D": {
      "mean": 0.944080650806427,
      "std": 0.011438609100878239,
      "min": 0.9122624397277832,
      "max": 0.9597703814506531,
      "abs_mean": 0.944080650806427,
      "shape": [
        24
      ],
      "numel": 24
    },
    "in_proj.weight": {
      "mean": -7.846374501241371e-05,
      "std": 0.02330441027879715,
      "min": -0.09850377589464188,
      "max": 0.09768505394458771,
      "abs_mean": 0.0196343045681715,
      "shape": [
        3224,
        768
      ],
      "numel": 2476032
    },
    "conv1d.weight": {
      "mean": 2.2327913029585034e-05,
      "std": 0.017286155372858047,
      "min": -0.051702242344617844,
      "max": 0.0655473917722702,
      "abs_mean": 0.013824508525431156,
      "shape": [
        1664,
        1,
        4
      ],
      "numel": 6656
    },
    "conv1d.bias": {
      "mean": -0.010430481284856796,
      "std": 0.266313374042511,
      "min": -0.49031591415405273,
      "max": 0.48701992630958557,
      "abs_mean": 0.2276918888092041,
      "shape": [
        1664
      ],
      "numel": 1664
    },
    "norm.weight": {
      "mean": 0.9232119917869568,
      "std": 0.03397504612803459,
      "min": 0.8369156718254089,
      "max": 1.0070656538009644,
      "abs_mean": 0.9232119917869568,
      "shape": [
        1536
      ],
      "numel": 1536
    },
    "out_proj.weight": {
      "mean": 3.30138391291257e-05,
      "std": 0.029299352318048477,
      "min": -0.09381613880395889,
      "max": 0.09416289627552032,
      "abs_mean": 0.024877745658159256,
      "shape": [
        768,
        1536
      ],
      "numel": 1179648
    }
  }
}