{
  "meta": {
    "step": 5000,
    "layer_idx": 23,
    "timestamp": "20260325_015736"
  },
  "params": {
    "dt_bias": {
      "mean": -3.537353277206421,
      "std": 1.1305972337722778,
      "min": -5.482320785522461,
      "max": -1.8779754638671875,
      "abs_mean": 3.537353277206421,
      "shape": [
        32
      ],
      "numel": 32
    },
    "A_log": {
      "mean": 1.710424542427063,
      "std": 0.5401560068130493,
      "min": 0.15613007545471191,
      "max": 2.306225538253784,
      "abs_mean": 1.710424542427063,
      "shape": [
        32
      ],
      "numel": 32
    },
    "D": {
      "mean": 0.8240910172462463,
      "std": 0.026805125176906586,
      "min": 0.7305830121040344,
      "max": 0.8687283992767334,
      "abs_mean": 0.8240910172462463,
      "shape": [
        32
      ],
      "numel": 32
    },
    "in_proj.weight": {
      "mean": -1.7422005839762278e-05,
      "std": 0.02027037926018238,
      "min": -0.14530128240585327,
      "max": 0.1461564004421234,
      "abs_mean": 0.016512788832187653,
      "shape": [
        4256,
        1024
      ],
      "numel": 4358144
    },
    "conv1d.weight": {
      "mean": 6.127345113782212e-05,
      "std": 0.015503078699111938,
      "min": -0.05646621435880661,
      "max": 0.0896565169095993,
      "abs_mean": 0.011961321346461773,
      "shape": [
        2176,
        1,
        4
      ],
      "numel": 8704
    },
    "conv1d.bias": {
      "mean": 0.0001630592450965196,
      "std": 0.2322252243757248,
      "min": -0.45211127400398254,
      "max": 0.4486422836780548,
      "abs_mean": 0.1971529871225357,
      "shape": [
        2176
      ],
      "numel": 2176
    },
    "norm.weight": {
      "mean": 0.7686645984649658,
      "std": 0.06368368119001389,
      "min": 0.624836802482605,
      "max": 0.911645233631134,
      "abs_mean": 0.7686645984649658,
      "shape": [
        2048
      ],
      "numel": 2048
    },
    "out_proj.weight": {
      "mean": -1.9066990716964938e-05,
      "std": 0.02295270562171936,
      "min": -0.0871787965297699,
      "max": 0.09531339257955551,
      "abs_mean": 0.019178131595253944,
      "shape": [
        1024,
        2048
      ],
      "numel": 2097152
    }
  }
}