{
  "meta": {
    "step": 2000,
    "layer_idx": 3,
    "timestamp": "20260324_124138"
  },
  "params": {
    "dt_bias": {
      "mean": -3.622006416320801,
      "std": 1.0763057470321655,
      "min": -5.886787414550781,
      "max": -2.213062286376953,
      "abs_mean": 3.622006416320801,
      "shape": [
        24
      ],
      "numel": 24
    },
    "A_log": {
      "mean": 1.3870381116867065,
      "std": 0.7447764873504639,
      "min": 0.10313160717487335,
      "max": 2.456371784210205,
      "abs_mean": 1.3870381116867065,
      "shape": [
        24
      ],
      "numel": 24
    },
    "D": {
      "mean": 0.8957028985023499,
      "std": 0.012644934467971325,
      "min": 0.8786332011222839,
      "max": 0.9260038137435913,
      "abs_mean": 0.8957028985023499,
      "shape": [
        24
      ],
      "numel": 24
    },
    "in_proj.weight": {
      "mean": -4.528532372205518e-05,
      "std": 0.02758587896823883,
      "min": -0.14870521426200867,
      "max": 0.15210498869419098,
      "abs_mean": 0.02239127829670906,
      "shape": [
        3224,
        768
      ],
      "numel": 2476032
    },
    "conv1d.weight": {
      "mean": 0.00010108530113939196,
      "std": 0.0259348563849926,
      "min": -0.10021329671144485,
      "max": 0.09449439495801926,
      "abs_mean": 0.020642859861254692,
      "shape": [
        1664,
        1,
        4
      ],
      "numel": 6656
    },
    "conv1d.bias": {
      "mean": -0.0001168834205600433,
      "std": 0.24499930441379547,
      "min": -0.47169575095176697,
      "max": 0.48039254546165466,
      "abs_mean": 0.20854808390140533,
      "shape": [
        1664
      ],
      "numel": 1664
    },
    "norm.weight": {
      "mean": 0.8586044311523438,
      "std": 0.04678663611412048,
      "min": 0.7437185049057007,
      "max": 0.9909507632255554,
      "abs_mean": 0.8586044311523438,
      "shape": [
        1536
      ],
      "numel": 1536
    },
    "out_proj.weight": {
      "mean": 3.864730751956813e-05,
      "std": 0.029958883300423622,
      "min": -0.1415880024433136,
      "max": 0.13796591758728027,
      "abs_mean": 0.02492908574640751,
      "shape": [
        768,
        1536
      ],
      "numel": 1179648
    }
  }
}