{
  "meta": {
    "step": 10000,
    "layer_idx": 13,
    "timestamp": "20260325_030533"
  },
  "params": {
    "dt_bias": {
      "mean": -3.343374729156494,
      "std": 0.8818422555923462,
      "min": -4.8903889656066895,
      "max": -1.6298487186431885,
      "abs_mean": 3.343374729156494,
      "shape": [
        32
      ],
      "numel": 32
    },
    "A_log": {
      "mean": 1.3723127841949463,
      "std": 0.557371973991394,
      "min": 0.09704722464084625,
      "max": 2.0433013439178467,
      "abs_mean": 1.3723127841949463,
      "shape": [
        32
      ],
      "numel": 32
    },
    "D": {
      "mean": 0.7338929772377014,
      "std": 0.019672831520438194,
      "min": 0.6859713196754456,
      "max": 0.787808895111084,
      "abs_mean": 0.7338929772377014,
      "shape": [
        32
      ],
      "numel": 32
    },
    "in_proj.weight": {
      "mean": 0.00014966299931984395,
      "std": 0.01950719766318798,
      "min": -0.23172889649868011,
      "max": 0.2624639868736267,
      "abs_mean": 0.015742646530270576,
      "shape": [
        4256,
        1024
      ],
      "numel": 4358144
    },
    "conv1d.weight": {
      "mean": -0.00021214156004134566,
      "std": 0.02171865478157997,
      "min": -0.11842349916696548,
      "max": 0.1532278060913086,
      "abs_mean": 0.017101945355534554,
      "shape": [
        2176,
        1,
        4
      ],
      "numel": 8704
    },
    "conv1d.bias": {
      "mean": 0.0005691852420568466,
      "std": 0.1969708800315857,
      "min": -0.3713078498840332,
      "max": 0.4368714988231659,
      "abs_mean": 0.16686297953128815,
      "shape": [
        2176
      ],
      "numel": 2176
    },
    "norm.weight": {
      "mean": 0.7017107009887695,
      "std": 0.031937140971422195,
      "min": 0.5302202105522156,
      "max": 0.8744495511054993,
      "abs_mean": 0.7017107009887695,
      "shape": [
        2048
      ],
      "numel": 2048
    },
    "out_proj.weight": {
      "mean": 3.686086984089343e-06,
      "std": 0.021692756563425064,
      "min": -0.11280935257673264,
      "max": 0.11745443195104599,
      "abs_mean": 0.017951272428035736,
      "shape": [
        1024,
        2048
      ],
      "numel": 2097152
    }
  }
}