{
  "meta": {
    "step": 4000,
    "layer_idx": 0,
    "timestamp": "20260324_220253"
  },
  "params": {
    "dt_bias": {
      "mean": -3.64601993560791,
      "std": 1.0283489227294922,
      "min": -5.079189777374268,
      "max": -1.9006905555725098,
      "abs_mean": 3.64601993560791,
      "shape": [
        24
      ],
      "numel": 24
    },
    "A_log": {
      "mean": 1.3650404214859009,
      "std": 0.6037001013755798,
      "min": 0.32462945580482483,
      "max": 2.0636537075042725,
      "abs_mean": 1.3650404214859009,
      "shape": [
        24
      ],
      "numel": 24
    },
    "D": {
      "mean": 0.8005092740058899,
      "std": 0.053845662623643875,
      "min": 0.7150160670280457,
      "max": 0.9241786599159241,
      "abs_mean": 0.8005092740058899,
      "shape": [
        24
      ],
      "numel": 24
    },
    "in_proj.weight": {
      "mean": -3.759931860258803e-05,
      "std": 0.03633253648877144,
      "min": -0.18360793590545654,
      "max": 0.18501348793506622,
      "abs_mean": 0.02903342805802822,
      "shape": [
        3224,
        768
      ],
      "numel": 2476032
    },
    "conv1d.weight": {
      "mean": -0.0005710812984034419,
      "std": 0.06857606023550034,
      "min": -0.24271661043167114,
      "max": 0.2395622879266739,
      "abs_mean": 0.039242275059223175,
      "shape": [
        1664,
        1,
        4
      ],
      "numel": 6656
    },
    "conv1d.bias": {
      "mean": 0.004083096981048584,
      "std": 0.18447405099868774,
      "min": -0.4537339508533478,
      "max": 0.4868474006652832,
      "abs_mean": 0.15921729803085327,
      "shape": [
        1664
      ],
      "numel": 1664
    },
    "norm.weight": {
      "mean": 0.8134284019470215,
      "std": 0.04438316076993942,
      "min": 0.573175847530365,
      "max": 0.9058234691619873,
      "abs_mean": 0.8134284019470215,
      "shape": [
        1536
      ],
      "numel": 1536
    },
    "out_proj.weight": {
      "mean": -2.5857369109871797e-05,
      "std": 0.03636029735207558,
      "min": -0.1746886521577835,
      "max": 0.16648343205451965,
      "abs_mean": 0.02937043458223343,
      "shape": [
        768,
        1536
      ],
      "numel": 1179648
    }
  }
}