{
  "meta": {
    "step": 3000,
    "layer_idx": 10,
    "timestamp": "20260324_124247"
  },
  "params": {
    "dt_bias": {
      "mean": -4.110973834991455,
      "std": 1.0376362800598145,
      "min": -5.800461292266846,
      "max": -2.087160587310791,
      "abs_mean": 4.110973834991455,
      "shape": [
        24
      ],
      "numel": 24
    },
    "A_log": {
      "mean": 1.8868058919906616,
      "std": 0.4128352999687195,
      "min": 0.8925376534461975,
      "max": 2.3570690155029297,
      "abs_mean": 1.8868058919906616,
      "shape": [
        24
      ],
      "numel": 24
    },
    "D": {
      "mean": 0.8563265800476074,
      "std": 0.02358195371925831,
      "min": 0.8021689653396606,
      "max": 0.9045500159263611,
      "abs_mean": 0.8563265800476074,
      "shape": [
        24
      ],
      "numel": 24
    },
    "in_proj.weight": {
      "mean": -0.00015727177378721535,
      "std": 0.024923913180828094,
      "min": -0.16639858484268188,
      "max": 0.14831975102424622,
      "abs_mean": 0.020195376127958298,
      "shape": [
        3224,
        768
      ],
      "numel": 2476032
    },
    "conv1d.weight": {
      "mean": -0.0001193350981338881,
      "std": 0.019103912636637688,
      "min": -0.09048497676849365,
      "max": 0.10837231576442719,
      "abs_mean": 0.01473204791545868,
      "shape": [
        1664,
        1,
        4
      ],
      "numel": 6656
    },
    "conv1d.bias": {
      "mean": -0.009240789338946342,
      "std": 0.2402075082063675,
      "min": -0.45552948117256165,
      "max": 0.4586770832538605,
      "abs_mean": 0.20401550829410553,
      "shape": [
        1664
      ],
      "numel": 1664
    },
    "norm.weight": {
      "mean": 0.804110050201416,
      "std": 0.06497738510370255,
      "min": 0.6687459945678711,
      "max": 0.9457024931907654,
      "abs_mean": 0.804110050201416,
      "shape": [
        1536
      ],
      "numel": 1536
    },
    "out_proj.weight": {
      "mean": 1.968849937838968e-05,
      "std": 0.028688669204711914,
      "min": -0.16823458671569824,
      "max": 0.17489981651306152,
      "abs_mean": 0.023694099858403206,
      "shape": [
        768,
        1536
      ],
      "numel": 1179648
    }
  }
}