{
  "meta": {
    "step": 10000,
    "layer_idx": 5,
    "timestamp": "20260325_030533"
  },
  "params": {
    "dt_bias": {
      "mean": -3.4118893146514893,
      "std": 0.9412568211555481,
      "min": -4.873834133148193,
      "max": -1.90867018699646,
      "abs_mean": 3.4118893146514893,
      "shape": [
        32
      ],
      "numel": 32
    },
    "A_log": {
      "mean": 1.427944540977478,
      "std": 0.3793891370296478,
      "min": 0.5436899662017822,
      "max": 1.9000097513198853,
      "abs_mean": 1.427944540977478,
      "shape": [
        32
      ],
      "numel": 32
    },
    "D": {
      "mean": 0.7307536005973816,
      "std": 0.04493601247668266,
      "min": 0.5743559002876282,
      "max": 0.8188859224319458,
      "abs_mean": 0.7307536005973816,
      "shape": [
        32
      ],
      "numel": 32
    },
    "in_proj.weight": {
      "mean": 5.833852628711611e-05,
      "std": 0.03145943582057953,
      "min": -0.21774126589298248,
      "max": 0.1914297640323639,
      "abs_mean": 0.024964310228824615,
      "shape": [
        4256,
        1024
      ],
      "numel": 4358144
    },
    "conv1d.weight": {
      "mean": 0.001510418951511383,
      "std": 0.05143595486879349,
      "min": -0.29115989804267883,
      "max": 0.3140111267566681,
      "abs_mean": 0.040843747556209564,
      "shape": [
        2176,
        1,
        4
      ],
      "numel": 8704
    },
    "conv1d.bias": {
      "mean": -0.005780838429927826,
      "std": 0.1958313137292862,
      "min": -0.39460161328315735,
      "max": 0.41371098160743713,
      "abs_mean": 0.16778579354286194,
      "shape": [
        2176
      ],
      "numel": 2176
    },
    "norm.weight": {
      "mean": 0.8921226859092712,
      "std": 0.05823366343975067,
      "min": 0.6028329133987427,
      "max": 1.133488416671753,
      "abs_mean": 0.8921226859092712,
      "shape": [
        2048
      ],
      "numel": 2048
    },
    "out_proj.weight": {
      "mean": 1.1299640391371213e-05,
      "std": 0.03346850350499153,
      "min": -0.2061046063899994,
      "max": 0.19783449172973633,
      "abs_mean": 0.026694582775235176,
      "shape": [
        1024,
        2048
      ],
      "numel": 2097152
    }
  }
}