{
  "meta": {
    "step": 5000,
    "layer_idx": 19,
    "timestamp": "20260325_015736"
  },
  "params": {
    "dt_bias": {
      "mean": -3.5399017333984375,
      "std": 1.0544403791427612,
      "min": -5.640938758850098,
      "max": -2.0019428730010986,
      "abs_mean": 3.5399017333984375,
      "shape": [
        32
      ],
      "numel": 32
    },
    "A_log": {
      "mean": 1.7950265407562256,
      "std": 0.48858755826950073,
      "min": 0.39047467708587646,
      "max": 2.3165578842163086,
      "abs_mean": 1.7950265407562256,
      "shape": [
        32
      ],
      "numel": 32
    },
    "D": {
      "mean": 0.8317059278488159,
      "std": 0.018715566024184227,
      "min": 0.7706865072250366,
      "max": 0.870648205280304,
      "abs_mean": 0.8317059278488159,
      "shape": [
        32
      ],
      "numel": 32
    },
    "in_proj.weight": {
      "mean": -1.3370417946134694e-06,
      "std": 0.01972992904484272,
      "min": -0.1610509306192398,
      "max": 0.17619724571704865,
      "abs_mean": 0.01622619293630123,
      "shape": [
        4256,
        1024
      ],
      "numel": 4358144
    },
    "conv1d.weight": {
      "mean": -0.000137296985485591,
      "std": 0.01827254891395569,
      "min": -0.09802278876304626,
      "max": 0.07817479223012924,
      "abs_mean": 0.014322949573397636,
      "shape": [
        2176,
        1,
        4
      ],
      "numel": 8704
    },
    "conv1d.bias": {
      "mean": -0.0010809573577716947,
      "std": 0.23009446263313293,
      "min": -0.45009100437164307,
      "max": 0.46121978759765625,
      "abs_mean": 0.19679690897464752,
      "shape": [
        2176
      ],
      "numel": 2176
    },
    "norm.weight": {
      "mean": 0.7955222129821777,
      "std": 0.04326406493782997,
      "min": 0.6500138640403748,
      "max": 0.9252288937568665,
      "abs_mean": 0.7955222129821777,
      "shape": [
        2048
      ],
      "numel": 2048
    },
    "out_proj.weight": {
      "mean": -3.307204679003917e-05,
      "std": 0.022941485047340393,
      "min": -0.08513728529214859,
      "max": 0.08271856606006622,
      "abs_mean": 0.019246429204940796,
      "shape": [
        1024,
        2048
      ],
      "numel": 2097152
    }
  }
}