{
  "meta": {
    "step": 4000,
    "layer_idx": 6,
    "timestamp": "20260324_124401"
  },
  "params": {
    "dt_bias": {
      "mean": -3.71098256111145,
      "std": 1.013183832168579,
      "min": -5.7931227684021,
      "max": -2.269129514694214,
      "abs_mean": 3.71098256111145,
      "shape": [
        24
      ],
      "numel": 24
    },
    "A_log": {
      "mean": 1.8590517044067383,
      "std": 0.531187117099762,
      "min": 0.2992423176765442,
      "max": 2.374133348464966,
      "abs_mean": 1.8590517044067383,
      "shape": [
        24
      ],
      "numel": 24
    },
    "D": {
      "mean": 0.8439376354217529,
      "std": 0.02028682641685009,
      "min": 0.8014628887176514,
      "max": 0.8972699046134949,
      "abs_mean": 0.8439376354217529,
      "shape": [
        24
      ],
      "numel": 24
    },
    "in_proj.weight": {
      "mean": -7.758541323710233e-05,
      "std": 0.0266497191041708,
      "min": -0.1682571917772293,
      "max": 0.17504946887493134,
      "abs_mean": 0.021434562280774117,
      "shape": [
        3224,
        768
      ],
      "numel": 2476032
    },
    "conv1d.weight": {
      "mean": -5.6236767704831436e-05,
      "std": 0.02764303609728813,
      "min": -0.11418940871953964,
      "max": 0.11314301192760468,
      "abs_mean": 0.021474895998835564,
      "shape": [
        1664,
        1,
        4
      ],
      "numel": 6656
    },
    "conv1d.bias": {
      "mean": -0.002184045035392046,
      "std": 0.2304229885339737,
      "min": -0.4355599880218506,
      "max": 0.42064905166625977,
      "abs_mean": 0.19549597799777985,
      "shape": [
        1664
      ],
      "numel": 1664
    },
    "norm.weight": {
      "mean": 0.795571506023407,
      "std": 0.05441371724009514,
      "min": 0.6713219285011292,
      "max": 0.939113974571228,
      "abs_mean": 0.795571506023407,
      "shape": [
        1536
      ],
      "numel": 1536
    },
    "out_proj.weight": {
      "mean": 1.786392203939613e-05,
      "std": 0.028524985536932945,
      "min": -0.19803309440612793,
      "max": 0.19186319410800934,
      "abs_mean": 0.023529192432761192,
      "shape": [
        768,
        1536
      ],
      "numel": 1179648
    }
  }
}