{
  "meta": {
    "step": 3500,
    "layer_idx": 11,
    "timestamp": "20260324_124320"
  },
  "params": {
    "dt_bias": {
      "mean": -3.8583600521087646,
      "std": 1.1407066583633423,
      "min": -5.902444362640381,
      "max": -2.13714861869812,
      "abs_mean": 3.8583600521087646,
      "shape": [
        24
      ],
      "numel": 24
    },
    "A_log": {
      "mean": 1.6705647706985474,
      "std": 0.558283805847168,
      "min": 0.30369648337364197,
      "max": 2.290961742401123,
      "abs_mean": 1.6705647706985474,
      "shape": [
        24
      ],
      "numel": 24
    },
    "D": {
      "mean": 0.84201580286026,
      "std": 0.026906609535217285,
      "min": 0.789854109287262,
      "max": 0.9141078591346741,
      "abs_mean": 0.84201580286026,
      "shape": [
        24
      ],
      "numel": 24
    },
    "in_proj.weight": {
      "mean": -0.00016152780153788626,
      "std": 0.024097612127661705,
      "min": -0.14501957595348358,
      "max": 0.23204028606414795,
      "abs_mean": 0.019660385325551033,
      "shape": [
        3224,
        768
      ],
      "numel": 2476032
    },
    "conv1d.weight": {
      "mean": -0.00010418251622468233,
      "std": 0.019326716661453247,
      "min": -0.10758835822343826,
      "max": 0.11995769292116165,
      "abs_mean": 0.015008687973022461,
      "shape": [
        1664,
        1,
        4
      ],
      "numel": 6656
    },
    "conv1d.bias": {
      "mean": -0.0021008425392210484,
      "std": 0.2335495501756668,
      "min": -0.45515570044517517,
      "max": 0.5295005440711975,
      "abs_mean": 0.19614703953266144,
      "shape": [
        1664
      ],
      "numel": 1664
    },
    "norm.weight": {
      "mean": 0.7946727275848389,
      "std": 0.0631672665476799,
      "min": 0.6266579627990723,
      "max": 0.9122826457023621,
      "abs_mean": 0.7946727275848389,
      "shape": [
        1536
      ],
      "numel": 1536
    },
    "out_proj.weight": {
      "mean": 7.076628662616713e-06,
      "std": 0.028423884883522987,
      "min": -0.17603939771652222,
      "max": 0.1815943717956543,
      "abs_mean": 0.023451855406165123,
      "shape": [
        768,
        1536
      ],
      "numel": 1179648
    }
  }
}