{
  "meta": {
    "step": 10000,
    "layer_idx": 19,
    "timestamp": "20260325_030533"
  },
  "params": {
    "dt_bias": {
      "mean": -3.160386085510254,
      "std": 0.9379817843437195,
      "min": -5.029743671417236,
      "max": -1.7880077362060547,
      "abs_mean": 3.160386085510254,
      "shape": [
        32
      ],
      "numel": 32
    },
    "A_log": {
      "mean": 1.611140489578247,
      "std": 0.43667998909950256,
      "min": 0.3533768653869629,
      "max": 2.0802226066589355,
      "abs_mean": 1.611140489578247,
      "shape": [
        32
      ],
      "numel": 32
    },
    "D": {
      "mean": 0.7385989427566528,
      "std": 0.021571651101112366,
      "min": 0.6733769178390503,
      "max": 0.7853673100471497,
      "abs_mean": 0.7385989427566528,
      "shape": [
        32
      ],
      "numel": 32
    },
    "in_proj.weight": {
      "mean": 2.378858880547341e-05,
      "std": 0.019039306789636612,
      "min": -0.1663031429052353,
      "max": 0.21284399926662445,
      "abs_mean": 0.015372670255601406,
      "shape": [
        4256,
        1024
      ],
      "numel": 4358144
    },
    "conv1d.weight": {
      "mean": -0.00010691796342143789,
      "std": 0.021595308557152748,
      "min": -0.10636498034000397,
      "max": 0.10100869089365005,
      "abs_mean": 0.016976457089185715,
      "shape": [
        2176,
        1,
        4
      ],
      "numel": 8704
    },
    "conv1d.bias": {
      "mean": -0.0012497251154854894,
      "std": 0.20307119190692902,
      "min": -0.4161621630191803,
      "max": 0.4308500587940216,
      "abs_mean": 0.172586590051651,
      "shape": [
        2176
      ],
      "numel": 2176
    },
    "norm.weight": {
      "mean": 0.7017427086830139,
      "std": 0.047765396535396576,
      "min": 0.5051934719085693,
      "max": 0.8465191125869751,
      "abs_mean": 0.7017427086830139,
      "shape": [
        2048
      ],
      "numel": 2048
    },
    "out_proj.weight": {
      "mean": -2.9705246561206877e-05,
      "std": 0.021739425137639046,
      "min": -0.10170785337686539,
      "max": 0.10462603718042374,
      "abs_mean": 0.017901746556162834,
      "shape": [
        1024,
        2048
      ],
      "numel": 2097152
    }
  }
}