{
  "meta": {
    "step": 4000,
    "layer_idx": 1,
    "timestamp": "20260324_124401"
  },
  "params": {
    "dt_bias": {
      "mean": -3.79297137260437,
      "std": 1.1693836450576782,
      "min": -5.835776329040527,
      "max": -2.07116961479187,
      "abs_mean": 3.79297137260437,
      "shape": [
        24
      ],
      "numel": 24
    },
    "A_log": {
      "mean": 1.4966192245483398,
      "std": 0.5587490200996399,
      "min": 0.3621496856212616,
      "max": 2.355617046356201,
      "abs_mean": 1.4966192245483398,
      "shape": [
        24
      ],
      "numel": 24
    },
    "D": {
      "mean": 0.8521118760108948,
      "std": 0.027830468490719795,
      "min": 0.8036160469055176,
      "max": 0.9128826260566711,
      "abs_mean": 0.8521118760108948,
      "shape": [
        24
      ],
      "numel": 24
    },
    "in_proj.weight": {
      "mean": 4.661494131141808e-06,
      "std": 0.033055830746889114,
      "min": -0.16287706792354584,
      "max": 0.17075565457344055,
      "abs_mean": 0.026526594534516335,
      "shape": [
        3224,
        768
      ],
      "numel": 2476032
    },
    "conv1d.weight": {
      "mean": 0.0004017135361209512,
      "std": 0.05633196607232094,
      "min": -0.16033205389976501,
      "max": 0.152362659573555,
      "abs_mean": 0.04691781848669052,
      "shape": [
        1664,
        1,
        4
      ],
      "numel": 6656
    },
    "conv1d.bias": {
      "mean": 0.0037157086189836264,
      "std": 0.21873484551906586,
      "min": -0.45239153504371643,
      "max": 0.45394912362098694,
      "abs_mean": 0.1882966160774231,
      "shape": [
        1664
      ],
      "numel": 1664
    },
    "norm.weight": {
      "mean": 0.9755232930183411,
      "std": 0.04839535057544708,
      "min": 0.6294394135475159,
      "max": 1.075551152229309,
      "abs_mean": 0.9755232930183411,
      "shape": [
        1536
      ],
      "numel": 1536
    },
    "out_proj.weight": {
      "mean": -3.5539527743821964e-05,
      "std": 0.03800505772233009,
      "min": -0.16630378365516663,
      "max": 0.15375934541225433,
      "abs_mean": 0.03086920827627182,
      "shape": [
        768,
        1536
      ],
      "numel": 1179648
    }
  }
}