{
  "meta": {
    "step": 2500,
    "layer_idx": 13,
    "timestamp": "20260324_215749"
  },
  "params": {
    "dt_bias": {
      "mean": -3.669609308242798,
      "std": 1.1818934679031372,
      "min": -5.804507255554199,
      "max": -2.0582027435302734,
      "abs_mean": 3.669609308242798,
      "shape": [
        24
      ],
      "numel": 24
    },
    "A_log": {
      "mean": 1.8642574548721313,
      "std": 0.3516160845756531,
      "min": 1.1656471490859985,
      "max": 2.388181209564209,
      "abs_mean": 1.8642574548721313,
      "shape": [
        24
      ],
      "numel": 24
    },
    "D": {
      "mean": 0.8687579035758972,
      "std": 0.01853969879448414,
      "min": 0.8280493021011353,
      "max": 0.9030585885047913,
      "abs_mean": 0.8687579035758972,
      "shape": [
        24
      ],
      "numel": 24
    },
    "in_proj.weight": {
      "mean": -1.0663401553756557e-05,
      "std": 0.023541508242487907,
      "min": -0.13068626821041107,
      "max": 0.12157347798347473,
      "abs_mean": 0.019442450255155563,
      "shape": [
        3224,
        768
      ],
      "numel": 2476032
    },
    "conv1d.weight": {
      "mean": 9.637819312047213e-05,
      "std": 0.018234580755233765,
      "min": -0.08399134129285812,
      "max": 0.06876210868358612,
      "abs_mean": 0.013986506499350071,
      "shape": [
        1664,
        1,
        4
      ],
      "numel": 6656
    },
    "conv1d.bias": {
      "mean": -0.0014276045840233564,
      "std": 0.23767124116420746,
      "min": -0.4544362425804138,
      "max": 0.4405823051929474,
      "abs_mean": 0.20445401966571808,
      "shape": [
        1664
      ],
      "numel": 1664
    },
    "norm.weight": {
      "mean": 0.8334628939628601,
      "std": 0.045260146260261536,
      "min": 0.7243983149528503,
      "max": 0.9425051808357239,
      "abs_mean": 0.8334628939628601,
      "shape": [
        1536
      ],
      "numel": 1536
    },
    "out_proj.weight": {
      "mean": -7.043325695121894e-06,
      "std": 0.028095463290810585,
      "min": -0.09455149620771408,
      "max": 0.09704515337944031,
      "abs_mean": 0.023525603115558624,
      "shape": [
        768,
        1536
      ],
      "numel": 1179648
    }
  }
}