{
  "meta": {
    "step": 500,
    "layer_idx": 13,
    "timestamp": "20260324_123955"
  },
  "params": {
    "dt_bias": {
      "mean": -4.564178466796875,
      "std": 1.0546057224273682,
      "min": -6.182072639465332,
      "max": -2.4610776901245117,
      "abs_mean": 4.564178466796875,
      "shape": [
        24
      ],
      "numel": 24
    },
    "A_log": {
      "mean": 1.813609004020691,
      "std": 0.752474308013916,
      "min": 0.11809010803699493,
      "max": 2.69388747215271,
      "abs_mean": 1.813609004020691,
      "shape": [
        24
      ],
      "numel": 24
    },
    "D": {
      "mean": 0.9736278653144836,
      "std": 0.0034499368630349636,
      "min": 0.9676541090011597,
      "max": 0.9787172675132751,
      "abs_mean": 0.9736278653144836,
      "shape": [
        24
      ],
      "numel": 24
    },
    "in_proj.weight": {
      "mean": -4.851325138588436e-05,
      "std": 0.022754037752747536,
      "min": -0.06890377402305603,
      "max": 0.06889081001281738,
      "abs_mean": 0.0194474495947361,
      "shape": [
        3224,
        768
      ],
      "numel": 2476032
    },
    "conv1d.weight": {
      "mean": 0.00012771334149874747,
      "std": 0.017247110605239868,
      "min": -0.04532821103930473,
      "max": 0.047511812299489975,
      "abs_mean": 0.014542041346430779,
      "shape": [
        1664,
        1,
        4
      ],
      "numel": 6656
    },
    "conv1d.bias": {
      "mean": -0.00902556348592043,
      "std": 0.27544525265693665,
      "min": -0.4984514117240906,
      "max": 0.4976987838745117,
      "abs_mean": 0.2380138784646988,
      "shape": [
        1664
      ],
      "numel": 1664
    },
    "norm.weight": {
      "mean": 0.9640839099884033,
      "std": 0.018472732976078987,
      "min": 0.9111752510070801,
      "max": 1.0226411819458008,
      "abs_mean": 0.9640839099884033,
      "shape": [
        1536
      ],
      "numel": 1536
    },
    "out_proj.weight": {
      "mean": 1.914811718961573e-06,
      "std": 0.029166366904973984,
      "min": -0.0776318833231926,
      "max": 0.07915998995304108,
      "abs_mean": 0.025071673095226288,
      "shape": [
        768,
        1536
      ],
      "numel": 1179648
    }
  }
}