{
  "meta": {
    "step": 2000,
    "layer_idx": 11,
    "timestamp": "20260324_124138"
  },
  "params": {
    "dt_bias": {
      "mean": -4.030820369720459,
      "std": 1.1944429874420166,
      "min": -6.174015522003174,
      "max": -2.2259016036987305,
      "abs_mean": 4.030820369720459,
      "shape": [
        24
      ],
      "numel": 24
    },
    "A_log": {
      "mean": 1.7525545358657837,
      "std": 0.5872796177864075,
      "min": 0.3155106008052826,
      "max": 2.3990986347198486,
      "abs_mean": 1.7525545358657837,
      "shape": [
        24
      ],
      "numel": 24
    },
    "D": {
      "mean": 0.8928859829902649,
      "std": 0.02080296352505684,
      "min": 0.8464268445968628,
      "max": 0.9304298758506775,
      "abs_mean": 0.8928859829902649,
      "shape": [
        24
      ],
      "numel": 24
    },
    "in_proj.weight": {
      "mean": -0.0001299268042203039,
      "std": 0.023998070508241653,
      "min": -0.13614842295646667,
      "max": 0.15726308524608612,
      "abs_mean": 0.019819585606455803,
      "shape": [
        3224,
        768
      ],
      "numel": 2476032
    },
    "conv1d.weight": {
      "mean": -0.00016591300664003938,
      "std": 0.017178593203425407,
      "min": -0.06483383476734161,
      "max": 0.07645588368177414,
      "abs_mean": 0.013265514746308327,
      "shape": [
        1664,
        1,
        4
      ],
      "numel": 6656
    },
    "conv1d.bias": {
      "mean": -0.0025020381435751915,
      "std": 0.25080597400665283,
      "min": -0.47888195514678955,
      "max": 0.5012562274932861,
      "abs_mean": 0.21230548620224,
      "shape": [
        1664
      ],
      "numel": 1664
    },
    "norm.weight": {
      "mean": 0.8501691222190857,
      "std": 0.05774366483092308,
      "min": 0.7088718414306641,
      "max": 0.9556467533111572,
      "abs_mean": 0.8501691222190857,
      "shape": [
        1536
      ],
      "numel": 1536
    },
    "out_proj.weight": {
      "mean": 7.550514055765234e-06,
      "std": 0.028946202248334885,
      "min": -0.13481837511062622,
      "max": 0.1366928368806839,
      "abs_mean": 0.024169648066163063,
      "shape": [
        768,
        1536
      ],
      "numel": 1179648
    }
  }
}