{
  "meta": {
    "step": 1500,
    "layer_idx": 1,
    "timestamp": "20260324_124103"
  },
  "params": {
    "dt_bias": {
      "mean": -4.07098388671875,
      "std": 1.2604628801345825,
      "min": -6.267565727233887,
      "max": -2.2220871448516846,
      "abs_mean": 4.07098388671875,
      "shape": [
        24
      ],
      "numel": 24
    },
    "A_log": {
      "mean": 1.680971622467041,
      "std": 0.6158133745193481,
      "min": 0.35463908314704895,
      "max": 2.4897656440734863,
      "abs_mean": 1.680971622467041,
      "shape": [
        24
      ],
      "numel": 24
    },
    "D": {
      "mean": 0.9199764728546143,
      "std": 0.015366747975349426,
      "min": 0.8947886228561401,
      "max": 0.9522444009780884,
      "abs_mean": 0.9199764728546143,
      "shape": [
        24
      ],
      "numel": 24
    },
    "in_proj.weight": {
      "mean": 3.1331808258983074e-06,
      "std": 0.030060453340411186,
      "min": -0.14443586766719818,
      "max": 0.1468968540430069,
      "abs_mean": 0.024346457794308662,
      "shape": [
        3224,
        768
      ],
      "numel": 2476032
    },
    "conv1d.weight": {
      "mean": 0.0001565053971717134,
      "std": 0.041835684329271317,
      "min": -0.15726812183856964,
      "max": 0.12592186033725739,
      "abs_mean": 0.03426693379878998,
      "shape": [
        1664,
        1,
        4
      ],
      "numel": 6656
    },
    "conv1d.bias": {
      "mean": 0.0037888737861067057,
      "std": 0.25491857528686523,
      "min": -0.4771420955657959,
      "max": 0.4790389835834503,
      "abs_mean": 0.22097346186637878,
      "shape": [
        1664
      ],
      "numel": 1664
    },
    "norm.weight": {
      "mean": 0.9655091762542725,
      "std": 0.028344325721263885,
      "min": 0.8101174831390381,
      "max": 1.054226279258728,
      "abs_mean": 0.9655091762542725,
      "shape": [
        1536
      ],
      "numel": 1536
    },
    "out_proj.weight": {
      "mean": -2.921421400969848e-05,
      "std": 0.03410544991493225,
      "min": -0.15039697289466858,
      "max": 0.13420842587947845,
      "abs_mean": 0.028157297521829605,
      "shape": [
        768,
        1536
      ],
      "numel": 1179648
    }
  }
}