{
  "meta": {
    "step": 5000,
    "layer_idx": 0,
    "timestamp": "20260325_015736"
  },
  "params": {
    "dt_bias": {
      "mean": -3.897840976715088,
      "std": 1.0385065078735352,
      "min": -5.524709701538086,
      "max": -2.343482732772827,
      "abs_mean": 3.897840976715088,
      "shape": [
        32
      ],
      "numel": 32
    },
    "A_log": {
      "mean": 1.3918051719665527,
      "std": 0.4128316342830658,
      "min": 0.4219132661819458,
      "max": 2.1346352100372314,
      "abs_mean": 1.3918051719665527,
      "shape": [
        32
      ],
      "numel": 32
    },
    "D": {
      "mean": 0.8226308822631836,
      "std": 0.042827509343624115,
      "min": 0.7479320764541626,
      "max": 0.9458320736885071,
      "abs_mean": 0.8226308822631836,
      "shape": [
        32
      ],
      "numel": 32
    },
    "in_proj.weight": {
      "mean": 5.2951592806493863e-05,
      "std": 0.02932634949684143,
      "min": -0.1848262995481491,
      "max": 0.1597813367843628,
      "abs_mean": 0.02351706102490425,
      "shape": [
        4256,
        1024
      ],
      "numel": 4358144
    },
    "conv1d.weight": {
      "mean": 0.000740998366381973,
      "std": 0.05966347083449364,
      "min": -0.21973267197608948,
      "max": 0.21361257135868073,
      "abs_mean": 0.0343543142080307,
      "shape": [
        2176,
        1,
        4
      ],
      "numel": 8704
    },
    "conv1d.bias": {
      "mean": 0.007957153022289276,
      "std": 0.20852985978126526,
      "min": -0.5010831952095032,
      "max": 0.502289354801178,
      "abs_mean": 0.17966985702514648,
      "shape": [
        2176
      ],
      "numel": 2176
    },
    "norm.weight": {
      "mean": 0.7973165512084961,
      "std": 0.04958328977227211,
      "min": 0.5834633111953735,
      "max": 0.925263524055481,
      "abs_mean": 0.7973165512084961,
      "shape": [
        2048
      ],
      "numel": 2048
    },
    "out_proj.weight": {
      "mean": -2.32277325267205e-05,
      "std": 0.028929127380251884,
      "min": -0.1382717490196228,
      "max": 0.14954732358455658,
      "abs_mean": 0.023597542196512222,
      "shape": [
        1024,
        2048
      ],
      "numel": 2097152
    }
  }
}