{
  "meta": {
    "step": 2500,
    "layer_idx": 15,
    "timestamp": "20260324_124213"
  },
  "params": {
    "dt_bias": {
      "mean": -3.8454854488372803,
      "std": 1.2725720405578613,
      "min": -6.050510406494141,
      "max": -2.0641653537750244,
      "abs_mean": 3.8454854488372803,
      "shape": [
        24
      ],
      "numel": 24
    },
    "A_log": {
      "mean": 1.8651751279830933,
      "std": 0.46897926926612854,
      "min": 0.4614049792289734,
      "max": 2.4001431465148926,
      "abs_mean": 1.8651751279830933,
      "shape": [
        24
      ],
      "numel": 24
    },
    "D": {
      "mean": 0.8675368428230286,
      "std": 0.023564746603369713,
      "min": 0.8190728425979614,
      "max": 0.9133202433586121,
      "abs_mean": 0.8675368428230286,
      "shape": [
        24
      ],
      "numel": 24
    },
    "in_proj.weight": {
      "mean": -0.00010428264067741111,
      "std": 0.02304673008620739,
      "min": -0.13777950406074524,
      "max": 0.12691989541053772,
      "abs_mean": 0.019114933907985687,
      "shape": [
        3224,
        768
      ],
      "numel": 2476032
    },
    "conv1d.weight": {
      "mean": 1.2367861017992254e-05,
      "std": 0.01777847483754158,
      "min": -0.07348021864891052,
      "max": 0.10840905457735062,
      "abs_mean": 0.013229544274508953,
      "shape": [
        1664,
        1,
        4
      ],
      "numel": 6656
    },
    "conv1d.bias": {
      "mean": -0.009244943037629128,
      "std": 0.24447672069072723,
      "min": -0.4718471169471741,
      "max": 0.4692264497280121,
      "abs_mean": 0.2061922699213028,
      "shape": [
        1664
      ],
      "numel": 1664
    },
    "norm.weight": {
      "mean": 0.8260433673858643,
      "std": 0.06532645225524902,
      "min": 0.6638921499252319,
      "max": 0.9698305130004883,
      "abs_mean": 0.8260433673858643,
      "shape": [
        1536
      ],
      "numel": 1536
    },
    "out_proj.weight": {
      "mean": 2.4829587346175686e-05,
      "std": 0.029106421396136284,
      "min": -0.1504158079624176,
      "max": 0.1489315778017044,
      "abs_mean": 0.02411424182355404,
      "shape": [
        768,
        1536
      ],
      "numel": 1179648
    }
  }
}