{
  "meta": {
    "step": 4500,
    "layer_idx": 15,
    "timestamp": "20260324_124435"
  },
  "params": {
    "dt_bias": {
      "mean": -3.7149200439453125,
      "std": 1.2289280891418457,
      "min": -5.844152927398682,
      "max": -2.004425525665283,
      "abs_mean": 3.7149200439453125,
      "shape": [
        24
      ],
      "numel": 24
    },
    "A_log": {
      "mean": 1.805763602256775,
      "std": 0.4508231580257416,
      "min": 0.4613008201122284,
      "max": 2.3264448642730713,
      "abs_mean": 1.805763602256775,
      "shape": [
        24
      ],
      "numel": 24
    },
    "D": {
      "mean": 0.820313036441803,
      "std": 0.03161708265542984,
      "min": 0.762116014957428,
      "max": 0.902969479560852,
      "abs_mean": 0.820313036441803,
      "shape": [
        24
      ],
      "numel": 24
    },
    "in_proj.weight": {
      "mean": -0.00010327841300750151,
      "std": 0.022795341908931732,
      "min": -0.1605072319507599,
      "max": 0.14906315505504608,
      "abs_mean": 0.01878238469362259,
      "shape": [
        3224,
        768
      ],
      "numel": 2476032
    },
    "conv1d.weight": {
      "mean": -7.179516614996828e-06,
      "std": 0.018994703888893127,
      "min": -0.08630773425102234,
      "max": 0.12172090262174606,
      "abs_mean": 0.014445662498474121,
      "shape": [
        1664,
        1,
        4
      ],
      "numel": 6656
    },
    "conv1d.bias": {
      "mean": -0.008417028933763504,
      "std": 0.2298477739095688,
      "min": -0.4538002908229828,
      "max": 0.4449947774410248,
      "abs_mean": 0.19249603152275085,
      "shape": [
        1664
      ],
      "numel": 1664
    },
    "norm.weight": {
      "mean": 0.7809759974479675,
      "std": 0.0661606714129448,
      "min": 0.5978922843933105,
      "max": 0.9330326318740845,
      "abs_mean": 0.7809759974479675,
      "shape": [
        1536
      ],
      "numel": 1536
    },
    "out_proj.weight": {
      "mean": 1.133280875365017e-05,
      "std": 0.02848493680357933,
      "min": -0.1836879551410675,
      "max": 0.182762011885643,
      "abs_mean": 0.023419514298439026,
      "shape": [
        768,
        1536
      ],
      "numel": 1179648
    }
  }
}