{
  "meta": {
    "step": 3000,
    "layer_idx": 12,
    "timestamp": "20260324_124247"
  },
  "params": {
    "dt_bias": {
      "mean": -4.009429454803467,
      "std": 1.3381736278533936,
      "min": -5.810483932495117,
      "max": -2.1616568565368652,
      "abs_mean": 4.009429454803467,
      "shape": [
        24
      ],
      "numel": 24
    },
    "A_log": {
      "mean": 1.7551469802856445,
      "std": 0.6206778287887573,
      "min": 0.22287814319133759,
      "max": 2.380810499191284,
      "abs_mean": 1.7551469802856445,
      "shape": [
        24
      ],
      "numel": 24
    },
    "D": {
      "mean": 0.8529720306396484,
      "std": 0.02733556739985943,
      "min": 0.8152619004249573,
      "max": 0.9316374063491821,
      "abs_mean": 0.8529720306396484,
      "shape": [
        24
      ],
      "numel": 24
    },
    "in_proj.weight": {
      "mean": -0.00010008795652538538,
      "std": 0.02411622367799282,
      "min": -0.19099201261997223,
      "max": 0.21796034276485443,
      "abs_mean": 0.019677340984344482,
      "shape": [
        3224,
        768
      ],
      "numel": 2476032
    },
    "conv1d.weight": {
      "mean": -0.0007787997601553798,
      "std": 0.018712051212787628,
      "min": -0.08805057406425476,
      "max": 0.1231059804558754,
      "abs_mean": 0.01409230474382639,
      "shape": [
        1664,
        1,
        4
      ],
      "numel": 6656
    },
    "conv1d.bias": {
      "mean": -0.008402405306696892,
      "std": 0.24212299287319183,
      "min": -0.48060542345046997,
      "max": 0.4833487272262573,
      "abs_mean": 0.20627069473266602,
      "shape": [
        1664
      ],
      "numel": 1664
    },
    "norm.weight": {
      "mean": 0.8086043000221252,
      "std": 0.07025619596242905,
      "min": 0.6342244148254395,
      "max": 0.9622018933296204,
      "abs_mean": 0.8086043000221252,
      "shape": [
        1536
      ],
      "numel": 1536
    },
    "out_proj.weight": {
      "mean": 9.641007636673748e-06,
      "std": 0.02887296862900257,
      "min": -0.1699441522359848,
      "max": 0.16953003406524658,
      "abs_mean": 0.02381710894405842,
      "shape": [
        768,
        1536
      ],
      "numel": 1179648
    }
  }
}