{
  "meta": {
    "step": 7500,
    "layer_idx": 15,
    "timestamp": "20260324_221509"
  },
  "params": {
    "dt_bias": {
      "mean": -3.6331729888916016,
      "std": 0.8598276972770691,
      "min": -4.923259258270264,
      "max": -1.955851435661316,
      "abs_mean": 3.6331729888916016,
      "shape": [
        24
      ],
      "numel": 24
    },
    "A_log": {
      "mean": 1.2891751527786255,
      "std": 0.5483933687210083,
      "min": 0.19264951348304749,
      "max": 1.9903059005737305,
      "abs_mean": 1.2891751527786255,
      "shape": [
        24
      ],
      "numel": 24
    },
    "D": {
      "mean": 0.6909358501434326,
      "std": 0.0420370027422905,
      "min": 0.6063656210899353,
      "max": 0.7976838946342468,
      "abs_mean": 0.6909358501434326,
      "shape": [
        24
      ],
      "numel": 24
    },
    "in_proj.weight": {
      "mean": -9.897707059280947e-05,
      "std": 0.021672651171684265,
      "min": -0.290935754776001,
      "max": 0.28299757838249207,
      "abs_mean": 0.017397355288267136,
      "shape": [
        3224,
        768
      ],
      "numel": 2476032
    },
    "conv1d.weight": {
      "mean": -9.70309556578286e-05,
      "std": 0.02064715139567852,
      "min": -0.16329318284988403,
      "max": 0.10433338582515717,
      "abs_mean": 0.015774857252836227,
      "shape": [
        1664,
        1,
        4
      ],
      "numel": 6656
    },
    "conv1d.bias": {
      "mean": 0.008752466179430485,
      "std": 0.19413115084171295,
      "min": -0.3972766697406769,
      "max": 0.39381834864616394,
      "abs_mean": 0.16300351917743683,
      "shape": [
        1664
      ],
      "numel": 1664
    },
    "norm.weight": {
      "mean": 0.6827468276023865,
      "std": 0.046616651117801666,
      "min": 0.5094874501228333,
      "max": 0.9112029671669006,
      "abs_mean": 0.6827468276023865,
      "shape": [
        1536
      ],
      "numel": 1536
    },
    "out_proj.weight": {
      "mean": -3.644718526629731e-05,
      "std": 0.025625966489315033,
      "min": -0.11052846908569336,
      "max": 0.12228342890739441,
      "abs_mean": 0.021006252616643906,
      "shape": [
        768,
        1536
      ],
      "numel": 1179648
    }
  }
}