{
  "meta": {
    "step": 2000,
    "layer_idx": 9,
    "timestamp": "20260324_124138"
  },
  "params": {
    "dt_bias": {
      "mean": -3.9706366062164307,
      "std": 1.2236567735671997,
      "min": -6.022672176361084,
      "max": -2.163358449935913,
      "abs_mean": 3.9706366062164307,
      "shape": [
        24
      ],
      "numel": 24
    },
    "A_log": {
      "mean": 1.6009368896484375,
      "std": 0.6237524747848511,
      "min": 0.665362536907196,
      "max": 2.497419834136963,
      "abs_mean": 1.6009368896484375,
      "shape": [
        24
      ],
      "numel": 24
    },
    "D": {
      "mean": 0.8925730586051941,
      "std": 0.020172346383333206,
      "min": 0.8475335240364075,
      "max": 0.9426474571228027,
      "abs_mean": 0.8925730586051941,
      "shape": [
        24
      ],
      "numel": 24
    },
    "in_proj.weight": {
      "mean": -7.022625504760072e-05,
      "std": 0.02387823909521103,
      "min": -0.16074331104755402,
      "max": 0.17381742596626282,
      "abs_mean": 0.019741104915738106,
      "shape": [
        3224,
        768
      ],
      "numel": 2476032
    },
    "conv1d.weight": {
      "mean": -0.0003181598149240017,
      "std": 0.018601182848215103,
      "min": -0.08067488670349121,
      "max": 0.07031533122062683,
      "abs_mean": 0.014545517042279243,
      "shape": [
        1664,
        1,
        4
      ],
      "numel": 6656
    },
    "conv1d.bias": {
      "mean": -0.000591786636505276,
      "std": 0.2550640106201172,
      "min": -0.4783612787723541,
      "max": 0.47634050250053406,
      "abs_mean": 0.2193901538848877,
      "shape": [
        1664
      ],
      "numel": 1664
    },
    "norm.weight": {
      "mean": 0.8574965000152588,
      "std": 0.051803868263959885,
      "min": 0.7253826856613159,
      "max": 0.9690654873847961,
      "abs_mean": 0.8574965000152588,
      "shape": [
        1536
      ],
      "numel": 1536
    },
    "out_proj.weight": {
      "mean": 1.1652857210719958e-05,
      "std": 0.02887725830078125,
      "min": -0.13828186690807343,
      "max": 0.13421107828617096,
      "abs_mean": 0.024151094257831573,
      "shape": [
        768,
        1536
      ],
      "numel": 1179648
    }
  }
}