{
  "meta": {
    "step": 4500,
    "layer_idx": 0,
    "timestamp": "20260324_124435"
  },
  "params": {
    "dt_bias": {
      "mean": -3.9177310466766357,
      "std": 1.1575629711151123,
      "min": -5.661303520202637,
      "max": -2.0946364402770996,
      "abs_mean": 3.9177310466766357,
      "shape": [
        24
      ],
      "numel": 24
    },
    "A_log": {
      "mean": 1.532651424407959,
      "std": 0.4765331745147705,
      "min": 0.43506574630737305,
      "max": 2.235161304473877,
      "abs_mean": 1.532651424407959,
      "shape": [
        24
      ],
      "numel": 24
    },
    "D": {
      "mean": 0.8321148753166199,
      "std": 0.056581199169158936,
      "min": 0.7323514819145203,
      "max": 1.0045417547225952,
      "abs_mean": 0.8321148753166199,
      "shape": [
        24
      ],
      "numel": 24
    },
    "in_proj.weight": {
      "mean": -7.287394691957161e-05,
      "std": 0.032857317477464676,
      "min": -0.16569331288337708,
      "max": 0.16437387466430664,
      "abs_mean": 0.026340395212173462,
      "shape": [
        3224,
        768
      ],
      "numel": 2476032
    },
    "conv1d.weight": {
      "mean": -0.0001984398259082809,
      "std": 0.06330254673957825,
      "min": -0.20087066292762756,
      "max": 0.18529905378818512,
      "abs_mean": 0.04968422278761864,
      "shape": [
        1664,
        1,
        4
      ],
      "numel": 6656
    },
    "conv1d.bias": {
      "mean": -0.007338928524404764,
      "std": 0.21151287853717804,
      "min": -0.5074174404144287,
      "max": 0.5051005482673645,
      "abs_mean": 0.1841227412223816,
      "shape": [
        1664
      ],
      "numel": 1664
    },
    "norm.weight": {
      "mean": 0.8918487429618835,
      "std": 0.034364279359579086,
      "min": 0.6801837682723999,
      "max": 0.9864912033081055,
      "abs_mean": 0.8918487429618835,
      "shape": [
        1536
      ],
      "numel": 1536
    },
    "out_proj.weight": {
      "mean": 1.697692641755566e-05,
      "std": 0.03547108918428421,
      "min": -0.15479429066181183,
      "max": 0.15983498096466064,
      "abs_mean": 0.02893810160458088,
      "shape": [
        768,
        1536
      ],
      "numel": 1179648
    }
  }
}