{
  "meta": {
    "step": 7500,
    "layer_idx": 9,
    "timestamp": "20260324_221509"
  },
  "params": {
    "dt_bias": {
      "mean": -3.338958740234375,
      "std": 0.9761132001876831,
      "min": -4.877969264984131,
      "max": -1.999260663986206,
      "abs_mean": 3.338958740234375,
      "shape": [
        24
      ],
      "numel": 24
    },
    "A_log": {
      "mean": 1.389749526977539,
      "std": 0.41176193952560425,
      "min": 0.3755210340023041,
      "max": 1.9773985147476196,
      "abs_mean": 1.389749526977539,
      "shape": [
        24
      ],
      "numel": 24
    },
    "D": {
      "mean": 0.72169429063797,
      "std": 0.023842016234993935,
      "min": 0.6742179989814758,
      "max": 0.7730021476745605,
      "abs_mean": 0.72169429063797,
      "shape": [
        24
      ],
      "numel": 24
    },
    "in_proj.weight": {
      "mean": -0.0001778422447387129,
      "std": 0.024855436757206917,
      "min": -0.245772585272789,
      "max": 0.22755832970142365,
      "abs_mean": 0.01963740773499012,
      "shape": [
        3224,
        768
      ],
      "numel": 2476032
    },
    "conv1d.weight": {
      "mean": 0.0001895712484838441,
      "std": 0.02883557416498661,
      "min": -0.1772768199443817,
      "max": 0.1722203940153122,
      "abs_mean": 0.021523747593164444,
      "shape": [
        1664,
        1,
        4
      ],
      "numel": 6656
    },
    "conv1d.bias": {
      "mean": 0.00040335359517484903,
      "std": 0.1884060800075531,
      "min": -0.380788117647171,
      "max": 0.3811124563217163,
      "abs_mean": 0.1576043665409088,
      "shape": [
        1664
      ],
      "numel": 1664
    },
    "norm.weight": {
      "mean": 0.684967041015625,
      "std": 0.040309157222509384,
      "min": 0.5288254022598267,
      "max": 0.9275497198104858,
      "abs_mean": 0.684967041015625,
      "shape": [
        1536
      ],
      "numel": 1536
    },
    "out_proj.weight": {
      "mean": -1.0497767561901128e-06,
      "std": 0.02566724643111229,
      "min": -0.15778540074825287,
      "max": 0.16103224456310272,
      "abs_mean": 0.021028956398367882,
      "shape": [
        768,
        1536
      ],
      "numel": 1179648
    }
  }
}