{
  "meta": {
    "step": 2500,
    "layer_idx": 2,
    "timestamp": "20260324_215749"
  },
  "params": {
    "dt_bias": {
      "mean": -4.4967474937438965,
      "std": 1.040441632270813,
      "min": -6.044131755828857,
      "max": -2.8133490085601807,
      "abs_mean": 4.4967474937438965,
      "shape": [
        24
      ],
      "numel": 24
    },
    "A_log": {
      "mean": 1.6660856008529663,
      "std": 0.581798791885376,
      "min": 0.6148772835731506,
      "max": 2.3972394466400146,
      "abs_mean": 1.6660856008529663,
      "shape": [
        24
      ],
      "numel": 24
    },
    "D": {
      "mean": 0.8725196719169617,
      "std": 0.04162336513400078,
      "min": 0.7208768129348755,
      "max": 0.9149876236915588,
      "abs_mean": 0.8725196719169617,
      "shape": [
        24
      ],
      "numel": 24
    },
    "in_proj.weight": {
      "mean": -7.020065822871402e-05,
      "std": 0.03351287543773651,
      "min": -0.22469018399715424,
      "max": 0.21267104148864746,
      "abs_mean": 0.02672186866402626,
      "shape": [
        3224,
        768
      ],
      "numel": 2476032
    },
    "conv1d.weight": {
      "mean": -0.000299181294394657,
      "std": 0.04388774186372757,
      "min": -0.1714182198047638,
      "max": 0.16117866337299347,
      "abs_mean": 0.034926317632198334,
      "shape": [
        1664,
        1,
        4
      ],
      "numel": 6656
    },
    "conv1d.bias": {
      "mean": -0.00345294876024127,
      "std": 0.23479123413562775,
      "min": -0.4489438235759735,
      "max": 0.4423772692680359,
      "abs_mean": 0.20371678471565247,
      "shape": [
        1664
      ],
      "numel": 1664
    },
    "norm.weight": {
      "mean": 0.9358407855033875,
      "std": 0.04421768710017204,
      "min": 0.8161556124687195,
      "max": 1.1360383033752441,
      "abs_mean": 0.9358407855033875,
      "shape": [
        1536
      ],
      "numel": 1536
    },
    "out_proj.weight": {
      "mean": 2.131506334990263e-06,
      "std": 0.035835109651088715,
      "min": -0.1874982863664627,
      "max": 0.18994522094726562,
      "abs_mean": 0.028902607038617134,
      "shape": [
        768,
        1536
      ],
      "numel": 1179648
    }
  }
}