{
  "meta": {
    "step": 4100,
    "layer_idx": 0,
    "timestamp": "20260324_124408"
  },
  "params": {
    "dt_bias": {
      "mean": -3.930166482925415,
      "std": 1.1613051891326904,
      "min": -5.680878639221191,
      "max": -2.1016809940338135,
      "abs_mean": 3.930166482925415,
      "shape": [
        24
      ],
      "numel": 24
    },
    "A_log": {
      "mean": 1.538724422454834,
      "std": 0.4785006046295166,
      "min": 0.43726634979248047,
      "max": 2.244474172592163,
      "abs_mean": 1.538724422454834,
      "shape": [
        24
      ],
      "numel": 24
    },
    "D": {
      "mean": 0.8350715637207031,
      "std": 0.05680663138628006,
      "min": 0.734632670879364,
      "max": 1.0074986219406128,
      "abs_mean": 0.8350715637207031,
      "shape": [
        24
      ],
      "numel": 24
    },
    "in_proj.weight": {
      "mean": -7.343481411226094e-05,
      "std": 0.03290523588657379,
      "min": -0.1640198826789856,
      "max": 0.1659056842327118,
      "abs_mean": 0.026383018121123314,
      "shape": [
        3224,
        768
      ],
      "numel": 2476032
    },
    "conv1d.weight": {
      "mean": -0.00018247458501718938,
      "std": 0.06326685845851898,
      "min": -0.19586840271949768,
      "max": 0.18644560873508453,
      "abs_mean": 0.0495886355638504,
      "shape": [
        1664,
        1,
        4
      ],
      "numel": 6656
    },
    "conv1d.bias": {
      "mean": -0.007355077192187309,
      "std": 0.21249127388000488,
      "min": -0.5085554718971252,
      "max": 0.5063758492469788,
      "abs_mean": 0.18495513498783112,
      "shape": [
        1664
      ],
      "numel": 1664
    },
    "norm.weight": {
      "mean": 0.8948691487312317,
      "std": 0.034334197640419006,
      "min": 0.6841429471969604,
      "max": 0.9902858138084412,
      "abs_mean": 0.8948691487312317,
      "shape": [
        1536
      ],
      "numel": 1536
    },
    "out_proj.weight": {
      "mean": 1.6255833543254994e-05,
      "std": 0.03554890677332878,
      "min": -0.15481388568878174,
      "max": 0.1600552350282669,
      "abs_mean": 0.0290099885314703,
      "shape": [
        768,
        1536
      ],
      "numel": 1179648
    }
  }
}