{
  "meta": {
    "step": 500,
    "layer_idx": 0,
    "timestamp": "20260324_123955"
  },
  "params": {
    "dt_bias": {
      "mean": -4.417294025421143,
      "std": 1.361937165260315,
      "min": -6.5756402015686035,
      "max": -2.375793695449829,
      "abs_mean": 4.417294025421143,
      "shape": [
        24
      ],
      "numel": 24
    },
    "A_log": {
      "mean": 1.876519799232483,
      "std": 0.6000207662582397,
      "min": 0.4031467139720917,
      "max": 2.6363525390625,
      "abs_mean": 1.876519799232483,
      "shape": [
        24
      ],
      "numel": 24
    },
    "D": {
      "mean": 0.9703771471977234,
      "std": 0.012310941703617573,
      "min": 0.9487703442573547,
      "max": 0.9930835962295532,
      "abs_mean": 0.9703771471977234,
      "shape": [
        24
      ],
      "numel": 24
    },
    "in_proj.weight": {
      "mean": -2.9827910111634992e-05,
      "std": 0.025758082047104836,
      "min": -0.10733940452337265,
      "max": 0.11020266264677048,
      "abs_mean": 0.021336788311600685,
      "shape": [
        3224,
        768
      ],
      "numel": 2476032
    },
    "conv1d.weight": {
      "mean": 0.00023933044576551765,
      "std": 0.03275587409734726,
      "min": -0.1358923614025116,
      "max": 0.14851324260234833,
      "abs_mean": 0.024978600442409515,
      "shape": [
        1664,
        1,
        4
      ],
      "numel": 6656
    },
    "conv1d.bias": {
      "mean": -0.00850389339029789,
      "std": 0.27728527784347534,
      "min": -0.5050308704376221,
      "max": 0.5027251839637756,
      "abs_mean": 0.24006150662899017,
      "shape": [
        1664
      ],
      "numel": 1664
    },
    "norm.weight": {
      "mean": 0.967994213104248,
      "std": 0.018362464383244514,
      "min": 0.911239504814148,
      "max": 1.0558786392211914,
      "abs_mean": 0.967994213104248,
      "shape": [
        1536
      ],
      "numel": 1536
    },
    "out_proj.weight": {
      "mean": 8.191240340238437e-06,
      "std": 0.03015626035630703,
      "min": -0.12068208307027817,
      "max": 0.11576209217309952,
      "abs_mean": 0.025624072179198265,
      "shape": [
        768,
        1536
      ],
      "numel": 1179648
    }
  }
}