{
  "meta": {
    "step": 5000,
    "layer_idx": 0,
    "timestamp": "20260324_220629"
  },
  "params": {
    "dt_bias": {
      "mean": -3.5404374599456787,
      "std": 0.9955559372901917,
      "min": -4.906666278839111,
      "max": -1.8188384771347046,
      "abs_mean": 3.5404374599456787,
      "shape": [
        24
      ],
      "numel": 24
    },
    "A_log": {
      "mean": 1.3063727617263794,
      "std": 0.5836970806121826,
      "min": 0.2952917814254761,
      "max": 1.9837483167648315,
      "abs_mean": 1.3063727617263794,
      "shape": [
        24
      ],
      "numel": 24
    },
    "D": {
      "mean": 0.7700226306915283,
      "std": 0.0515228770673275,
      "min": 0.6891032457351685,
      "max": 0.8860085010528564,
      "abs_mean": 0.7700226306915283,
      "shape": [
        24
      ],
      "numel": 24
    },
    "in_proj.weight": {
      "mean": -4.587025978253223e-05,
      "std": 0.036979738622903824,
      "min": -0.19482140243053436,
      "max": 0.18760648369789124,
      "abs_mean": 0.029538484290242195,
      "shape": [
        3224,
        768
      ],
      "numel": 2476032
    },
    "conv1d.weight": {
      "mean": -0.0005012070760130882,
      "std": 0.0691734105348587,
      "min": -0.24053886532783508,
      "max": 0.2362048178911209,
      "abs_mean": 0.039586763828992844,
      "shape": [
        1664,
        1,
        4
      ],
      "numel": 6656
    },
    "conv1d.bias": {
      "mean": 0.00370031432248652,
      "std": 0.1732809841632843,
      "min": -0.43729323148727417,
      "max": 0.4695148468017578,
      "abs_mean": 0.14926865696907043,
      "shape": [
        1664
      ],
      "numel": 1664
    },
    "norm.weight": {
      "mean": 0.7785162329673767,
      "std": 0.046676382422447205,
      "min": 0.5205726623535156,
      "max": 0.8709883689880371,
      "abs_mean": 0.7785162329673767,
      "shape": [
        1536
      ],
      "numel": 1536
    },
    "out_proj.weight": {
      "mean": -2.2203030312084593e-05,
      "std": 0.03661026060581207,
      "min": -0.18326972424983978,
      "max": 0.17096911370754242,
      "abs_mean": 0.029512209817767143,
      "shape": [
        768,
        1536
      ],
      "numel": 1179648
    }
  }
}