{
  "meta": {
    "step": 500,
    "layer_idx": 6,
    "timestamp": "20260324_123955"
  },
  "params": {
    "dt_bias": {
      "mean": -4.211900234222412,
      "std": 1.145511269569397,
      "min": -6.550580024719238,
      "max": -2.555752754211426,
      "abs_mean": 4.211900234222412,
      "shape": [
        24
      ],
      "numel": 24
    },
    "A_log": {
      "mean": 2.0998919010162354,
      "std": 0.5944323539733887,
      "min": 0.31314438581466675,
      "max": 2.663930892944336,
      "abs_mean": 2.0998919010162354,
      "shape": [
        24
      ],
      "numel": 24
    },
    "D": {
      "mean": 0.9730796217918396,
      "std": 0.005210653878748417,
      "min": 0.9619318842887878,
      "max": 0.9828038811683655,
      "abs_mean": 0.9730796217918396,
      "shape": [
        24
      ],
      "numel": 24
    },
    "in_proj.weight": {
      "mean": -4.185287616564892e-05,
      "std": 0.022916577756404877,
      "min": -0.08499035984277725,
      "max": 0.07866229861974716,
      "abs_mean": 0.019541801884770393,
      "shape": [
        3224,
        768
      ],
      "numel": 2476032
    },
    "conv1d.weight": {
      "mean": -2.089577537844889e-05,
      "std": 0.017562799155712128,
      "min": -0.05448688194155693,
      "max": 0.043805889785289764,
      "abs_mean": 0.014732413925230503,
      "shape": [
        1664,
        1,
        4
      ],
      "numel": 6656
    },
    "conv1d.bias": {
      "mean": -0.0025321603752672672,
      "std": 0.2780371606349945,
      "min": -0.496805340051651,
      "max": 0.4907125234603882,
      "abs_mean": 0.24154943227767944,
      "shape": [
        1664
      ],
      "numel": 1664
    },
    "norm.weight": {
      "mean": 0.9619478583335876,
      "std": 0.018599318340420723,
      "min": 0.9117026925086975,
      "max": 1.015389323234558,
      "abs_mean": 0.9619478583335876,
      "shape": [
        1536
      ],
      "numel": 1536
    },
    "out_proj.weight": {
      "mean": 2.7692898584064096e-05,
      "std": 0.029083330184221268,
      "min": -0.08052998781204224,
      "max": 0.08394491672515869,
      "abs_mean": 0.02500506304204464,
      "shape": [
        768,
        1536
      ],
      "numel": 1179648
    }
  }
}