{
  "meta": {
    "step": 5000,
    "layer_idx": 30,
    "timestamp": "20260325_015736"
  },
  "params": {
    "dt_bias": {
      "mean": -4.001104354858398,
      "std": 1.1807960271835327,
      "min": -5.644940376281738,
      "max": -2.014596700668335,
      "abs_mean": 4.001104354858398,
      "shape": [
        32
      ],
      "numel": 32
    },
    "A_log": {
      "mean": 1.6477105617523193,
      "std": 0.6388393044471741,
      "min": 0.25679630041122437,
      "max": 2.358283519744873,
      "abs_mean": 1.6477105617523193,
      "shape": [
        32
      ],
      "numel": 32
    },
    "D": {
      "mean": 0.8251138925552368,
      "std": 0.02911323867738247,
      "min": 0.7578655481338501,
      "max": 0.8747742772102356,
      "abs_mean": 0.8251138925552368,
      "shape": [
        32
      ],
      "numel": 32
    },
    "in_proj.weight": {
      "mean": 0.00010348140494897962,
      "std": 0.01917567290365696,
      "min": -0.1133834570646286,
      "max": 0.1253221184015274,
      "abs_mean": 0.015887126326560974,
      "shape": [
        4256,
        1024
      ],
      "numel": 4358144
    },
    "conv1d.weight": {
      "mean": -0.0001113325561163947,
      "std": 0.014431725256145,
      "min": -0.08012175559997559,
      "max": 0.08355884253978729,
      "abs_mean": 0.01108351070433855,
      "shape": [
        2176,
        1,
        4
      ],
      "numel": 8704
    },
    "conv1d.bias": {
      "mean": -0.0018967859214171767,
      "std": 0.2300025224685669,
      "min": -0.44404393434524536,
      "max": 0.4442884027957916,
      "abs_mean": 0.19543468952178955,
      "shape": [
        2176
      ],
      "numel": 2176
    },
    "norm.weight": {
      "mean": 0.7743858695030212,
      "std": 0.06501837819814682,
      "min": 0.5837951302528381,
      "max": 0.8713245391845703,
      "abs_mean": 0.7743858695030212,
      "shape": [
        2048
      ],
      "numel": 2048
    },
    "out_proj.weight": {
      "mean": 1.0335788829252124e-05,
      "std": 0.02313484437763691,
      "min": -0.08157115429639816,
      "max": 0.08541440963745117,
      "abs_mean": 0.019321460276842117,
      "shape": [
        1024,
        2048
      ],
      "numel": 2097152
    }
  }
}