{
  "meta": {
    "step": 4000,
    "layer_idx": 11,
    "timestamp": "20260324_124401"
  },
  "params": {
    "dt_bias": {
      "mean": -3.8289859294891357,
      "std": 1.1329454183578491,
      "min": -5.85754919052124,
      "max": -2.120056390762329,
      "abs_mean": 3.8289859294891357,
      "shape": [
        24
      ],
      "numel": 24
    },
    "A_log": {
      "mean": 1.6556363105773926,
      "std": 0.5538111329078674,
      "min": 0.2949806749820709,
      "max": 2.270699977874756,
      "abs_mean": 1.6556363105773926,
      "shape": [
        24
      ],
      "numel": 24
    },
    "D": {
      "mean": 0.8330385088920593,
      "std": 0.028066027909517288,
      "min": 0.7801419496536255,
      "max": 0.91448575258255,
      "abs_mean": 0.8330385088920593,
      "shape": [
        24
      ],
      "numel": 24
    },
    "in_proj.weight": {
      "mean": -0.00016309409693349153,
      "std": 0.02410292811691761,
      "min": -0.1559227555990219,
      "max": 0.24361099302768707,
      "abs_mean": 0.019630663096904755,
      "shape": [
        3224,
        768
      ],
      "numel": 2476032
    },
    "conv1d.weight": {
      "mean": -5.66905910091009e-05,
      "std": 0.0200559813529253,
      "min": -0.11789574474096298,
      "max": 0.12895923852920532,
      "abs_mean": 0.015619160607457161,
      "shape": [
        1664,
        1,
        4
      ],
      "numel": 6656
    },
    "conv1d.bias": {
      "mean": -0.0020443093962967396,
      "std": 0.23055154085159302,
      "min": -0.44993048906326294,
      "max": 0.5363733768463135,
      "abs_mean": 0.1933601051568985,
      "shape": [
        1664
      ],
      "numel": 1664
    },
    "norm.weight": {
      "mean": 0.787397563457489,
      "std": 0.06179067865014076,
      "min": 0.6222850680351257,
      "max": 0.9022458791732788,
      "abs_mean": 0.787397563457489,
      "shape": [
        1536
      ],
      "numel": 1536
    },
    "out_proj.weight": {
      "mean": 4.138216354476754e-06,
      "std": 0.028270594775676727,
      "min": -0.18216687440872192,
      "max": 0.18863843381404877,
      "abs_mean": 0.023302868008613586,
      "shape": [
        768,
        1536
      ],
      "numel": 1179648
    }
  }
}