{
  "meta": {
    "step": 4500,
    "layer_idx": 1,
    "timestamp": "20260324_124435"
  },
  "params": {
    "dt_bias": {
      "mean": -3.77609920501709,
      "std": 1.164181113243103,
      "min": -5.810428142547607,
      "max": -2.0616021156311035,
      "abs_mean": 3.77609920501709,
      "shape": [
        24
      ],
      "numel": 24
    },
    "A_log": {
      "mean": 1.4877123832702637,
      "std": 0.555278480052948,
      "min": 0.3633423149585724,
      "max": 2.3469769954681396,
      "abs_mean": 1.4877123832702637,
      "shape": [
        24
      ],
      "numel": 24
    },
    "D": {
      "mean": 0.8482862114906311,
      "std": 0.028485119342803955,
      "min": 0.7988465428352356,
      "max": 0.9110592603683472,
      "abs_mean": 0.8482862114906311,
      "shape": [
        24
      ],
      "numel": 24
    },
    "in_proj.weight": {
      "mean": 3.4219101507915184e-06,
      "std": 0.033048223704099655,
      "min": -0.16127680242061615,
      "max": 0.1719769537448883,
      "abs_mean": 0.026515837758779526,
      "shape": [
        3224,
        768
      ],
      "numel": 2476032
    },
    "conv1d.weight": {
      "mean": 0.0003880581061821431,
      "std": 0.056714609265327454,
      "min": -0.16168956458568573,
      "max": 0.1525857001543045,
      "abs_mean": 0.047245800495147705,
      "shape": [
        1664,
        1,
        4
      ],
      "numel": 6656
    },
    "conv1d.bias": {
      "mean": 0.003737199120223522,
      "std": 0.21691256761550903,
      "min": -0.4505462348461151,
      "max": 0.45226532220840454,
      "abs_mean": 0.18664437532424927,
      "shape": [
        1664
      ],
      "numel": 1664
    },
    "norm.weight": {
      "mean": 0.9750710129737854,
      "std": 0.04897179454565048,
      "min": 0.6227174401283264,
      "max": 1.0758553743362427,
      "abs_mean": 0.9750710129737854,
      "shape": [
        1536
      ],
      "numel": 1536
    },
    "out_proj.weight": {
      "mean": -3.593026485759765e-05,
      "std": 0.03804262727499008,
      "min": -0.16871345043182373,
      "max": 0.1571039855480194,
      "abs_mean": 0.030884848907589912,
      "shape": [
        768,
        1536
      ],
      "numel": 1179648
    }
  }
}