{
  "meta": {
    "step": 7500,
    "layer_idx": 7,
    "timestamp": "20260324_221509"
  },
  "params": {
    "dt_bias": {
      "mean": -3.01349139213562,
      "std": 0.981874942779541,
      "min": -5.012185096740723,
      "max": -1.6835293769836426,
      "abs_mean": 3.01349139213562,
      "shape": [
        24
      ],
      "numel": 24
    },
    "A_log": {
      "mean": 1.3347911834716797,
      "std": 0.524570643901825,
      "min": 0.3275185227394104,
      "max": 2.0245747566223145,
      "abs_mean": 1.3347911834716797,
      "shape": [
        24
      ],
      "numel": 24
    },
    "D": {
      "mean": 0.730900228023529,
      "std": 0.01600661873817444,
      "min": 0.690808117389679,
      "max": 0.7703606486320496,
      "abs_mean": 0.730900228023529,
      "shape": [
        24
      ],
      "numel": 24
    },
    "in_proj.weight": {
      "mean": -0.0001437042810721323,
      "std": 0.026389766484498978,
      "min": -0.21875128149986267,
      "max": 0.21632330119609833,
      "abs_mean": 0.02068512886762619,
      "shape": [
        3224,
        768
      ],
      "numel": 2476032
    },
    "conv1d.weight": {
      "mean": 2.558858977863565e-05,
      "std": 0.03349340707063675,
      "min": -0.1962192952632904,
      "max": 0.17250020802021027,
      "abs_mean": 0.025063373148441315,
      "shape": [
        1664,
        1,
        4
      ],
      "numel": 6656
    },
    "conv1d.bias": {
      "mean": -0.007994255982339382,
      "std": 0.19108369946479797,
      "min": -0.3967030942440033,
      "max": 0.37594854831695557,
      "abs_mean": 0.16039231419563293,
      "shape": [
        1664
      ],
      "numel": 1664
    },
    "norm.weight": {
      "mean": 0.6981438994407654,
      "std": 0.03769388049840927,
      "min": 0.5842704772949219,
      "max": 0.9768351912498474,
      "abs_mean": 0.6981438994407654,
      "shape": [
        1536
      ],
      "numel": 1536
    },
    "out_proj.weight": {
      "mean": 2.8038139134878293e-05,
      "std": 0.026408465579152107,
      "min": -0.12772439420223236,
      "max": 0.13097546994686127,
      "abs_mean": 0.021594522520899773,
      "shape": [
        768,
        1536
      ],
      "numel": 1179648
    }
  }
}