{
  "meta": {
    "step": 5000,
    "layer_idx": 3,
    "timestamp": "20260324_220629"
  },
  "params": {
    "dt_bias": {
      "mean": -3.6486265659332275,
      "std": 1.0226768255233765,
      "min": -5.263463020324707,
      "max": -1.8432122468948364,
      "abs_mean": 3.6486265659332275,
      "shape": [
        24
      ],
      "numel": 24
    },
    "A_log": {
      "mean": 1.2180873155593872,
      "std": 0.5255248546600342,
      "min": 0.19776718318462372,
      "max": 1.927459716796875,
      "abs_mean": 1.2180873155593872,
      "shape": [
        24
      ],
      "numel": 24
    },
    "D": {
      "mean": 0.7730958461761475,
      "std": 0.024272523820400238,
      "min": 0.6935032606124878,
      "max": 0.8262324929237366,
      "abs_mean": 0.7730958461761475,
      "shape": [
        24
      ],
      "numel": 24
    },
    "in_proj.weight": {
      "mean": -0.0001596831571077928,
      "std": 0.03811466693878174,
      "min": -0.21809259057044983,
      "max": 0.22784242033958435,
      "abs_mean": 0.030183881521224976,
      "shape": [
        3224,
        768
      ],
      "numel": 2476032
    },
    "conv1d.weight": {
      "mean": -0.000733388471417129,
      "std": 0.054082565009593964,
      "min": -0.209938183426857,
      "max": 0.22454071044921875,
      "abs_mean": 0.043531790375709534,
      "shape": [
        1664,
        1,
        4
      ],
      "numel": 6656
    },
    "conv1d.bias": {
      "mean": 0.004492304753512144,
      "std": 0.21099233627319336,
      "min": -0.4044884145259857,
      "max": 0.4024063050746918,
      "abs_mean": 0.18193119764328003,
      "shape": [
        1664
      ],
      "numel": 1664
    },
    "norm.weight": {
      "mean": 0.8858208060264587,
      "std": 0.05408398434519768,
      "min": 0.6342805624008179,
      "max": 1.1031497716903687,
      "abs_mean": 0.8858208060264587,
      "shape": [
        1536
      ],
      "numel": 1536
    },
    "out_proj.weight": {
      "mean": -9.610405686544254e-05,
      "std": 0.038442932069301605,
      "min": -0.2376955896615982,
      "max": 0.21943312883377075,
      "abs_mean": 0.030642058700323105,
      "shape": [
        768,
        1536
      ],
      "numel": 1179648
    }
  }
}