{
  "meta": {
    "step": 10000,
    "layer_idx": 15,
    "timestamp": "20260325_030533"
  },
  "params": {
    "dt_bias": {
      "mean": -3.5368707180023193,
      "std": 1.0315699577331543,
      "min": -5.118485450744629,
      "max": -1.8303165435791016,
      "abs_mean": 3.5368707180023193,
      "shape": [
        32
      ],
      "numel": 32
    },
    "A_log": {
      "mean": 1.3331615924835205,
      "std": 0.5270878076553345,
      "min": -0.002187904668971896,
      "max": 1.996756911277771,
      "abs_mean": 1.3332984447479248,
      "shape": [
        32
      ],
      "numel": 32
    },
    "D": {
      "mean": 0.7299726605415344,
      "std": 0.022253161296248436,
      "min": 0.6856556534767151,
      "max": 0.7887322902679443,
      "abs_mean": 0.7299726605415344,
      "shape": [
        32
      ],
      "numel": 32
    },
    "in_proj.weight": {
      "mean": 0.00012596245505847037,
      "std": 0.019064808264374733,
      "min": -0.2090037316083908,
      "max": 0.23584569990634918,
      "abs_mean": 0.015406814403831959,
      "shape": [
        4256,
        1024
      ],
      "numel": 4358144
    },
    "conv1d.weight": {
      "mean": -0.0002131407818524167,
      "std": 0.02144601009786129,
      "min": -0.10476846992969513,
      "max": 0.1491474211215973,
      "abs_mean": 0.016632720828056335,
      "shape": [
        2176,
        1,
        4
      ],
      "numel": 8704
    },
    "conv1d.bias": {
      "mean": -0.0019368687644600868,
      "std": 0.19704513251781464,
      "min": -0.3831976056098938,
      "max": 0.3827531337738037,
      "abs_mean": 0.16764307022094727,
      "shape": [
        2176
      ],
      "numel": 2176
    },
    "norm.weight": {
      "mean": 0.7004555463790894,
      "std": 0.030373796820640564,
      "min": 0.5718661546707153,
      "max": 0.8279156684875488,
      "abs_mean": 0.7004555463790894,
      "shape": [
        2048
      ],
      "numel": 2048
    },
    "out_proj.weight": {
      "mean": 1.2165405678388197e-05,
      "std": 0.02145056426525116,
      "min": -0.09972023963928223,
      "max": 0.1144157126545906,
      "abs_mean": 0.01776396483182907,
      "shape": [
        1024,
        2048
      ],
      "numel": 2097152
    }
  }
}