{
  "meta": {
    "step": 7500,
    "layer_idx": 4,
    "timestamp": "20260324_221509"
  },
  "params": {
    "dt_bias": {
      "mean": -3.720604658126831,
      "std": 0.9347400665283203,
      "min": -5.02441930770874,
      "max": -1.8991612195968628,
      "abs_mean": 3.720604658126831,
      "shape": [
        24
      ],
      "numel": 24
    },
    "A_log": {
      "mean": 1.3563107252120972,
      "std": 0.5563576221466064,
      "min": 0.4513222873210907,
      "max": 1.966290831565857,
      "abs_mean": 1.3563107252120972,
      "shape": [
        24
      ],
      "numel": 24
    },
    "D": {
      "mean": 0.7329334616661072,
      "std": 0.016398854553699493,
      "min": 0.707109272480011,
      "max": 0.7645215392112732,
      "abs_mean": 0.7329334616661072,
      "shape": [
        24
      ],
      "numel": 24
    },
    "in_proj.weight": {
      "mean": -0.00026849418645724654,
      "std": 0.0375923253595829,
      "min": -0.2132006734609604,
      "max": 0.20633727312088013,
      "abs_mean": 0.029823679476976395,
      "shape": [
        3224,
        768
      ],
      "numel": 2476032
    },
    "conv1d.weight": {
      "mean": -0.0017992004286497831,
      "std": 0.05530206859111786,
      "min": -0.22253617644309998,
      "max": 0.1714053750038147,
      "abs_mean": 0.0447072796523571,
      "shape": [
        1664,
        1,
        4
      ],
      "numel": 6656
    },
    "conv1d.bias": {
      "mean": 0.009292407892644405,
      "std": 0.20204231142997742,
      "min": -0.3998859226703644,
      "max": 0.41257917881011963,
      "abs_mean": 0.17449286580085754,
      "shape": [
        1664
      ],
      "numel": 1664
    },
    "norm.weight": {
      "mean": 0.7687069773674011,
      "std": 0.043487872928380966,
      "min": 0.6302274465560913,
      "max": 0.9664450883865356,
      "abs_mean": 0.7687069773674011,
      "shape": [
        1536
      ],
      "numel": 1536
    },
    "out_proj.weight": {
      "mean": 3.469242074061185e-05,
      "std": 0.03536359220743179,
      "min": -0.1902063488960266,
      "max": 0.1847856342792511,
      "abs_mean": 0.02832840196788311,
      "shape": [
        768,
        1536
      ],
      "numel": 1179648
    }
  }
}