{
  "meta": {
    "step": 5000,
    "layer_idx": 29,
    "timestamp": "20260325_015736"
  },
  "params": {
    "dt_bias": {
      "mean": -3.811969757080078,
      "std": 1.0117018222808838,
      "min": -5.657971382141113,
      "max": -2.2049477100372314,
      "abs_mean": 3.811969757080078,
      "shape": [
        32
      ],
      "numel": 32
    },
    "A_log": {
      "mean": 1.5991214513778687,
      "std": 0.5303854942321777,
      "min": 0.4065375030040741,
      "max": 2.349849224090576,
      "abs_mean": 1.5991214513778687,
      "shape": [
        32
      ],
      "numel": 32
    },
    "D": {
      "mean": 0.8258607387542725,
      "std": 0.021230263635516167,
      "min": 0.7752442359924316,
      "max": 0.8774456977844238,
      "abs_mean": 0.8258607387542725,
      "shape": [
        32
      ],
      "numel": 32
    },
    "in_proj.weight": {
      "mean": 5.480185791384429e-05,
      "std": 0.01906280405819416,
      "min": -0.12609054148197174,
      "max": 0.13290254771709442,
      "abs_mean": 0.015798015519976616,
      "shape": [
        4256,
        1024
      ],
      "numel": 4358144
    },
    "conv1d.weight": {
      "mean": -0.0003236958582419902,
      "std": 0.014834854751825333,
      "min": -0.07362212240695953,
      "max": 0.0834989920258522,
      "abs_mean": 0.011115106754004955,
      "shape": [
        2176,
        1,
        4
      ],
      "numel": 8704
    },
    "conv1d.bias": {
      "mean": 0.0014005338307470083,
      "std": 0.22749143838882446,
      "min": -0.45421159267425537,
      "max": 0.4323521554470062,
      "abs_mean": 0.19380292296409607,
      "shape": [
        2176
      ],
      "numel": 2176
    },
    "norm.weight": {
      "mean": 0.7607390880584717,
      "std": 0.07668131589889526,
      "min": 0.5728992223739624,
      "max": 0.8894062638282776,
      "abs_mean": 0.7607390880584717,
      "shape": [
        2048
      ],
      "numel": 2048
    },
    "out_proj.weight": {
      "mean": 7.775082849548198e-06,
      "std": 0.02307547815144062,
      "min": -0.0914037674665451,
      "max": 0.0834970772266388,
      "abs_mean": 0.01923932135105133,
      "shape": [
        1024,
        2048
      ],
      "numel": 2097152
    }
  }
}