{
  "meta": {
    "step": 9500,
    "layer_idx": 0,
    "timestamp": "20260324_222147"
  },
  "params": {
    "dt_bias": {
      "mean": -3.328409433364868,
      "std": 0.9389006495475769,
      "min": -4.567543029785156,
      "max": -1.6652958393096924,
      "abs_mean": 3.328409433364868,
      "shape": [
        24
      ],
      "numel": 24
    },
    "A_log": {
      "mean": 1.1995679140090942,
      "std": 0.5489588975906372,
      "min": 0.22676917910575867,
      "max": 1.8486263751983643,
      "abs_mean": 1.1995679140090942,
      "shape": [
        24
      ],
      "numel": 24
    },
    "D": {
      "mean": 0.7119746804237366,
      "std": 0.04633951187133789,
      "min": 0.6338743567466736,
      "max": 0.8061099052429199,
      "abs_mean": 0.7119746804237366,
      "shape": [
        24
      ],
      "numel": 24
    },
    "in_proj.weight": {
      "mean": -4.6247689169831574e-05,
      "std": 0.036560844630002975,
      "min": -0.18603751063346863,
      "max": 0.19655701518058777,
      "abs_mean": 0.029190100729465485,
      "shape": [
        3224,
        768
      ],
      "numel": 2476032
    },
    "conv1d.weight": {
      "mean": -0.0005575925461016595,
      "std": 0.0685076117515564,
      "min": -0.23262974619865417,
      "max": 0.22915016114711761,
      "abs_mean": 0.039116088300943375,
      "shape": [
        1664,
        1,
        4
      ],
      "numel": 6656
    },
    "conv1d.bias": {
      "mean": 0.0029019787907600403,
      "std": 0.15426012873649597,
      "min": -0.4017755389213562,
      "max": 0.4330601990222931,
      "abs_mean": 0.13255292177200317,
      "shape": [
        1664
      ],
      "numel": 1664
    },
    "norm.weight": {
      "mean": 0.7177424430847168,
      "std": 0.04743801802396774,
      "min": 0.4502166211605072,
      "max": 0.8104116916656494,
      "abs_mean": 0.7177424430847168,
      "shape": [
        1536
      ],
      "numel": 1536
    },
    "out_proj.weight": {
      "mean": -1.5149782484513707e-05,
      "std": 0.03583994880318642,
      "min": -0.17660309374332428,
      "max": 0.16459783911705017,
      "abs_mean": 0.028826512396335602,
      "shape": [
        768,
        1536
      ],
      "numel": 1179648
    }
  }
}