{
  "meta": {
    "step": 3000,
    "layer_idx": 9,
    "timestamp": "20260324_124247"
  },
  "params": {
    "dt_bias": {
      "mean": -3.8462259769439697,
      "std": 1.1811835765838623,
      "min": -5.839627265930176,
      "max": -2.0935475826263428,
      "abs_mean": 3.8462259769439697,
      "shape": [
        24
      ],
      "numel": 24
    },
    "A_log": {
      "mean": 1.55534029006958,
      "std": 0.6016054749488831,
      "min": 0.649223268032074,
      "max": 2.426461696624756,
      "abs_mean": 1.55534029006958,
      "shape": [
        24
      ],
      "numel": 24
    },
    "D": {
      "mean": 0.8604337573051453,
      "std": 0.020984673872590065,
      "min": 0.8220394253730774,
      "max": 0.9178555011749268,
      "abs_mean": 0.8604337573051453,
      "shape": [
        24
      ],
      "numel": 24
    },
    "in_proj.weight": {
      "mean": -7.973315223352984e-05,
      "std": 0.024058982729911804,
      "min": -0.19281154870986938,
      "max": 0.21673482656478882,
      "abs_mean": 0.019696827977895737,
      "shape": [
        3224,
        768
      ],
      "numel": 2476032
    },
    "conv1d.weight": {
      "mean": -0.0002403293619863689,
      "std": 0.022144418209791183,
      "min": -0.09592702239751816,
      "max": 0.08492735028266907,
      "abs_mean": 0.017164679244160652,
      "shape": [
        1664,
        1,
        4
      ],
      "numel": 6656
    },
    "conv1d.bias": {
      "mean": -0.0002378859353484586,
      "std": 0.24612876772880554,
      "min": -0.469374418258667,
      "max": 0.4672292470932007,
      "abs_mean": 0.2114419937133789,
      "shape": [
        1664
      ],
      "numel": 1664
    },
    "norm.weight": {
      "mean": 0.8241485953330994,
      "std": 0.05668061599135399,
      "min": 0.6795527338981628,
      "max": 0.9424607157707214,
      "abs_mean": 0.8241485953330994,
      "shape": [
        1536
      ],
      "numel": 1536
    },
    "out_proj.weight": {
      "mean": 1.6306277757394128e-05,
      "std": 0.028668897226452827,
      "min": -0.17301324009895325,
      "max": 0.16922548413276672,
      "abs_mean": 0.023746870458126068,
      "shape": [
        768,
        1536
      ],
      "numel": 1179648
    }
  }
}