{
  "meta": {
    "step": 0,
    "layer_idx": 0,
    "timestamp": "20260324_123822"
  },
  "params": {
    "dt_bias": {
      "mean": -4.536539077758789,
      "std": 1.4063526391983032,
      "min": -6.785251140594482,
      "max": -2.4669063091278076,
      "abs_mean": 4.536539077758789,
      "shape": [
        24
      ],
      "numel": 24
    },
    "A_log": {
      "mean": 1.9561322927474976,
      "std": 0.620129406452179,
      "min": 0.409266859292984,
      "max": 2.7156472206115723,
      "abs_mean": 1.9561322927474976,
      "shape": [
        24
      ],
      "numel": 24
    },
    "D": {
      "mean": 1.0,
      "std": 0.0,
      "min": 1.0,
      "max": 1.0,
      "abs_mean": 1.0,
      "shape": [
        24
      ],
      "numel": 24
    },
    "in_proj.weight": {
      "mean": 1.1881514183187392e-05,
      "std": 0.02238134667277336,
      "min": -0.03876858949661255,
      "max": 0.03876860812306404,
      "abs_mean": 0.019381629303097725,
      "shape": [
        3224,
        768
      ],
      "numel": 2476032
    },
    "conv1d.weight": {
      "mean": 0.00011347104737069458,
      "std": 0.017400631681084633,
      "min": -0.03000739961862564,
      "max": 0.030013564974069595,
      "abs_mean": 0.015108643099665642,
      "shape": [
        1664,
        1,
        4
      ],
      "numel": 6656
    },
    "conv1d.bias": {
      "mean": -0.007710551377385855,
      "std": 0.28791186213493347,
      "min": -0.4992372989654541,
      "max": 0.49966156482696533,
      "abs_mean": 0.2477603554725647,
      "shape": [
        1664
      ],
      "numel": 1664
    },
    "norm.weight": {
      "mean": 1.0,
      "std": 0.0,
      "min": 1.0,
      "max": 1.0,
      "abs_mean": 1.0,
      "shape": [
        1536
      ],
      "numel": 1536
    },
    "out_proj.weight": {
      "mean": 7.392667157546384e-06,
      "std": 0.029440639540553093,
      "min": -0.05103098973631859,
      "max": 0.051030971109867096,
      "abs_mean": 0.025490382686257362,
      "shape": [
        768,
        1536
      ],
      "numel": 1179648
    }
  }
}