{
  "meta": {
    "step": 5000,
    "layer_idx": 24,
    "timestamp": "20260325_015736"
  },
  "params": {
    "dt_bias": {
      "mean": -4.249055862426758,
      "std": 1.0312225818634033,
      "min": -5.745176792144775,
      "max": -2.281158924102783,
      "abs_mean": 4.249055862426758,
      "shape": [
        32
      ],
      "numel": 32
    },
    "A_log": {
      "mean": 1.5159640312194824,
      "std": 0.6877124905586243,
      "min": 0.09707891941070557,
      "max": 2.415095567703247,
      "abs_mean": 1.5159640312194824,
      "shape": [
        32
      ],
      "numel": 32
    },
    "D": {
      "mean": 0.8242343664169312,
      "std": 0.02384456805884838,
      "min": 0.7614977955818176,
      "max": 0.8774899840354919,
      "abs_mean": 0.8242343664169312,
      "shape": [
        32
      ],
      "numel": 32
    },
    "in_proj.weight": {
      "mean": -1.2209368833282497e-05,
      "std": 0.0198780819773674,
      "min": -0.1589941382408142,
      "max": 0.16977259516716003,
      "abs_mean": 0.016277771443128586,
      "shape": [
        4256,
        1024
      ],
      "numel": 4358144
    },
    "conv1d.weight": {
      "mean": 0.00046919038868509233,
      "std": 0.01621473953127861,
      "min": -0.0778525173664093,
      "max": 0.07592113316059113,
      "abs_mean": 0.012380114756524563,
      "shape": [
        2176,
        1,
        4
      ],
      "numel": 8704
    },
    "conv1d.bias": {
      "mean": -0.004977460950613022,
      "std": 0.23024073243141174,
      "min": -0.44905930757522583,
      "max": 0.44964978098869324,
      "abs_mean": 0.1946202516555786,
      "shape": [
        2176
      ],
      "numel": 2176
    },
    "norm.weight": {
      "mean": 0.7701480984687805,
      "std": 0.06851073354482651,
      "min": 0.5917789340019226,
      "max": 0.8979838490486145,
      "abs_mean": 0.7701480984687805,
      "shape": [
        2048
      ],
      "numel": 2048
    },
    "out_proj.weight": {
      "mean": 3.8081527691247175e-06,
      "std": 0.022921504452824593,
      "min": -0.09226808696985245,
      "max": 0.08537329733371735,
      "abs_mean": 0.019150421023368835,
      "shape": [
        1024,
        2048
      ],
      "numel": 2097152
    }
  }
}