{
  "meta": {
    "step": 1500,
    "layer_idx": 14,
    "timestamp": "20260324_124104"
  },
  "params": {
    "dt_bias": {
      "mean": -4.018903732299805,
      "std": 1.2192529439926147,
      "min": -6.3224053382873535,
      "max": -2.201866388320923,
      "abs_mean": 4.018903732299805,
      "shape": [
        24
      ],
      "numel": 24
    },
    "A_log": {
      "mean": 1.579485297203064,
      "std": 0.8116369247436523,
      "min": 0.07251067459583282,
      "max": 2.5069947242736816,
      "abs_mean": 1.579485297203064,
      "shape": [
        24
      ],
      "numel": 24
    },
    "D": {
      "mean": 0.9176022410392761,
      "std": 0.014196328818798065,
      "min": 0.8933581113815308,
      "max": 0.9554617404937744,
      "abs_mean": 0.9176022410392761,
      "shape": [
        24
      ],
      "numel": 24
    },
    "in_proj.weight": {
      "mean": -8.677217556396499e-05,
      "std": 0.023536749184131622,
      "min": -0.1175457313656807,
      "max": 0.1188642829656601,
      "abs_mean": 0.019645754247903824,
      "shape": [
        3224,
        768
      ],
      "numel": 2476032
    },
    "conv1d.weight": {
      "mean": 5.5661679652985185e-05,
      "std": 0.017168287187814713,
      "min": -0.068319171667099,
      "max": 0.062223270535469055,
      "abs_mean": 0.01329018548130989,
      "shape": [
        1664,
        1,
        4
      ],
      "numel": 6656
    },
    "conv1d.bias": {
      "mean": 0.0012118873419240117,
      "std": 0.26172420382499695,
      "min": -0.4958943724632263,
      "max": 0.4995843768119812,
      "abs_mean": 0.22295568883419037,
      "shape": [
        1664
      ],
      "numel": 1664
    },
    "norm.weight": {
      "mean": 0.8835232257843018,
      "std": 0.04718155786395073,
      "min": 0.757931649684906,
      "max": 0.9787365794181824,
      "abs_mean": 0.8835232257843018,
      "shape": [
        1536
      ],
      "numel": 1536
    },
    "out_proj.weight": {
      "mean": 2.939980913652107e-05,
      "std": 0.029137160629034042,
      "min": -0.11264409124851227,
      "max": 0.1168474406003952,
      "abs_mean": 0.024501029402017593,
      "shape": [
        768,
        1536
      ],
      "numel": 1179648
    }
  }
}