{
  "meta": {
    "step": 7500,
    "layer_idx": 5,
    "timestamp": "20260324_221509"
  },
  "params": {
    "dt_bias": {
      "mean": -3.4430758953094482,
      "std": 0.8554344177246094,
      "min": -4.996754169464111,
      "max": -1.6846258640289307,
      "abs_mean": 3.4430758953094482,
      "shape": [
        24
      ],
      "numel": 24
    },
    "A_log": {
      "mean": 1.566461205482483,
      "std": 0.3439406454563141,
      "min": 0.9062048196792603,
      "max": 1.9876981973648071,
      "abs_mean": 1.566461205482483,
      "shape": [
        24
      ],
      "numel": 24
    },
    "D": {
      "mean": 0.7312827706336975,
      "std": 0.02470174990594387,
      "min": 0.7053819298744202,
      "max": 0.8195275068283081,
      "abs_mean": 0.7312827706336975,
      "shape": [
        24
      ],
      "numel": 24
    },
    "in_proj.weight": {
      "mean": -0.000207202261663042,
      "std": 0.03055480308830738,
      "min": -0.33298051357269287,
      "max": 0.31491056084632874,
      "abs_mean": 0.02419462613761425,
      "shape": [
        3224,
        768
      ],
      "numel": 2476032
    },
    "conv1d.weight": {
      "mean": 0.00033347474527545273,
      "std": 0.0410611517727375,
      "min": -0.23334158957004547,
      "max": 0.24240657687187195,
      "abs_mean": 0.031695034354925156,
      "shape": [
        1664,
        1,
        4
      ],
      "numel": 6656
    },
    "conv1d.bias": {
      "mean": 0.00953411404043436,
      "std": 0.19029554724693298,
      "min": -0.39538154006004333,
      "max": 0.3990149199962616,
      "abs_mean": 0.1610986292362213,
      "shape": [
        1664
      ],
      "numel": 1664
    },
    "norm.weight": {
      "mean": 0.7037376761436462,
      "std": 0.05500615015625954,
      "min": 0.5450122952461243,
      "max": 1.0124937295913696,
      "abs_mean": 0.7037376761436462,
      "shape": [
        1536
      ],
      "numel": 1536
    },
    "out_proj.weight": {
      "mean": 2.3432285161106847e-05,
      "std": 0.03002474457025528,
      "min": -0.14956976473331451,
      "max": 0.1548173576593399,
      "abs_mean": 0.02426968142390251,
      "shape": [
        768,
        1536
      ],
      "numel": 1179648
    }
  }
}