{
  "meta": {
    "step": 1000,
    "layer_idx": 9,
    "timestamp": "20260324_124030"
  },
  "params": {
    "dt_bias": {
      "mean": -4.162369251251221,
      "std": 1.290738582611084,
      "min": -6.308732509613037,
      "max": -2.2358622550964355,
      "abs_mean": 4.162369251251221,
      "shape": [
        24
      ],
      "numel": 24
    },
    "A_log": {
      "mean": 1.6749438047409058,
      "std": 0.6563987731933594,
      "min": 0.6969017386436462,
      "max": 2.6152920722961426,
      "abs_mean": 1.6749438047409058,
      "shape": [
        24
      ],
      "numel": 24
    },
    "D": {
      "mean": 0.9434249997138977,
      "std": 0.014795512892305851,
      "min": 0.9008347988128662,
      "max": 0.9655046463012695,
      "abs_mean": 0.9434249997138977,
      "shape": [
        24
      ],
      "numel": 24
    },
    "in_proj.weight": {
      "mean": -6.380852573784068e-05,
      "std": 0.023544348776340485,
      "min": -0.09624569863080978,
      "max": 0.10331928730010986,
      "abs_mean": 0.019786885008215904,
      "shape": [
        3224,
        768
      ],
      "numel": 2476032
    },
    "conv1d.weight": {
      "mean": -0.0002127300831489265,
      "std": 0.017273452132940292,
      "min": -0.05331599712371826,
      "max": 0.05462629720568657,
      "abs_mean": 0.013946857303380966,
      "shape": [
        1664,
        1,
        4
      ],
      "numel": 6656
    },
    "conv1d.bias": {
      "mean": -0.00078395294258371,
      "std": 0.26970112323760986,
      "min": -0.48266103863716125,
      "max": 0.49110639095306396,
      "abs_mean": 0.233011856675148,
      "shape": [
        1664
      ],
      "numel": 1664
    },
    "norm.weight": {
      "mean": 0.921084463596344,
      "std": 0.032660044729709625,
      "min": 0.8388594388961792,
      "max": 0.9973305463790894,
      "abs_mean": 0.921084463596344,
      "shape": [
        1536
      ],
      "numel": 1536
    },
    "out_proj.weight": {
      "mean": 5.281522703626251e-07,
      "std": 0.029161764308810234,
      "min": -0.09856093674898148,
      "max": 0.09368743747472763,
      "abs_mean": 0.02478998899459839,
      "shape": [
        768,
        1536
      ],
      "numel": 1179648
    }
  }
}