{
  "meta": {
    "step": 8500,
    "layer_idx": 0,
    "timestamp": "20260324_221834"
  },
  "params": {
    "dt_bias": {
      "mean": -3.349186658859253,
      "std": 0.9432967305183411,
      "min": -4.5967302322387695,
      "max": -1.6794228553771973,
      "abs_mean": 3.349186658859253,
      "shape": [
        24
      ],
      "numel": 24
    },
    "A_log": {
      "mean": 1.209265947341919,
      "std": 0.5524471402168274,
      "min": 0.23119807243347168,
      "max": 1.8616459369659424,
      "abs_mean": 1.209265947341919,
      "shape": [
        24
      ],
      "numel": 24
    },
    "D": {
      "mean": 0.7173668742179871,
      "std": 0.046810463070869446,
      "min": 0.6387178897857666,
      "max": 0.812173068523407,
      "abs_mean": 0.7173668742179871,
      "shape": [
        24
      ],
      "numel": 24
    },
    "in_proj.weight": {
      "mean": -4.4470281864050776e-05,
      "std": 0.036726634949445724,
      "min": -0.18881255388259888,
      "max": 0.1965806484222412,
      "abs_mean": 0.029322586953639984,
      "shape": [
        3224,
        768
      ],
      "numel": 2476032
    },
    "conv1d.weight": {
      "mean": -0.0005482541164383292,
      "std": 0.06866218894720078,
      "min": -0.23449279367923737,
      "max": 0.2312191277742386,
      "abs_mean": 0.03916477411985397,
      "shape": [
        1664,
        1,
        4
      ],
      "numel": 6656
    },
    "conv1d.bias": {
      "mean": 0.0029371166601777077,
      "std": 0.15590986609458923,
      "min": -0.40497657656669617,
      "max": 0.4364892542362213,
      "abs_mean": 0.133964404463768,
      "shape": [
        1664
      ],
      "numel": 1664
    },
    "norm.weight": {
      "mean": 0.7227945923805237,
      "std": 0.04761726036667824,
      "min": 0.45294731855392456,
      "max": 0.8164694309234619,
      "abs_mean": 0.7227945923805237,
      "shape": [
        1536
      ],
      "numel": 1536
    },
    "out_proj.weight": {
      "mean": -1.6856069123605266e-05,
      "std": 0.03601609170436859,
      "min": -0.17897938191890717,
      "max": 0.1658335030078888,
      "abs_mean": 0.02897338755428791,
      "shape": [
        768,
        1536
      ],
      "numel": 1179648
    }
  }
}