{
  "meta": {
    "step": 2500,
    "layer_idx": 2,
    "timestamp": "20260324_124213"
  },
  "params": {
    "dt_bias": {
      "mean": -4.186559200286865,
      "std": 0.9075751304626465,
      "min": -5.60210657119751,
      "max": -2.1176021099090576,
      "abs_mean": 4.186559200286865,
      "shape": [
        24
      ],
      "numel": 24
    },
    "A_log": {
      "mean": 1.6673179864883423,
      "std": 0.6032310724258423,
      "min": 0.5203477144241333,
      "max": 2.379873037338257,
      "abs_mean": 1.6673179864883423,
      "shape": [
        24
      ],
      "numel": 24
    },
    "D": {
      "mean": 0.8770236968994141,
      "std": 0.012497399933636189,
      "min": 0.8507245779037476,
      "max": 0.9012327790260315,
      "abs_mean": 0.8770236968994141,
      "shape": [
        24
      ],
      "numel": 24
    },
    "in_proj.weight": {
      "mean": -2.1144967831787653e-05,
      "std": 0.03129749745130539,
      "min": -0.1589602828025818,
      "max": 0.15478794276714325,
      "abs_mean": 0.025153862312436104,
      "shape": [
        3224,
        768
      ],
      "numel": 2476032
    },
    "conv1d.weight": {
      "mean": 5.080985283711925e-05,
      "std": 0.041337400674819946,
      "min": -0.12981639802455902,
      "max": 0.12866337597370148,
      "abs_mean": 0.034477733075618744,
      "shape": [
        1664,
        1,
        4
      ],
      "numel": 6656
    },
    "conv1d.bias": {
      "mean": 0.01184793934226036,
      "std": 0.2356177419424057,
      "min": -0.4850989580154419,
      "max": 0.46327829360961914,
      "abs_mean": 0.20225664973258972,
      "shape": [
        1664
      ],
      "numel": 1664
    },
    "norm.weight": {
      "mean": 0.8971200585365295,
      "std": 0.024910008534789085,
      "min": 0.8092690110206604,
      "max": 0.9984807968139648,
      "abs_mean": 0.8971200585365295,
      "shape": [
        1536
      ],
      "numel": 1536
    },
    "out_proj.weight": {
      "mean": 2.0540182958939113e-06,
      "std": 0.03332417458295822,
      "min": -0.15922030806541443,
      "max": 0.1582610160112381,
      "abs_mean": 0.02726566232740879,
      "shape": [
        768,
        1536
      ],
      "numel": 1179648
    }
  }
}