{
  "meta": {
    "step": 2500,
    "layer_idx": 7,
    "timestamp": "20260324_124213"
  },
  "params": {
    "dt_bias": {
      "mean": -4.072664737701416,
      "std": 1.4273186922073364,
      "min": -6.027540683746338,
      "max": -2.253572702407837,
      "abs_mean": 4.072664737701416,
      "shape": [
        24
      ],
      "numel": 24
    },
    "A_log": {
      "mean": 1.6553767919540405,
      "std": 0.6804009675979614,
      "min": 0.22294117510318756,
      "max": 2.4020822048187256,
      "abs_mean": 1.6553767919540405,
      "shape": [
        24
      ],
      "numel": 24
    },
    "D": {
      "mean": 0.8715348243713379,
      "std": 0.022579044103622437,
      "min": 0.8301301002502441,
      "max": 0.9154406785964966,
      "abs_mean": 0.8715348243713379,
      "shape": [
        24
      ],
      "numel": 24
    },
    "in_proj.weight": {
      "mean": -8.863877155818045e-05,
      "std": 0.024883423000574112,
      "min": -0.16845080256462097,
      "max": 0.14436045289039612,
      "abs_mean": 0.02030775137245655,
      "shape": [
        3224,
        768
      ],
      "numel": 2476032
    },
    "conv1d.weight": {
      "mean": -4.1560288082109764e-05,
      "std": 0.020049961283802986,
      "min": -0.09154808521270752,
      "max": 0.10013648867607117,
      "abs_mean": 0.015557905659079552,
      "shape": [
        1664,
        1,
        4
      ],
      "numel": 6656
    },
    "conv1d.bias": {
      "mean": -0.0028498838655650616,
      "std": 0.24315358698368073,
      "min": -0.4516671299934387,
      "max": 0.4721832275390625,
      "abs_mean": 0.20670510828495026,
      "shape": [
        1664
      ],
      "numel": 1664
    },
    "norm.weight": {
      "mean": 0.8258512616157532,
      "std": 0.0532316230237484,
      "min": 0.6971852779388428,
      "max": 0.9371138215065002,
      "abs_mean": 0.8258512616157532,
      "shape": [
        1536
      ],
      "numel": 1536
    },
    "out_proj.weight": {
      "mean": -8.734681614441797e-06,
      "std": 0.028551435098052025,
      "min": -0.1559346616268158,
      "max": 0.16039523482322693,
      "abs_mean": 0.023755541071295738,
      "shape": [
        768,
        1536
      ],
      "numel": 1179648
    }
  }
}