{
  "meta": {
    "step": 4000,
    "layer_idx": 9,
    "timestamp": "20260324_124401"
  },
  "params": {
    "dt_bias": {
      "mean": -3.7839982509613037,
      "std": 1.1601332426071167,
      "min": -5.751731872558594,
      "max": -2.0589025020599365,
      "abs_mean": 3.7839982509613037,
      "shape": [
        24
      ],
      "numel": 24
    },
    "A_log": {
      "mean": 1.534224033355713,
      "std": 0.5932589769363403,
      "min": 0.6457391381263733,
      "max": 2.394554615020752,
      "abs_mean": 1.534224033355713,
      "shape": [
        24
      ],
      "numel": 24
    },
    "D": {
      "mean": 0.841268002986908,
      "std": 0.021596485748887062,
      "min": 0.8025914430618286,
      "max": 0.9038263559341431,
      "abs_mean": 0.841268002986908,
      "shape": [
        24
      ],
      "numel": 24
    },
    "in_proj.weight": {
      "mean": -8.458959200652316e-05,
      "std": 0.024010682478547096,
      "min": -0.22029311954975128,
      "max": 0.2399269938468933,
      "abs_mean": 0.01958203874528408,
      "shape": [
        3224,
        768
      ],
      "numel": 2476032
    },
    "conv1d.weight": {
      "mean": -0.000295981764793396,
      "std": 0.025256473571062088,
      "min": -0.10028855502605438,
      "max": 0.1079104095697403,
      "abs_mean": 0.019409149885177612,
      "shape": [
        1664,
        1,
        4
      ],
      "numel": 6656
    },
    "conv1d.bias": {
      "mean": -0.00024377625959459692,
      "std": 0.24033403396606445,
      "min": -0.45899683237075806,
      "max": 0.46000388264656067,
      "abs_mean": 0.20618511736392975,
      "shape": [
        1664
      ],
      "numel": 1664
    },
    "norm.weight": {
      "mean": 0.8077082633972168,
      "std": 0.05583694204688072,
      "min": 0.6647974252700806,
      "max": 0.9250258207321167,
      "abs_mean": 0.8077082633972168,
      "shape": [
        1536
      ],
      "numel": 1536
    },
    "out_proj.weight": {
      "mean": 1.5644882296328433e-05,
      "std": 0.028412841260433197,
      "min": -0.19196239113807678,
      "max": 0.19107632339000702,
      "abs_mean": 0.02345270663499832,
      "shape": [
        768,
        1536
      ],
      "numel": 1179648
    }
  }
}