{
  "meta": {
    "step": 1500,
    "layer_idx": 7,
    "timestamp": "20260324_124103"
  },
  "params": {
    "dt_bias": {
      "mean": -4.2412590980529785,
      "std": 1.490955114364624,
      "min": -6.277266025543213,
      "max": -2.3240394592285156,
      "abs_mean": 4.2412590980529785,
      "shape": [
        24
      ],
      "numel": 24
    },
    "A_log": {
      "mean": 1.7169901132583618,
      "std": 0.717628002166748,
      "min": 0.1926613301038742,
      "max": 2.52311635017395,
      "abs_mean": 1.7169901132583618,
      "shape": [
        24
      ],
      "numel": 24
    },
    "D": {
      "mean": 0.9168192744255066,
      "std": 0.016783690080046654,
      "min": 0.8834683895111084,
      "max": 0.9480049014091492,
      "abs_mean": 0.9168192744255066,
      "shape": [
        24
      ],
      "numel": 24
    },
    "in_proj.weight": {
      "mean": -6.805551674915478e-05,
      "std": 0.024411046877503395,
      "min": -0.12460732460021973,
      "max": 0.126212477684021,
      "abs_mean": 0.020205240696668625,
      "shape": [
        3224,
        768
      ],
      "numel": 2476032
    },
    "conv1d.weight": {
      "mean": -7.782326429150999e-05,
      "std": 0.0176873616874218,
      "min": -0.061821646988391876,
      "max": 0.06405604630708694,
      "abs_mean": 0.01389839593321085,
      "shape": [
        1664,
        1,
        4
      ],
      "numel": 6656
    },
    "conv1d.bias": {
      "mean": -0.0035067806020379066,
      "std": 0.25844764709472656,
      "min": -0.47854259610176086,
      "max": 0.48543787002563477,
      "abs_mean": 0.22098007798194885,
      "shape": [
        1664
      ],
      "numel": 1664
    },
    "norm.weight": {
      "mean": 0.8793416023254395,
      "std": 0.04491838812828064,
      "min": 0.7677107453346252,
      "max": 0.9790967702865601,
      "abs_mean": 0.8793416023254395,
      "shape": [
        1536
      ],
      "numel": 1536
    },
    "out_proj.weight": {
      "mean": -1.4160847058519721e-05,
      "std": 0.02887697145342827,
      "min": -0.11407405883073807,
      "max": 0.11729107797145844,
      "abs_mean": 0.024347525089979172,
      "shape": [
        768,
        1536
      ],
      "numel": 1179648
    }
  }
}