{
  "meta": {
    "step": 1000,
    "layer_idx": 10,
    "timestamp": "20260324_124030"
  },
  "params": {
    "dt_bias": {
      "mean": -4.46054220199585,
      "std": 1.129777193069458,
      "min": -6.312994480133057,
      "max": -2.2644143104553223,
      "abs_mean": 4.46054220199585,
      "shape": [
        24
      ],
      "numel": 24
    },
    "A_log": {
      "mean": 2.048530340194702,
      "std": 0.45583468675613403,
      "min": 0.9321297407150269,
      "max": 2.571735143661499,
      "abs_mean": 2.048530340194702,
      "shape": [
        24
      ],
      "numel": 24
    },
    "D": {
      "mean": 0.9436070322990417,
      "std": 0.012442647479474545,
      "min": 0.9218831062316895,
      "max": 0.9686675667762756,
      "abs_mean": 0.9436070322990417,
      "shape": [
        24
      ],
      "numel": 24
    },
    "in_proj.weight": {
      "mean": -8.162580343196169e-05,
      "std": 0.023529333993792534,
      "min": -0.10510088503360748,
      "max": 0.0967002883553505,
      "abs_mean": 0.019779479131102562,
      "shape": [
        3224,
        768
      ],
      "numel": 2476032
    },
    "conv1d.weight": {
      "mean": 9.19127996894531e-05,
      "std": 0.017538009211421013,
      "min": -0.054874543100595474,
      "max": 0.07140827178955078,
      "abs_mean": 0.01410947646945715,
      "shape": [
        1664,
        1,
        4
      ],
      "numel": 6656
    },
    "conv1d.bias": {
      "mean": -0.010579943656921387,
      "std": 0.26854208111763,
      "min": -0.48904529213905334,
      "max": 0.48920339345932007,
      "abs_mean": 0.2317238599061966,
      "shape": [
        1664
      ],
      "numel": 1664
    },
    "norm.weight": {
      "mean": 0.920001208782196,
      "std": 0.03399471566081047,
      "min": 0.8391774296760559,
      "max": 1.0018624067306519,
      "abs_mean": 0.920001208782196,
      "shape": [
        1536
      ],
      "numel": 1536
    },
    "out_proj.weight": {
      "mean": 1.0803217264765408e-05,
      "std": 0.029173465445637703,
      "min": -0.0971640795469284,
      "max": 0.09737417101860046,
      "abs_mean": 0.02479410357773304,
      "shape": [
        768,
        1536
      ],
      "numel": 1179648
    }
  }
}