{
  "meta": {
    "step": 10000,
    "layer_idx": 11,
    "timestamp": "20260325_030533"
  },
  "params": {
    "dt_bias": {
      "mean": -3.495306968688965,
      "std": 1.0716466903686523,
      "min": -5.113283157348633,
      "max": -1.7819762229919434,
      "abs_mean": 3.495306968688965,
      "shape": [
        32
      ],
      "numel": 32
    },
    "A_log": {
      "mean": 1.6596983671188354,
      "std": 0.41526806354522705,
      "min": 0.1800062209367752,
      "max": 2.0956788063049316,
      "abs_mean": 1.6596983671188354,
      "shape": [
        32
      ],
      "numel": 32
    },
    "D": {
      "mean": 0.7395108342170715,
      "std": 0.019557520747184753,
      "min": 0.685028076171875,
      "max": 0.7843682765960693,
      "abs_mean": 0.7395108342170715,
      "shape": [
        32
      ],
      "numel": 32
    },
    "in_proj.weight": {
      "mean": 5.387168130255304e-05,
      "std": 0.019751735031604767,
      "min": -0.281800240278244,
      "max": 0.26791271567344666,
      "abs_mean": 0.01580221578478813,
      "shape": [
        4256,
        1024
      ],
      "numel": 4358144
    },
    "conv1d.weight": {
      "mean": -0.00027818215312436223,
      "std": 0.023863404989242554,
      "min": -0.12534935772418976,
      "max": 0.16133500635623932,
      "abs_mean": 0.018552197143435478,
      "shape": [
        2176,
        1,
        4
      ],
      "numel": 8704
    },
    "conv1d.bias": {
      "mean": -0.005281985737383366,
      "std": 0.19962500035762787,
      "min": -0.40340501070022583,
      "max": 0.4227648079395294,
      "abs_mean": 0.17016412317752838,
      "shape": [
        2176
      ],
      "numel": 2176
    },
    "norm.weight": {
      "mean": 0.7020693421363831,
      "std": 0.03565734624862671,
      "min": 0.585186243057251,
      "max": 0.8667736053466797,
      "abs_mean": 0.7020693421363831,
      "shape": [
        2048
      ],
      "numel": 2048
    },
    "out_proj.weight": {
      "mean": 3.5188500078220386e-06,
      "std": 0.021850600838661194,
      "min": -0.14477196335792542,
      "max": 0.14911657571792603,
      "abs_mean": 0.018041782081127167,
      "shape": [
        1024,
        2048
      ],
      "numel": 2097152
    }
  }
}