{
  "meta": {
    "step": 4000,
    "layer_idx": 8,
    "timestamp": "20260324_124401"
  },
  "params": {
    "dt_bias": {
      "mean": -3.983496904373169,
      "std": 1.1806102991104126,
      "min": -5.790791988372803,
      "max": -2.1053454875946045,
      "abs_mean": 3.983496904373169,
      "shape": [
        24
      ],
      "numel": 24
    },
    "A_log": {
      "mean": 1.8272275924682617,
      "std": 0.5939139723777771,
      "min": 0.08943627029657364,
      "max": 2.3577725887298584,
      "abs_mean": 1.8272275924682617,
      "shape": [
        24
      ],
      "numel": 24
    },
    "D": {
      "mean": 0.8365704417228699,
      "std": 0.024776240810751915,
      "min": 0.7721349000930786,
      "max": 0.9025049209594727,
      "abs_mean": 0.8365704417228699,
      "shape": [
        24
      ],
      "numel": 24
    },
    "in_proj.weight": {
      "mean": -0.0001355072745354846,
      "std": 0.024551723152399063,
      "min": -0.20524120330810547,
      "max": 0.21286582946777344,
      "abs_mean": 0.019901491701602936,
      "shape": [
        3224,
        768
      ],
      "numel": 2476032
    },
    "conv1d.weight": {
      "mean": 9.393605432705954e-05,
      "std": 0.023145224899053574,
      "min": -0.17659719288349152,
      "max": 0.20146965980529785,
      "abs_mean": 0.01781129464507103,
      "shape": [
        1664,
        1,
        4
      ],
      "numel": 6656
    },
    "conv1d.bias": {
      "mean": -0.001024494762532413,
      "std": 0.2298995405435562,
      "min": -0.446196973323822,
      "max": 0.4254874587059021,
      "abs_mean": 0.19355469942092896,
      "shape": [
        1664
      ],
      "numel": 1664
    },
    "norm.weight": {
      "mean": 0.7947234511375427,
      "std": 0.04995165020227432,
      "min": 0.6700981259346008,
      "max": 0.9266186356544495,
      "abs_mean": 0.7947234511375427,
      "shape": [
        1536
      ],
      "numel": 1536
    },
    "out_proj.weight": {
      "mean": -3.3737824196578003e-06,
      "std": 0.027876095846295357,
      "min": -0.1869390904903412,
      "max": 0.1856638789176941,
      "abs_mean": 0.023092113435268402,
      "shape": [
        768,
        1536
      ],
      "numel": 1179648
    }
  }
}