{
  "meta": {
    "step": 5000,
    "layer_idx": 15,
    "timestamp": "20260325_015736"
  },
  "params": {
    "dt_bias": {
      "mean": -3.9669575691223145,
      "std": 1.1599208116531372,
      "min": -5.744631767272949,
      "max": -2.0473029613494873,
      "abs_mean": 3.9669575691223145,
      "shape": [
        32
      ],
      "numel": 32
    },
    "A_log": {
      "mean": 1.515299916267395,
      "std": 0.5952379107475281,
      "min": 0.018114814534783363,
      "max": 2.272197723388672,
      "abs_mean": 1.515299916267395,
      "shape": [
        32
      ],
      "numel": 32
    },
    "D": {
      "mean": 0.8252362012863159,
      "std": 0.021983256563544273,
      "min": 0.7791977524757385,
      "max": 0.8729705810546875,
      "abs_mean": 0.8252362012863159,
      "shape": [
        32
      ],
      "numel": 32
    },
    "in_proj.weight": {
      "mean": 8.735349547350779e-05,
      "std": 0.019833993166685104,
      "min": -0.18664292991161346,
      "max": 0.19380366802215576,
      "abs_mean": 0.016301410272717476,
      "shape": [
        4256,
        1024
      ],
      "numel": 4358144
    },
    "conv1d.weight": {
      "mean": -0.00013046106323599815,
      "std": 0.018308576196432114,
      "min": -0.09139136224985123,
      "max": 0.13635694980621338,
      "abs_mean": 0.014266460202634335,
      "shape": [
        2176,
        1,
        4
      ],
      "numel": 8704
    },
    "conv1d.bias": {
      "mean": -0.002230089856311679,
      "std": 0.2267681509256363,
      "min": -0.4335010051727295,
      "max": 0.42835474014282227,
      "abs_mean": 0.19399626553058624,
      "shape": [
        2176
      ],
      "numel": 2176
    },
    "norm.weight": {
      "mean": 0.7933964133262634,
      "std": 0.030902614817023277,
      "min": 0.6442604064941406,
      "max": 0.894955575466156,
      "abs_mean": 0.7933964133262634,
      "shape": [
        2048
      ],
      "numel": 2048
    },
    "out_proj.weight": {
      "mean": 1.0730411304393783e-05,
      "std": 0.022732224315404892,
      "min": -0.0788668543100357,
      "max": 0.09241428971290588,
      "abs_mean": 0.019128676503896713,
      "shape": [
        1024,
        2048
      ],
      "numel": 2097152
    }
  }
}