{
  "meta": {
    "step": 5000,
    "layer_idx": 12,
    "timestamp": "20260324_220629"
  },
  "params": {
    "dt_bias": {
      "mean": -3.9279420375823975,
      "std": 1.0221824645996094,
      "min": -5.301022052764893,
      "max": -1.9882632493972778,
      "abs_mean": 3.9279420375823975,
      "shape": [
        24
      ],
      "numel": 24
    },
    "A_log": {
      "mean": 1.496734619140625,
      "std": 0.5262809991836548,
      "min": 0.10863471776247025,
      "max": 2.065007448196411,
      "abs_mean": 1.496734619140625,
      "shape": [
        24
      ],
      "numel": 24
    },
    "D": {
      "mean": 0.7625970840454102,
      "std": 0.028923453763127327,
      "min": 0.7035412192344666,
      "max": 0.8176767230033875,
      "abs_mean": 0.7625970840454102,
      "shape": [
        24
      ],
      "numel": 24
    },
    "in_proj.weight": {
      "mean": -7.83981813583523e-05,
      "std": 0.022847028449177742,
      "min": -0.15290895104408264,
      "max": 0.16524089872837067,
      "abs_mean": 0.01854627951979637,
      "shape": [
        3224,
        768
      ],
      "numel": 2476032
    },
    "conv1d.weight": {
      "mean": -0.0003945992502849549,
      "std": 0.020058471709489822,
      "min": -0.0867030918598175,
      "max": 0.08339932560920715,
      "abs_mean": 0.015346325002610683,
      "shape": [
        1664,
        1,
        4
      ],
      "numel": 6656
    },
    "conv1d.bias": {
      "mean": 0.004730820190161467,
      "std": 0.20904263854026794,
      "min": -0.41855403780937195,
      "max": 0.39803797006607056,
      "abs_mean": 0.17734552919864655,
      "shape": [
        1664
      ],
      "numel": 1664
    },
    "norm.weight": {
      "mean": 0.7277880311012268,
      "std": 0.04886126518249512,
      "min": 0.5726078748703003,
      "max": 0.8410981297492981,
      "abs_mean": 0.7277880311012268,
      "shape": [
        1536
      ],
      "numel": 1536
    },
    "out_proj.weight": {
      "mean": 3.2066195672086906e-06,
      "std": 0.026612572371959686,
      "min": -0.11112447082996368,
      "max": 0.10817532241344452,
      "abs_mean": 0.021932803094387054,
      "shape": [
        768,
        1536
      ],
      "numel": 1179648
    }
  }
}