{
  "meta": {
    "step": 4500,
    "layer_idx": 12,
    "timestamp": "20260324_124435"
  },
  "params": {
    "dt_bias": {
      "mean": -3.9157207012176514,
      "std": 1.3096904754638672,
      "min": -5.6809401512146,
      "max": -2.101961612701416,
      "abs_mean": 3.9157207012176514,
      "shape": [
        24
      ],
      "numel": 24
    },
    "A_log": {
      "mean": 1.7088184356689453,
      "std": 0.6087573170661926,
      "min": 0.2123008668422699,
      "max": 2.336360216140747,
      "abs_mean": 1.7088184356689453,
      "shape": [
        24
      ],
      "numel": 24
    },
    "D": {
      "mean": 0.8269212245941162,
      "std": 0.03024664707481861,
      "min": 0.791418194770813,
      "max": 0.9282682538032532,
      "abs_mean": 0.8269212245941162,
      "shape": [
        24
      ],
      "numel": 24
    },
    "in_proj.weight": {
      "mean": -0.00010112715244758874,
      "std": 0.0240780021995306,
      "min": -0.21388664841651917,
      "max": 0.24551551043987274,
      "abs_mean": 0.01956305466592312,
      "shape": [
        3224,
        768
      ],
      "numel": 2476032
    },
    "conv1d.weight": {
      "mean": -0.000694739748723805,
      "std": 0.02032070979475975,
      "min": -0.08518444746732712,
      "max": 0.13314315676689148,
      "abs_mean": 0.015620117075741291,
      "shape": [
        1664,
        1,
        4
      ],
      "numel": 6656
    },
    "conv1d.bias": {
      "mean": -0.00803546141833067,
      "std": 0.23375649750232697,
      "min": -0.47991690039634705,
      "max": 0.4726496636867523,
      "abs_mean": 0.19845186173915863,
      "shape": [
        1664
      ],
      "numel": 1664
    },
    "norm.weight": {
      "mean": 0.7855269312858582,
      "std": 0.06748571991920471,
      "min": 0.6050603985786438,
      "max": 0.9350801706314087,
      "abs_mean": 0.7855269312858582,
      "shape": [
        1536
      ],
      "numel": 1536
    },
    "out_proj.weight": {
      "mean": 9.279061487177387e-06,
      "std": 0.028517916798591614,
      "min": -0.1900743991136551,
      "max": 0.18710583448410034,
      "abs_mean": 0.02343025989830494,
      "shape": [
        768,
        1536
      ],
      "numel": 1179648
    }
  }
}