{
  "meta": {
    "step": 10000,
    "layer_idx": 26,
    "timestamp": "20260325_030533"
  },
  "params": {
    "dt_bias": {
      "mean": -3.7722487449645996,
      "std": 1.0123857259750366,
      "min": -5.114772796630859,
      "max": -1.816151738166809,
      "abs_mean": 3.7722487449645996,
      "shape": [
        32
      ],
      "numel": 32
    },
    "A_log": {
      "mean": 1.5437655448913574,
      "std": 0.36207833886146545,
      "min": 0.7075011134147644,
      "max": 2.030092239379883,
      "abs_mean": 1.5437655448913574,
      "shape": [
        32
      ],
      "numel": 32
    },
    "D": {
      "mean": 0.7237350940704346,
      "std": 0.033501796424388885,
      "min": 0.6419879794120789,
      "max": 0.7901545166969299,
      "abs_mean": 0.7237350940704346,
      "shape": [
        32
      ],
      "numel": 32
    },
    "in_proj.weight": {
      "mean": 0.00011598608398344368,
      "std": 0.01827964186668396,
      "min": -0.15848074853420258,
      "max": 0.1808253973722458,
      "abs_mean": 0.014905273914337158,
      "shape": [
        4256,
        1024
      ],
      "numel": 4358144
    },
    "conv1d.weight": {
      "mean": 0.00035187520552426577,
      "std": 0.016919007524847984,
      "min": -0.1171809732913971,
      "max": 0.10310203582048416,
      "abs_mean": 0.013111576437950134,
      "shape": [
        2176,
        1,
        4
      ],
      "numel": 8704
    },
    "conv1d.bias": {
      "mean": 0.005105392541736364,
      "std": 0.19526036083698273,
      "min": -0.383343368768692,
      "max": 0.3808836340904236,
      "abs_mean": 0.16505926847457886,
      "shape": [
        2176
      ],
      "numel": 2176
    },
    "norm.weight": {
      "mean": 0.6732345819473267,
      "std": 0.062425676733255386,
      "min": 0.5074766278266907,
      "max": 0.7927282452583313,
      "abs_mean": 0.6732345819473267,
      "shape": [
        2048
      ],
      "numel": 2048
    },
    "out_proj.weight": {
      "mean": 3.5958373700850643e-06,
      "std": 0.02144058607518673,
      "min": -0.09630095958709717,
      "max": 0.0950482115149498,
      "abs_mean": 0.017655063420534134,
      "shape": [
        1024,
        2048
      ],
      "numel": 2097152
    }
  }
}