{
  "meta": {
    "step": 5000,
    "layer_idx": 1,
    "timestamp": "20260325_015736"
  },
  "params": {
    "dt_bias": {
      "mean": -3.873333215713501,
      "std": 1.056756854057312,
      "min": -5.628603935241699,
      "max": -2.087825298309326,
      "abs_mean": 3.873333215713501,
      "shape": [
        32
      ],
      "numel": 32
    },
    "A_log": {
      "mean": 1.69298255443573,
      "std": 0.45214858651161194,
      "min": 0.274731308221817,
      "max": 2.272526979446411,
      "abs_mean": 1.69298255443573,
      "shape": [
        32
      ],
      "numel": 32
    },
    "D": {
      "mean": 0.840046226978302,
      "std": 0.05706867575645447,
      "min": 0.5655373334884644,
      "max": 0.9207733273506165,
      "abs_mean": 0.840046226978302,
      "shape": [
        32
      ],
      "numel": 32
    },
    "in_proj.weight": {
      "mean": 2.0539675460895523e-05,
      "std": 0.029648432508111,
      "min": -0.2487090826034546,
      "max": 0.24812859296798706,
      "abs_mean": 0.023746082559227943,
      "shape": [
        4256,
        1024
      ],
      "numel": 4358144
    },
    "conv1d.weight": {
      "mean": 0.0005406610434874892,
      "std": 0.0510159507393837,
      "min": -0.19853833317756653,
      "max": 0.20214985311031342,
      "abs_mean": 0.03250797465443611,
      "shape": [
        2176,
        1,
        4
      ],
      "numel": 8704
    },
    "conv1d.bias": {
      "mean": 0.0028335070237517357,
      "std": 0.2188941091299057,
      "min": -0.45563647150993347,
      "max": 0.4263720214366913,
      "abs_mean": 0.19078204035758972,
      "shape": [
        2176
      ],
      "numel": 2176
    },
    "norm.weight": {
      "mean": 0.8545630574226379,
      "std": 0.03738240525126457,
      "min": 0.6325212121009827,
      "max": 1.0006407499313354,
      "abs_mean": 0.8545630574226379,
      "shape": [
        2048
      ],
      "numel": 2048
    },
    "out_proj.weight": {
      "mean": 3.8847309042466804e-05,
      "std": 0.03087044134736061,
      "min": -0.14494149386882782,
      "max": 0.15168756246566772,
      "abs_mean": 0.025028619915246964,
      "shape": [
        1024,
        2048
      ],
      "numel": 2097152
    }
  }
}