{
  "meta": {
    "step": 1900,
    "layer_idx": 0,
    "timestamp": "20260324_124129"
  },
  "params": {
    "dt_bias": {
      "mean": -4.132359504699707,
      "std": 1.2370713949203491,
      "min": -6.033609390258789,
      "max": -2.2227461338043213,
      "abs_mean": 4.132359504699707,
      "shape": [
        24
      ],
      "numel": 24
    },
    "A_log": {
      "mean": 1.656463623046875,
      "std": 0.5202681422233582,
      "min": 0.4552258253097534,
      "max": 2.397754430770874,
      "abs_mean": 1.656463623046875,
      "shape": [
        24
      ],
      "numel": 24
    },
    "D": {
      "mean": 0.8872103095054626,
      "std": 0.050256725400686264,
      "min": 0.7984276413917542,
      "max": 1.0377064943313599,
      "abs_mean": 0.8872103095054626,
      "shape": [
        24
      ],
      "numel": 24
    },
    "in_proj.weight": {
      "mean": -6.12712829024531e-05,
      "std": 0.0318034365773201,
      "min": -0.1739347279071808,
      "max": 0.14931310713291168,
      "abs_mean": 0.02560059353709221,
      "shape": [
        3224,
        768
      ],
      "numel": 2476032
    },
    "conv1d.weight": {
      "mean": -2.824607236107113e-06,
      "std": 0.058865901082754135,
      "min": -0.18655724823474884,
      "max": 0.18930687010288239,
      "abs_mean": 0.04475490003824234,
      "shape": [
        1664,
        1,
        4
      ],
      "numel": 6656
    },
    "conv1d.bias": {
      "mean": -0.007788028102368116,
      "std": 0.23416802287101746,
      "min": -0.5175054669380188,
      "max": 0.5180595517158508,
      "abs_mean": 0.20357908308506012,
      "shape": [
        1664
      ],
      "numel": 1664
    },
    "norm.weight": {
      "mean": 0.9368053078651428,
      "std": 0.031089667230844498,
      "min": 0.7681725025177002,
      "max": 1.0254491567611694,
      "abs_mean": 0.9368053078651428,
      "shape": [
        1536
      ],
      "numel": 1536
    },
    "out_proj.weight": {
      "mean": 1.2956429600308184e-05,
      "std": 0.034832730889320374,
      "min": -0.16518032550811768,
      "max": 0.15426161885261536,
      "abs_mean": 0.028658373281359673,
      "shape": [
        768,
        1536
      ],
      "numel": 1179648
    }
  }
}