{
  "meta": {
    "step": 2500,
    "layer_idx": 10,
    "timestamp": "20260324_124213"
  },
  "params": {
    "dt_bias": {
      "mean": -4.171097278594971,
      "std": 1.053918480873108,
      "min": -5.887311935424805,
      "max": -2.117178440093994,
      "abs_mean": 4.171097278594971,
      "shape": [
        24
      ],
      "numel": 24
    },
    "A_log": {
      "mean": 1.9153989553451538,
      "std": 0.41908738017082214,
      "min": 0.8991580605506897,
      "max": 2.3851616382598877,
      "abs_mean": 1.9153989553451538,
      "shape": [
        24
      ],
      "numel": 24
    },
    "D": {
      "mean": 0.8723745346069336,
      "std": 0.021879741922020912,
      "min": 0.8219553828239441,
      "max": 0.9186147451400757,
      "abs_mean": 0.8723745346069336,
      "shape": [
        24
      ],
      "numel": 24
    },
    "in_proj.weight": {
      "mean": -0.00014975784870330244,
      "std": 0.02470511384308338,
      "min": -0.1492040902376175,
      "max": 0.14768312871456146,
      "abs_mean": 0.02012546733021736,
      "shape": [
        3224,
        768
      ],
      "numel": 2476032
    },
    "conv1d.weight": {
      "mean": -9.887544729281217e-05,
      "std": 0.01822642795741558,
      "min": -0.08815495669841766,
      "max": 0.10417117178440094,
      "abs_mean": 0.013953102752566338,
      "shape": [
        1664,
        1,
        4
      ],
      "numel": 6656
    },
    "conv1d.bias": {
      "mean": -0.009515499696135521,
      "std": 0.24540382623672485,
      "min": -0.46102893352508545,
      "max": 0.46555036306381226,
      "abs_mean": 0.2089691162109375,
      "shape": [
        1664
      ],
      "numel": 1664
    },
    "norm.weight": {
      "mean": 0.8217852711677551,
      "std": 0.0634104311466217,
      "min": 0.6836757659912109,
      "max": 0.9639267921447754,
      "abs_mean": 0.8217852711677551,
      "shape": [
        1536
      ],
      "numel": 1536
    },
    "out_proj.weight": {
      "mean": 1.9779630747507326e-05,
      "std": 0.028817193582654,
      "min": -0.15520307421684265,
      "max": 0.15883436799049377,
      "abs_mean": 0.023901037871837616,
      "shape": [
        768,
        1536
      ],
      "numel": 1179648
    }
  }
}