{
  "meta": {
    "step": 2200,
    "layer_idx": 0,
    "timestamp": "20260324_124152"
  },
  "params": {
    "dt_bias": {
      "mean": -4.0881028175354,
      "std": 1.2185664176940918,
      "min": -5.948256969451904,
      "max": -2.197051763534546,
      "abs_mean": 4.0881028175354,
      "shape": [
        24
      ],
      "numel": 24
    },
    "A_log": {
      "mean": 1.6268633604049683,
      "std": 0.5093591213226318,
      "min": 0.45554500818252563,
      "max": 2.3691253662109375,
      "abs_mean": 1.6268633604049683,
      "shape": [
        24
      ],
      "numel": 24
    },
    "D": {
      "mean": 0.8749324679374695,
      "std": 0.053641390055418015,
      "min": 0.7801843881607056,
      "max": 1.0349235534667969,
      "abs_mean": 0.8749324679374695,
      "shape": [
        24
      ],
      "numel": 24
    },
    "in_proj.weight": {
      "mean": -6.588301039300859e-05,
      "std": 0.03231809288263321,
      "min": -0.15627922117710114,
      "max": 0.16395118832588196,
      "abs_mean": 0.025979138910770416,
      "shape": [
        3224,
        768
      ],
      "numel": 2476032
    },
    "conv1d.weight": {
      "mean": -0.00011301273480057716,
      "std": 0.06072201952338219,
      "min": -0.19417500495910645,
      "max": 0.19354896247386932,
      "abs_mean": 0.04663757234811783,
      "shape": [
        1664,
        1,
        4
      ],
      "numel": 6656
    },
    "conv1d.bias": {
      "mean": -0.007594750262796879,
      "std": 0.22823095321655273,
      "min": -0.5182235836982727,
      "max": 0.5179653167724609,
      "abs_mean": 0.19840243458747864,
      "shape": [
        1664
      ],
      "numel": 1664
    },
    "norm.weight": {
      "mean": 0.9292377829551697,
      "std": 0.03225909546017647,
      "min": 0.7461361289024353,
      "max": 1.0217852592468262,
      "abs_mean": 0.9292377829551697,
      "shape": [
        1536
      ],
      "numel": 1536
    },
    "out_proj.weight": {
      "mean": 8.766390237724409e-06,
      "std": 0.035264115780591965,
      "min": -0.16378448903560638,
      "max": 0.15985442698001862,
      "abs_mean": 0.028943346813321114,
      "shape": [
        768,
        1536
      ],
      "numel": 1179648
    }
  }
}