{
  "meta": {
    "step": 4500,
    "layer_idx": 2,
    "timestamp": "20260324_124435"
  },
  "params": {
    "dt_bias": {
      "mean": -4.039552211761475,
      "std": 0.8722109198570251,
      "min": -5.405261516571045,
      "max": -2.048358201980591,
      "abs_mean": 4.039552211761475,
      "shape": [
        24
      ],
      "numel": 24
    },
    "A_log": {
      "mean": 1.5810937881469727,
      "std": 0.56611168384552,
      "min": 0.5240675806999207,
      "max": 2.2654101848602295,
      "abs_mean": 1.5810937881469727,
      "shape": [
        24
      ],
      "numel": 24
    },
    "D": {
      "mean": 0.8458197712898254,
      "std": 0.016773376613855362,
      "min": 0.7988311052322388,
      "max": 0.8723742365837097,
      "abs_mean": 0.8458197712898254,
      "shape": [
        24
      ],
      "numel": 24
    },
    "in_proj.weight": {
      "mean": -2.9486946004908532e-05,
      "std": 0.03240320831537247,
      "min": -0.17941325902938843,
      "max": 0.17007680237293243,
      "abs_mean": 0.025942979380488396,
      "shape": [
        3224,
        768
      ],
      "numel": 2476032
    },
    "conv1d.weight": {
      "mean": 0.0001712949015200138,
      "std": 0.04852893948554993,
      "min": -0.14274221658706665,
      "max": 0.13509529829025269,
      "abs_mean": 0.04047746956348419,
      "shape": [
        1664,
        1,
        4
      ],
      "numel": 6656
    },
    "conv1d.bias": {
      "mean": 0.010618322528898716,
      "std": 0.21774467825889587,
      "min": -0.47751426696777344,
      "max": 0.4540787935256958,
      "abs_mean": 0.18597109615802765,
      "shape": [
        1664
      ],
      "numel": 1664
    },
    "norm.weight": {
      "mean": 0.9046921730041504,
      "std": 0.027200987562537193,
      "min": 0.7102692127227783,
      "max": 1.0042582750320435,
      "abs_mean": 0.9046921730041504,
      "shape": [
        1536
      ],
      "numel": 1536
    },
    "out_proj.weight": {
      "mean": 6.374250460794428e-06,
      "std": 0.034799281507730484,
      "min": -0.18070478737354279,
      "max": 0.1806085854768753,
      "abs_mean": 0.028231926262378693,
      "shape": [
        768,
        1536
      ],
      "numel": 1179648
    }
  }
}