{
  "meta": {
    "step": 0,
    "layer_idx": 0,
    "timestamp": "20260325_004839"
  },
  "params": {
    "dt_bias": {
      "mean": -4.560792922973633,
      "std": 1.3417401313781738,
      "min": -6.749598979949951,
      "max": -2.610260486602783,
      "abs_mean": 4.560792922973633,
      "shape": [
        32
      ],
      "numel": 32
    },
    "A_log": {
      "mean": 1.7888792753219604,
      "std": 0.5664885640144348,
      "min": 0.311495840549469,
      "max": 2.731729030609131,
      "abs_mean": 1.7888792753219604,
      "shape": [
        32
      ],
      "numel": 32
    },
    "D": {
      "mean": 1.0,
      "std": 0.0,
      "min": 1.0,
      "max": 1.0,
      "abs_mean": 1.0,
      "shape": [
        32
      ],
      "numel": 32
    },
    "in_proj.weight": {
      "mean": -8.419724508712534e-06,
      "std": 0.019460681825876236,
      "min": -0.03370998799800873,
      "max": 0.033709969371557236,
      "abs_mean": 0.01685244031250477,
      "shape": [
        4256,
        1024
      ],
      "numel": 4358144
    },
    "conv1d.weight": {
      "mean": 3.711675890372135e-05,
      "std": 0.01509775873273611,
      "min": -0.026233168318867683,
      "max": 0.026239510625600815,
      "abs_mean": 0.013070737943053246,
      "shape": [
        2176,
        1,
        4
      ],
      "numel": 8704
    },
    "conv1d.bias": {
      "mean": 0.008394153788685799,
      "std": 0.28929975628852844,
      "min": -0.49953848123550415,
      "max": 0.499897301197052,
      "abs_mean": 0.2518075108528137,
      "shape": [
        2176
      ],
      "numel": 2176
    },
    "norm.weight": {
      "mean": 1.0,
      "std": 0.0,
      "min": 1.0,
      "max": 1.0,
      "abs_mean": 1.0,
      "shape": [
        2048
      ],
      "numel": 2048
    },
    "out_proj.weight": {
      "mean": -8.518683898728341e-06,
      "std": 0.025518331676721573,
      "min": -0.04419416934251785,
      "max": 0.04419416934251785,
      "abs_mean": 0.022096337750554085,
      "shape": [
        1024,
        2048
      ],
      "numel": 2097152
    }
  }
}