{
  "meta": {
    "step": 2500,
    "layer_idx": 1,
    "timestamp": "20260324_215749"
  },
  "params": {
    "dt_bias": {
      "mean": -3.8600828647613525,
      "std": 1.1559967994689941,
      "min": -5.674633979797363,
      "max": -2.0411198139190674,
      "abs_mean": 3.8600828647613525,
      "shape": [
        24
      ],
      "numel": 24
    },
    "A_log": {
      "mean": 1.5738224983215332,
      "std": 0.665192723274231,
      "min": 0.2674463391304016,
      "max": 2.378910541534424,
      "abs_mean": 1.5738224983215332,
      "shape": [
        24
      ],
      "numel": 24
    },
    "D": {
      "mean": 0.8788415789604187,
      "std": 0.023251008242368698,
      "min": 0.8444055318832397,
      "max": 0.9208438396453857,
      "abs_mean": 0.8788415789604187,
      "shape": [
        24
      ],
      "numel": 24
    },
    "in_proj.weight": {
      "mean": -9.007807238958776e-05,
      "std": 0.03399144485592842,
      "min": -0.19317960739135742,
      "max": 0.18390347063541412,
      "abs_mean": 0.02722761407494545,
      "shape": [
        3224,
        768
      ],
      "numel": 2476032
    },
    "conv1d.weight": {
      "mean": 0.0004546848649624735,
      "std": 0.05166098475456238,
      "min": -0.18027502298355103,
      "max": 0.1737797111272812,
      "abs_mean": 0.03663143888115883,
      "shape": [
        1664,
        1,
        4
      ],
      "numel": 6656
    },
    "conv1d.bias": {
      "mean": 0.004136832896620035,
      "std": 0.24175547063350677,
      "min": -0.4375064969062805,
      "max": 0.4916560649871826,
      "abs_mean": 0.21168234944343567,
      "shape": [
        1664
      ],
      "numel": 1664
    },
    "norm.weight": {
      "mean": 0.9530017971992493,
      "std": 0.051390741020441055,
      "min": 0.7448217868804932,
      "max": 1.0953747034072876,
      "abs_mean": 0.9530017971992493,
      "shape": [
        1536
      ],
      "numel": 1536
    },
    "out_proj.weight": {
      "mean": 4.898223778582178e-05,
      "std": 0.0366082563996315,
      "min": -0.16729356348514557,
      "max": 0.16800755262374878,
      "abs_mean": 0.029703481122851372,
      "shape": [
        768,
        1536
      ],
      "numel": 1179648
    }
  }
}