{
  "meta": {
    "step": 4500,
    "layer_idx": 6,
    "timestamp": "20260324_124435"
  },
  "params": {
    "dt_bias": {
      "mean": -3.6929728984832764,
      "std": 1.0081162452697754,
      "min": -5.765471935272217,
      "max": -2.258589267730713,
      "abs_mean": 3.6929728984832764,
      "shape": [
        24
      ],
      "numel": 24
    },
    "A_log": {
      "mean": 1.8486418724060059,
      "std": 0.529335618019104,
      "min": 0.2987247407436371,
      "max": 2.3621342182159424,
      "abs_mean": 1.8486418724060059,
      "shape": [
        24
      ],
      "numel": 24
    },
    "D": {
      "mean": 0.8410794138908386,
      "std": 0.019681774079799652,
      "min": 0.7987330555915833,
      "max": 0.8928834795951843,
      "abs_mean": 0.8410794138908386,
      "shape": [
        24
      ],
      "numel": 24
    },
    "in_proj.weight": {
      "mean": -7.793339318595827e-05,
      "std": 0.026880627498030663,
      "min": -0.17047524452209473,
      "max": 0.1761912852525711,
      "abs_mean": 0.02158697508275509,
      "shape": [
        3224,
        768
      ],
      "numel": 2476032
    },
    "conv1d.weight": {
      "mean": -6.483893957920372e-05,
      "std": 0.028995409607887268,
      "min": -0.11668214201927185,
      "max": 0.11638288199901581,
      "abs_mean": 0.022483203560113907,
      "shape": [
        1664,
        1,
        4
      ],
      "numel": 6656
    },
    "conv1d.bias": {
      "mean": -0.002058904618024826,
      "std": 0.22859106957912445,
      "min": -0.43290945887565613,
      "max": 0.4197756052017212,
      "abs_mean": 0.193749338388443,
      "shape": [
        1664
      ],
      "numel": 1664
    },
    "norm.weight": {
      "mean": 0.7929782867431641,
      "std": 0.05428444594144821,
      "min": 0.6693273186683655,
      "max": 0.936146080493927,
      "abs_mean": 0.7929782867431641,
      "shape": [
        1536
      ],
      "numel": 1536
    },
    "out_proj.weight": {
      "mean": 1.3020591723034158e-05,
      "std": 0.028493689373135567,
      "min": -0.2006188929080963,
      "max": 0.1954740583896637,
      "abs_mean": 0.023491671308875084,
      "shape": [
        768,
        1536
      ],
      "numel": 1179648
    }
  }
}