{
  "meta": {
    "step": 10000,
    "layer_idx": 29,
    "timestamp": "20260325_030533"
  },
  "params": {
    "dt_bias": {
      "mean": -3.4081296920776367,
      "std": 0.898980438709259,
      "min": -5.043805122375488,
      "max": -1.9786899089813232,
      "abs_mean": 3.4081296920776367,
      "shape": [
        32
      ],
      "numel": 32
    },
    "A_log": {
      "mean": 1.4424686431884766,
      "std": 0.47453778982162476,
      "min": 0.3502209186553955,
      "max": 2.118582010269165,
      "abs_mean": 1.4424686431884766,
      "shape": [
        32
      ],
      "numel": 32
    },
    "D": {
      "mean": 0.7233752012252808,
      "std": 0.028048640117049217,
      "min": 0.6610439419746399,
      "max": 0.790758490562439,
      "abs_mean": 0.7233752012252808,
      "shape": [
        32
      ],
      "numel": 32
    },
    "in_proj.weight": {
      "mean": 0.00011463087139418349,
      "std": 0.017943765968084335,
      "min": -0.14033924043178558,
      "max": 0.14386571943759918,
      "abs_mean": 0.014694876968860626,
      "shape": [
        4256,
        1024
      ],
      "numel": 4358144
    },
    "conv1d.weight": {
      "mean": -0.00027380543178878725,
      "std": 0.016196975484490395,
      "min": -0.09437058866024017,
      "max": 0.0972016379237175,
      "abs_mean": 0.012261584401130676,
      "shape": [
        2176,
        1,
        4
      ],
      "numel": 8704
    },
    "conv1d.bias": {
      "mean": 0.0010626119328662753,
      "std": 0.19463849067687988,
      "min": -0.4090428650379181,
      "max": 0.3919425308704376,
      "abs_mean": 0.16440364718437195,
      "shape": [
        2176
      ],
      "numel": 2176
    },
    "norm.weight": {
      "mean": 0.6598737239837646,
      "std": 0.07579510658979416,
      "min": 0.4513188302516937,
      "max": 0.8045138120651245,
      "abs_mean": 0.6598737239837646,
      "shape": [
        2048
      ],
      "numel": 2048
    },
    "out_proj.weight": {
      "mean": 8.29244982014643e-06,
      "std": 0.021562498062849045,
      "min": -0.09681921452283859,
      "max": 0.09450758248567581,
      "abs_mean": 0.017702646553516388,
      "shape": [
        1024,
        2048
      ],
      "numel": 2097152
    }
  }
}