{
  "meta": {
    "step": 5000,
    "layer_idx": 8,
    "timestamp": "20260324_220629"
  },
  "params": {
    "dt_bias": {
      "mean": -3.152298927307129,
      "std": 1.1365525722503662,
      "min": -5.424863815307617,
      "max": -1.8450002670288086,
      "abs_mean": 3.152298927307129,
      "shape": [
        24
      ],
      "numel": 24
    },
    "A_log": {
      "mean": 1.573513388633728,
      "std": 0.5087726712226868,
      "min": 0.060527101159095764,
      "max": 2.17559814453125,
      "abs_mean": 1.573513388633728,
      "shape": [
        24
      ],
      "numel": 24
    },
    "D": {
      "mean": 0.7731680870056152,
      "std": 0.019682670012116432,
      "min": 0.7037138938903809,
      "max": 0.8073380589485168,
      "abs_mean": 0.7731680870056152,
      "shape": [
        24
      ],
      "numel": 24
    },
    "in_proj.weight": {
      "mean": -0.0001047886471496895,
      "std": 0.02500356361269951,
      "min": -0.23782984912395477,
      "max": 0.30696237087249756,
      "abs_mean": 0.019914953038096428,
      "shape": [
        3224,
        768
      ],
      "numel": 2476032
    },
    "conv1d.weight": {
      "mean": -0.00022839353187009692,
      "std": 0.026489507406949997,
      "min": -0.11654818058013916,
      "max": 0.11540058255195618,
      "abs_mean": 0.020404832437634468,
      "shape": [
        1664,
        1,
        4
      ],
      "numel": 6656
    },
    "conv1d.bias": {
      "mean": -0.0007433631690219045,
      "std": 0.20982986688613892,
      "min": -0.41173577308654785,
      "max": 0.4139096736907959,
      "abs_mean": 0.17978444695472717,
      "shape": [
        1664
      ],
      "numel": 1664
    },
    "norm.weight": {
      "mean": 0.7372737526893616,
      "std": 0.036780573427677155,
      "min": 0.6237266659736633,
      "max": 0.8899685740470886,
      "abs_mean": 0.7372737526893616,
      "shape": [
        1536
      ],
      "numel": 1536
    },
    "out_proj.weight": {
      "mean": 3.386693788343109e-05,
      "std": 0.02675379440188408,
      "min": -0.12362121045589447,
      "max": 0.1103697195649147,
      "abs_mean": 0.022052742540836334,
      "shape": [
        768,
        1536
      ],
      "numel": 1179648
    }
  }
}