{
  "meta": {
    "step": 3500,
    "layer_idx": 0,
    "timestamp": "20260324_220106"
  },
  "params": {
    "dt_bias": {
      "mean": -3.7077724933624268,
      "std": 1.0501463413238525,
      "min": -5.170893669128418,
      "max": -1.9438085556030273,
      "abs_mean": 3.7077724933624268,
      "shape": [
        24
      ],
      "numel": 24
    },
    "A_log": {
      "mean": 1.400018334388733,
      "std": 0.6162941455841064,
      "min": 0.34344708919525146,
      "max": 2.1136510372161865,
      "abs_mean": 1.400018334388733,
      "shape": [
        24
      ],
      "numel": 24
    },
    "D": {
      "mean": 0.8184857368469238,
      "std": 0.055575452744960785,
      "min": 0.7334571480751038,
      "max": 0.9499171376228333,
      "abs_mean": 0.8184857368469238,
      "shape": [
        24
      ],
      "numel": 24
    },
    "in_proj.weight": {
      "mean": -3.855889008264057e-05,
      "std": 0.03573334589600563,
      "min": -0.17595519125461578,
      "max": 0.1811884492635727,
      "abs_mean": 0.028563199564814568,
      "shape": [
        3224,
        768
      ],
      "numel": 2476032
    },
    "conv1d.weight": {
      "mean": -0.0005836738273501396,
      "std": 0.06793654710054398,
      "min": -0.24135635793209076,
      "max": 0.23255454003810883,
      "abs_mean": 0.039154473692178726,
      "shape": [
        1664,
        1,
        4
      ],
      "numel": 6656
    },
    "conv1d.bias": {
      "mean": 0.0046014683321118355,
      "std": 0.19173680245876312,
      "min": -0.4641325771808624,
      "max": 0.497284471988678,
      "abs_mean": 0.1657443642616272,
      "shape": [
        1664
      ],
      "numel": 1664
    },
    "norm.weight": {
      "mean": 0.8351185321807861,
      "std": 0.04242924600839615,
      "min": 0.6039988398551941,
      "max": 0.9274294376373291,
      "abs_mean": 0.8351185321807861,
      "shape": [
        1536
      ],
      "numel": 1536
    },
    "out_proj.weight": {
      "mean": -2.0519260942819528e-05,
      "std": 0.03606051579117775,
      "min": -0.17839974164962769,
      "max": 0.1661270409822464,
      "abs_mean": 0.029175132513046265,
      "shape": [
        768,
        1536
      ],
      "numel": 1179648
    }
  }
}