{
  "meta": {
    "step": 500,
    "layer_idx": 12,
    "timestamp": "20260324_123955"
  },
  "params": {
    "dt_bias": {
      "mean": -4.4748077392578125,
      "std": 1.5039681196212769,
      "min": -6.493854999542236,
      "max": -2.397467851638794,
      "abs_mean": 4.4748077392578125,
      "shape": [
        24
      ],
      "numel": 24
    },
    "A_log": {
      "mean": 1.9768081903457642,
      "std": 0.7122743725776672,
      "min": 0.2446814775466919,
      "max": 2.671280860900879,
      "abs_mean": 1.9768081903457642,
      "shape": [
        24
      ],
      "numel": 24
    },
    "D": {
      "mean": 0.9726477265357971,
      "std": 0.006954904180020094,
      "min": 0.9544360637664795,
      "max": 0.9859739542007446,
      "abs_mean": 0.9726477265357971,
      "shape": [
        24
      ],
      "numel": 24
    },
    "in_proj.weight": {
      "mean": -3.9247210224857554e-05,
      "std": 0.022784434258937836,
      "min": -0.07138726115226746,
      "max": 0.07111640274524689,
      "abs_mean": 0.019466085359454155,
      "shape": [
        3224,
        768
      ],
      "numel": 2476032
    },
    "conv1d.weight": {
      "mean": -0.0005098670371808112,
      "std": 0.017325613647699356,
      "min": -0.05020530894398689,
      "max": 0.05925819277763367,
      "abs_mean": 0.014516925439238548,
      "shape": [
        1664,
        1,
        4
      ],
      "numel": 6656
    },
    "conv1d.bias": {
      "mean": -0.009542152285575867,
      "std": 0.27821725606918335,
      "min": -0.5020266771316528,
      "max": 0.4933408200740814,
      "abs_mean": 0.24168865382671356,
      "shape": [
        1664
      ],
      "numel": 1664
    },
    "norm.weight": {
      "mean": 0.9649327397346497,
      "std": 0.018462536856532097,
      "min": 0.9103447198867798,
      "max": 1.0267335176467896,
      "abs_mean": 0.9649327397346497,
      "shape": [
        1536
      ],
      "numel": 1536
    },
    "out_proj.weight": {
      "mean": 1.3172272701922338e-05,
      "std": 0.029149623587727547,
      "min": -0.07688900083303452,
      "max": 0.07866626232862473,
      "abs_mean": 0.025046445429325104,
      "shape": [
        768,
        1536
      ],
      "numel": 1179648
    }
  }
}