{
  "meta": {
    "step": 10000,
    "layer_idx": 0,
    "timestamp": "20260325_030533"
  },
  "params": {
    "dt_bias": {
      "mean": -3.540151596069336,
      "std": 0.9191414713859558,
      "min": -4.957979679107666,
      "max": -2.1336398124694824,
      "abs_mean": 3.540151596069336,
      "shape": [
        32
      ],
      "numel": 32
    },
    "A_log": {
      "mean": 1.2197730541229248,
      "std": 0.3686884939670563,
      "min": 0.36935216188430786,
      "max": 1.868576169013977,
      "abs_mean": 1.2197730541229248,
      "shape": [
        32
      ],
      "numel": 32
    },
    "D": {
      "mean": 0.7324752807617188,
      "std": 0.037583328783512115,
      "min": 0.6713880896568298,
      "max": 0.8355375528335571,
      "abs_mean": 0.7324752807617188,
      "shape": [
        32
      ],
      "numel": 32
    },
    "in_proj.weight": {
      "mean": 4.781368261319585e-05,
      "std": 0.030511049553751945,
      "min": -0.17694614827632904,
      "max": 0.1764799952507019,
      "abs_mean": 0.02441418170928955,
      "shape": [
        4256,
        1024
      ],
      "numel": 4358144
    },
    "conv1d.weight": {
      "mean": 0.0008204120094887912,
      "std": 0.06071702018380165,
      "min": -0.20780637860298157,
      "max": 0.21115554869174957,
      "abs_mean": 0.03470399230718613,
      "shape": [
        2176,
        1,
        4
      ],
      "numel": 8704
    },
    "conv1d.bias": {
      "mean": 0.007927323691546917,
      "std": 0.17494915425777435,
      "min": -0.5085486173629761,
      "max": 0.4556092619895935,
      "abs_mean": 0.14921201765537262,
      "shape": [
        2176
      ],
      "numel": 2176
    },
    "norm.weight": {
      "mean": 0.6868563890457153,
      "std": 0.05984573811292648,
      "min": 0.3953331708908081,
      "max": 0.8239212036132812,
      "abs_mean": 0.6868563890457153,
      "shape": [
        2048
      ],
      "numel": 2048
    },
    "out_proj.weight": {
      "mean": -1.7604881577426568e-05,
      "std": 0.02903728373348713,
      "min": -0.16206595301628113,
      "max": 0.13660864531993866,
      "abs_mean": 0.023496374487876892,
      "shape": [
        1024,
        2048
      ],
      "numel": 2097152
    }
  }
}