{
  "meta": {
    "step": 2500,
    "layer_idx": 9,
    "timestamp": "20260324_124213"
  },
  "params": {
    "dt_bias": {
      "mean": -3.900615930557251,
      "std": 1.1993937492370605,
      "min": -5.9195146560668945,
      "max": -2.123145818710327,
      "abs_mean": 3.900615930557251,
      "shape": [
        24
      ],
      "numel": 24
    },
    "A_log": {
      "mean": 1.5744630098342896,
      "std": 0.6109927296638489,
      "min": 0.6563374996185303,
      "max": 2.4562931060791016,
      "abs_mean": 1.5744630098342896,
      "shape": [
        24
      ],
      "numel": 24
    },
    "D": {
      "mean": 0.8749392628669739,
      "std": 0.02032521739602089,
      "min": 0.833678662776947,
      "max": 0.9281277060508728,
      "abs_mean": 0.8749392628669739,
      "shape": [
        24
      ],
      "numel": 24
    },
    "in_proj.weight": {
      "mean": -7.876806193962693e-05,
      "std": 0.0240152757614851,
      "min": -0.1748892068862915,
      "max": 0.2000741809606552,
      "abs_mean": 0.01973653770983219,
      "shape": [
        3224,
        768
      ],
      "numel": 2476032
    },
    "conv1d.weight": {
      "mean": -0.0002217204455519095,
      "std": 0.020260702818632126,
      "min": -0.08940192312002182,
      "max": 0.07797788083553314,
      "abs_mean": 0.015743611380457878,
      "shape": [
        1664,
        1,
        4
      ],
      "numel": 6656
    },
    "conv1d.bias": {
      "mean": -0.000451308093033731,
      "std": 0.2503184676170349,
      "min": -0.4733871519565582,
      "max": 0.4723399877548218,
      "abs_mean": 0.21517786383628845,
      "shape": [
        1664
      ],
      "numel": 1664
    },
    "norm.weight": {
      "mean": 0.8382816314697266,
      "std": 0.05547044426202774,
      "min": 0.6961250901222229,
      "max": 0.954453706741333,
      "abs_mean": 0.8382816314697266,
      "shape": [
        1536
      ],
      "numel": 1536
    },
    "out_proj.weight": {
      "mean": 1.6956810213741846e-05,
      "std": 0.028784655034542084,
      "min": -0.15683826804161072,
      "max": 0.15346984565258026,
      "abs_mean": 0.023936308920383453,
      "shape": [
        768,
        1536
      ],
      "numel": 1179648
    }
  }
}