{
  "meta": {
    "step": 10000,
    "layer_idx": 6,
    "timestamp": "20260325_030533"
  },
  "params": {
    "dt_bias": {
      "mean": -3.3095550537109375,
      "std": 0.9411656856536865,
      "min": -5.021075248718262,
      "max": -1.8972691297531128,
      "abs_mean": 3.3095550537109375,
      "shape": [
        32
      ],
      "numel": 32
    },
    "A_log": {
      "mean": 1.5242245197296143,
      "std": 0.3876804709434509,
      "min": 0.10737115889787674,
      "max": 2.041248083114624,
      "abs_mean": 1.5242245197296143,
      "shape": [
        32
      ],
      "numel": 32
    },
    "D": {
      "mean": 0.7487982511520386,
      "std": 0.017849287018179893,
      "min": 0.7074570655822754,
      "max": 0.7855945229530334,
      "abs_mean": 0.7487982511520386,
      "shape": [
        32
      ],
      "numel": 32
    },
    "in_proj.weight": {
      "mean": 9.121176117332652e-05,
      "std": 0.031147988513112068,
      "min": -0.1736093908548355,
      "max": 0.17082975804805756,
      "abs_mean": 0.02476850152015686,
      "shape": [
        4256,
        1024
      ],
      "numel": 4358144
    },
    "conv1d.weight": {
      "mean": -0.00017290899995714426,
      "std": 0.04670800641179085,
      "min": -0.14777161180973053,
      "max": 0.15181593596935272,
      "abs_mean": 0.037340130656957626,
      "shape": [
        2176,
        1,
        4
      ],
      "numel": 8704
    },
    "conv1d.bias": {
      "mean": 0.0008363447850570083,
      "std": 0.203046515583992,
      "min": -0.3865366280078888,
      "max": 0.40012162923812866,
      "abs_mean": 0.1755768060684204,
      "shape": [
        2176
      ],
      "numel": 2176
    },
    "norm.weight": {
      "mean": 0.7934505343437195,
      "std": 0.036218903958797455,
      "min": 0.6441313624382019,
      "max": 0.9241238832473755,
      "abs_mean": 0.7934505343437195,
      "shape": [
        2048
      ],
      "numel": 2048
    },
    "out_proj.weight": {
      "mean": -1.5428242477355525e-05,
      "std": 0.030445748940110207,
      "min": -0.1868745982646942,
      "max": 0.15872901678085327,
      "abs_mean": 0.024411683902144432,
      "shape": [
        1024,
        2048
      ],
      "numel": 2097152
    }
  }
}