{
  "meta": {
    "step": 5000,
    "layer_idx": 28,
    "timestamp": "20260325_015736"
  },
  "params": {
    "dt_bias": {
      "mean": -3.7342593669891357,
      "std": 1.197441577911377,
      "min": -5.778124809265137,
      "max": -2.011782169342041,
      "abs_mean": 3.7342593669891357,
      "shape": [
        32
      ],
      "numel": 32
    },
    "A_log": {
      "mean": 1.7480005025863647,
      "std": 0.4837498366832733,
      "min": 0.43461373448371887,
      "max": 2.2701988220214844,
      "abs_mean": 1.7480005025863647,
      "shape": [
        32
      ],
      "numel": 32
    },
    "D": {
      "mean": 0.820743978023529,
      "std": 0.02732795476913452,
      "min": 0.7581389546394348,
      "max": 0.8736563920974731,
      "abs_mean": 0.820743978023529,
      "shape": [
        32
      ],
      "numel": 32
    },
    "in_proj.weight": {
      "mean": 1.0166583706450183e-05,
      "std": 0.019180797040462494,
      "min": -0.15674489736557007,
      "max": 0.145101860165596,
      "abs_mean": 0.015849869698286057,
      "shape": [
        4256,
        1024
      ],
      "numel": 4358144
    },
    "conv1d.weight": {
      "mean": -2.789945574477315e-05,
      "std": 0.014867804944515228,
      "min": -0.08570490032434464,
      "max": 0.07435519993305206,
      "abs_mean": 0.011104029603302479,
      "shape": [
        2176,
        1,
        4
      ],
      "numel": 8704
    },
    "conv1d.bias": {
      "mean": -0.0019659334793686867,
      "std": 0.22572383284568787,
      "min": -0.45296236872673035,
      "max": 0.4706662595272064,
      "abs_mean": 0.19097484648227692,
      "shape": [
        2176
      ],
      "numel": 2176
    },
    "norm.weight": {
      "mean": 0.7597045302391052,
      "std": 0.08013151586055756,
      "min": 0.49977582693099976,
      "max": 0.9011104702949524,
      "abs_mean": 0.7597045302391052,
      "shape": [
        2048
      ],
      "numel": 2048
    },
    "out_proj.weight": {
      "mean": -3.645001561380923e-05,
      "std": 0.02308146469295025,
      "min": -0.08633014559745789,
      "max": 0.08517757803201675,
      "abs_mean": 0.019255440682172775,
      "shape": [
        1024,
        2048
      ],
      "numel": 2097152
    }
  }
}