{
  "meta": {
    "step": 2000,
    "layer_idx": 1,
    "timestamp": "20260324_124138"
  },
  "params": {
    "dt_bias": {
      "mean": -3.984687089920044,
      "std": 1.230926275253296,
      "min": -6.134590148925781,
      "max": -2.175255298614502,
      "abs_mean": 3.984687089920044,
      "shape": [
        24
      ],
      "numel": 24
    },
    "A_log": {
      "mean": 1.6177650690078735,
      "std": 0.5987740159034729,
      "min": 0.35081127285957336,
      "max": 2.442715883255005,
      "abs_mean": 1.6177650690078735,
      "shape": [
        24
      ],
      "numel": 24
    },
    "D": {
      "mean": 0.8977620601654053,
      "std": 0.019420567899942398,
      "min": 0.8644776344299316,
      "max": 0.9374746084213257,
      "abs_mean": 0.8977620601654053,
      "shape": [
        24
      ],
      "numel": 24
    },
    "in_proj.weight": {
      "mean": 1.1080820513598155e-05,
      "std": 0.03154345974326134,
      "min": -0.15335869789123535,
      "max": 0.16792546212673187,
      "abs_mean": 0.025429002940654755,
      "shape": [
        3224,
        768
      ],
      "numel": 2476032
    },
    "conv1d.weight": {
      "mean": 0.00022160771186463535,
      "std": 0.04790029674768448,
      "min": -0.16999948024749756,
      "max": 0.1356060951948166,
      "abs_mean": 0.039456479251384735,
      "shape": [
        1664,
        1,
        4
      ],
      "numel": 6656
    },
    "conv1d.bias": {
      "mean": 0.0036759055219590664,
      "std": 0.24280516803264618,
      "min": -0.4703105092048645,
      "max": 0.47175177931785583,
      "abs_mean": 0.21012258529663086,
      "shape": [
        1664
      ],
      "numel": 1664
    },
    "norm.weight": {
      "mean": 0.9695375561714172,
      "std": 0.036691684275865555,
      "min": 0.7438461780548096,
      "max": 1.0631954669952393,
      "abs_mean": 0.9695375561714172,
      "shape": [
        1536
      ],
      "numel": 1536
    },
    "out_proj.weight": {
      "mean": -3.059633672819473e-05,
      "std": 0.03572939336299896,
      "min": -0.16362488269805908,
      "max": 0.1392001062631607,
      "abs_mean": 0.0292827095836401,
      "shape": [
        768,
        1536
      ],
      "numel": 1179648
    }
  }
}