{
  "meta": {
    "step": 5000,
    "layer_idx": 26,
    "timestamp": "20260325_015736"
  },
  "params": {
    "dt_bias": {
      "mean": -4.227823257446289,
      "std": 1.138634443283081,
      "min": -5.737186431884766,
      "max": -2.0297963619232178,
      "abs_mean": 4.227823257446289,
      "shape": [
        32
      ],
      "numel": 32
    },
    "A_log": {
      "mean": 1.7256877422332764,
      "std": 0.4201143980026245,
      "min": 0.7655248641967773,
      "max": 2.2789804935455322,
      "abs_mean": 1.7256877422332764,
      "shape": [
        32
      ],
      "numel": 32
    },
    "D": {
      "mean": 0.827228307723999,
      "std": 0.02409784309566021,
      "min": 0.7666097283363342,
      "max": 0.8676077723503113,
      "abs_mean": 0.827228307723999,
      "shape": [
        32
      ],
      "numel": 32
    },
    "in_proj.weight": {
      "mean": 6.715921335853636e-05,
      "std": 0.019484074786305428,
      "min": -0.14002177119255066,
      "max": 0.15051865577697754,
      "abs_mean": 0.016065333038568497,
      "shape": [
        4256,
        1024
      ],
      "numel": 4358144
    },
    "conv1d.weight": {
      "mean": 0.0002484848373569548,
      "std": 0.015212496742606163,
      "min": -0.08077779412269592,
      "max": 0.07850785553455353,
      "abs_mean": 0.01159792672842741,
      "shape": [
        2176,
        1,
        4
      ],
      "numel": 8704
    },
    "conv1d.bias": {
      "mean": 0.006471020169556141,
      "std": 0.22721830010414124,
      "min": -0.44106581807136536,
      "max": 0.426599383354187,
      "abs_mean": 0.1931913048028946,
      "shape": [
        2176
      ],
      "numel": 2176
    },
    "norm.weight": {
      "mean": 0.770165205001831,
      "std": 0.06510290503501892,
      "min": 0.5967932939529419,
      "max": 0.886389970779419,
      "abs_mean": 0.770165205001831,
      "shape": [
        2048
      ],
      "numel": 2048
    },
    "out_proj.weight": {
      "mean": 5.805888577015139e-06,
      "std": 0.02295423485338688,
      "min": -0.08519109338521957,
      "max": 0.08398124575614929,
      "abs_mean": 0.01918756775557995,
      "shape": [
        1024,
        2048
      ],
      "numel": 2097152
    }
  }
}