{
  "meta": {
    "step": 2000,
    "layer_idx": 14,
    "timestamp": "20260324_124138"
  },
  "params": {
    "dt_bias": {
      "mean": -3.929319381713867,
      "std": 1.1915838718414307,
      "min": -6.177425384521484,
      "max": -2.152010202407837,
      "abs_mean": 3.929319381713867,
      "shape": [
        24
      ],
      "numel": 24
    },
    "A_log": {
      "mean": 1.54132878780365,
      "std": 0.7868141531944275,
      "min": 0.09182539582252502,
      "max": 2.430981397628784,
      "abs_mean": 1.54132878780365,
      "shape": [
        24
      ],
      "numel": 24
    },
    "D": {
      "mean": 0.8941066861152649,
      "std": 0.017120035365223885,
      "min": 0.864690363407135,
      "max": 0.9376440644264221,
      "abs_mean": 0.8941066861152649,
      "shape": [
        24
      ],
      "numel": 24
    },
    "in_proj.weight": {
      "mean": -0.0001132297984440811,
      "std": 0.02344699390232563,
      "min": -0.12884452939033508,
      "max": 0.12295938283205032,
      "abs_mean": 0.01947217993438244,
      "shape": [
        3224,
        768
      ],
      "numel": 2476032
    },
    "conv1d.weight": {
      "mean": 4.903806620859541e-05,
      "std": 0.017177265137434006,
      "min": -0.0774126723408699,
      "max": 0.06674721091985703,
      "abs_mean": 0.013072077184915543,
      "shape": [
        1664,
        1,
        4
      ],
      "numel": 6656
    },
    "conv1d.bias": {
      "mean": 0.0010256052482873201,
      "std": 0.25423550605773926,
      "min": -0.48897483944892883,
      "max": 0.49889516830444336,
      "abs_mean": 0.21570934355258942,
      "shape": [
        1664
      ],
      "numel": 1664
    },
    "norm.weight": {
      "mean": 0.8498935103416443,
      "std": 0.05800776556134224,
      "min": 0.6933233141899109,
      "max": 0.957788348197937,
      "abs_mean": 0.8498935103416443,
      "shape": [
        1536
      ],
      "numel": 1536
    },
    "out_proj.weight": {
      "mean": 3.0420625989791006e-05,
      "std": 0.029076531529426575,
      "min": -0.1328275501728058,
      "max": 0.13817231357097626,
      "abs_mean": 0.024245869368314743,
      "shape": [
        768,
        1536
      ],
      "numel": 1179648
    }
  }
}