{
  "meta": {
    "step": 6000,
    "layer_idx": 0,
    "timestamp": "20260324_221004"
  },
  "params": {
    "dt_bias": {
      "mean": -3.461862325668335,
      "std": 0.9739648699760437,
      "min": -4.773808479309082,
      "max": -1.7543907165527344,
      "abs_mean": 3.461862325668335,
      "shape": [
        24
      ],
      "numel": 24
    },
    "A_log": {
      "mean": 1.2652407884597778,
      "std": 0.5707114338874817,
      "min": 0.2657223641872406,
      "max": 1.9334726333618164,
      "abs_mean": 1.2652407884597778,
      "shape": [
        24
      ],
      "numel": 24
    },
    "D": {
      "mean": 0.7476806044578552,
      "std": 0.049428075551986694,
      "min": 0.66623854637146,
      "max": 0.8534927368164062,
      "abs_mean": 0.7476806044578552,
      "shape": [
        24
      ],
      "numel": 24
    },
    "in_proj.weight": {
      "mean": -4.5387594582280144e-05,
      "std": 0.03712358698248863,
      "min": -0.1858818084001541,
      "max": 0.1921277642250061,
      "abs_mean": 0.029644889757037163,
      "shape": [
        3224,
        768
      ],
      "numel": 2476032
    },
    "conv1d.weight": {
      "mean": -0.0005592769593931735,
      "std": 0.06913908571004868,
      "min": -0.24070680141448975,
      "max": 0.23475179076194763,
      "abs_mean": 0.03927343338727951,
      "shape": [
        1664,
        1,
        4
      ],
      "numel": 6656
    },
    "conv1d.bias": {
      "mean": 0.0032735837157815695,
      "std": 0.16531017422676086,
      "min": -0.4207165241241455,
      "max": 0.45286858081817627,
      "abs_mean": 0.14217838644981384,
      "shape": [
        1664
      ],
      "numel": 1664
    },
    "norm.weight": {
      "mean": 0.7531647086143494,
      "std": 0.04770002141594887,
      "min": 0.48781561851501465,
      "max": 0.8450282216072083,
      "abs_mean": 0.7531647086143494,
      "shape": [
        1536
      ],
      "numel": 1536
    },
    "out_proj.weight": {
      "mean": -2.853155274351593e-05,
      "std": 0.03654894605278969,
      "min": -0.1813388168811798,
      "max": 0.17449259757995605,
      "abs_mean": 0.0294338371604681,
      "shape": [
        768,
        1536
      ],
      "numel": 1179648
    }
  }
}