{
  "meta": {
    "step": 3000,
    "layer_idx": 8,
    "timestamp": "20260324_124247"
  },
  "params": {
    "dt_bias": {
      "mean": -4.052788734436035,
      "std": 1.2019879817962646,
      "min": -5.889235973358154,
      "max": -2.152308940887451,
      "abs_mean": 4.052788734436035,
      "shape": [
        24
      ],
      "numel": 24
    },
    "A_log": {
      "mean": 1.8541444540023804,
      "std": 0.6041286587715149,
      "min": 0.08149053901433945,
      "max": 2.4018096923828125,
      "abs_mean": 1.8541444540023804,
      "shape": [
        24
      ],
      "numel": 24
    },
    "D": {
      "mean": 0.8558411598205566,
      "std": 0.024180419743061066,
      "min": 0.7916094660758972,
      "max": 0.9066560864448547,
      "abs_mean": 0.8558411598205566,
      "shape": [
        24
      ],
      "numel": 24
    },
    "in_proj.weight": {
      "mean": -0.00013190924073569477,
      "std": 0.02448956109583378,
      "min": -0.19548185169696808,
      "max": 0.20003877580165863,
      "abs_mean": 0.01996655762195587,
      "shape": [
        3224,
        768
      ],
      "numel": 2476032
    },
    "conv1d.weight": {
      "mean": 1.9594126570154913e-05,
      "std": 0.020442310720682144,
      "min": -0.14726367592811584,
      "max": 0.1716308444738388,
      "abs_mean": 0.01585989259183407,
      "shape": [
        1664,
        1,
        4
      ],
      "numel": 6656
    },
    "conv1d.bias": {
      "mean": -0.001024155062623322,
      "std": 0.2369873970746994,
      "min": -0.45525914430618286,
      "max": 0.44136467576026917,
      "abs_mean": 0.19994981586933136,
      "shape": [
        1664
      ],
      "numel": 1664
    },
    "norm.weight": {
      "mean": 0.8121804594993591,
      "std": 0.05171213299036026,
      "min": 0.6845605373382568,
      "max": 0.9116030931472778,
      "abs_mean": 0.8121804594993591,
      "shape": [
        1536
      ],
      "numel": 1536
    },
    "out_proj.weight": {
      "mean": 4.457846443983726e-06,
      "std": 0.028229299932718277,
      "min": -0.1732952892780304,
      "max": 0.17092791199684143,
      "abs_mean": 0.02343802899122238,
      "shape": [
        768,
        1536
      ],
      "numel": 1179648
    }
  }
}