{
  "meta": {
    "step": 1800,
    "layer_idx": 0,
    "timestamp": "20260324_124123"
  },
  "params": {
    "dt_bias": {
      "mean": -4.1478729248046875,
      "std": 1.244509220123291,
      "min": -6.066351413726807,
      "max": -2.2310924530029297,
      "abs_mean": 4.1478729248046875,
      "shape": [
        24
      ],
      "numel": 24
    },
    "A_log": {
      "mean": 1.6673979759216309,
      "std": 0.5242469906806946,
      "min": 0.4530327618122101,
      "max": 2.411590576171875,
      "abs_mean": 1.6673979759216309,
      "shape": [
        24
      ],
      "numel": 24
    },
    "D": {
      "mean": 0.8915185928344727,
      "std": 0.04909458011388779,
      "min": 0.8009132146835327,
      "max": 1.0364084243774414,
      "abs_mean": 0.8915185928344727,
      "shape": [
        24
      ],
      "numel": 24
    },
    "in_proj.weight": {
      "mean": -5.57367384317331e-05,
      "std": 0.03159308061003685,
      "min": -0.16702641546726227,
      "max": 0.14994704723358154,
      "abs_mean": 0.025443457067012787,
      "shape": [
        3224,
        768
      ],
      "numel": 2476032
    },
    "conv1d.weight": {
      "mean": 1.4997150174167473e-05,
      "std": 0.058200519531965256,
      "min": -0.18635623157024384,
      "max": 0.19216163456439972,
      "abs_mean": 0.044190842658281326,
      "shape": [
        1664,
        1,
        4
      ],
      "numel": 6656
    },
    "conv1d.bias": {
      "mean": -0.007803268730640411,
      "std": 0.23642492294311523,
      "min": -0.5181863307952881,
      "max": 0.5189516544342041,
      "abs_mean": 0.2055358588695526,
      "shape": [
        1664
      ],
      "numel": 1664
    },
    "norm.weight": {
      "mean": 0.9395179748535156,
      "std": 0.0306124035269022,
      "min": 0.7778353095054626,
      "max": 1.0349394083023071,
      "abs_mean": 0.9395179748535156,
      "shape": [
        1536
      ],
      "numel": 1536
    },
    "out_proj.weight": {
      "mean": 1.5747908037155867e-05,
      "std": 0.03465256467461586,
      "min": -0.15876446664333344,
      "max": 0.15124015510082245,
      "abs_mean": 0.028538379818201065,
      "shape": [
        768,
        1536
      ],
      "numel": 1179648
    }
  }
}