{
  "meta": {
    "step": 4800,
    "layer_idx": 0,
    "timestamp": "20260324_124456"
  },
  "params": {
    "dt_bias": {
      "mean": -3.9105446338653564,
      "std": 1.15580415725708,
      "min": -5.651823997497559,
      "max": -2.089611053466797,
      "abs_mean": 3.9105446338653564,
      "shape": [
        24
      ],
      "numel": 24
    },
    "A_log": {
      "mean": 1.5291169881820679,
      "std": 0.47524452209472656,
      "min": 0.4340086579322815,
      "max": 2.229954481124878,
      "abs_mean": 1.5291169881820679,
      "shape": [
        24
      ],
      "numel": 24
    },
    "D": {
      "mean": 0.8303617835044861,
      "std": 0.05679890513420105,
      "min": 0.7304477691650391,
      "max": 1.0030663013458252,
      "abs_mean": 0.8303617835044861,
      "shape": [
        24
      ],
      "numel": 24
    },
    "in_proj.weight": {
      "mean": -7.384178024949506e-05,
      "std": 0.03282321244478226,
      "min": -0.1656334400177002,
      "max": 0.16355592012405396,
      "abs_mean": 0.026311082765460014,
      "shape": [
        3224,
        768
      ],
      "numel": 2476032
    },
    "conv1d.weight": {
      "mean": -0.0001979517692234367,
      "std": 0.06332822144031525,
      "min": -0.20234456658363342,
      "max": 0.1838853657245636,
      "abs_mean": 0.04972893372178078,
      "shape": [
        1664,
        1,
        4
      ],
      "numel": 6656
    },
    "conv1d.bias": {
      "mean": -0.007330560125410557,
      "std": 0.21092717349529266,
      "min": -0.5067257285118103,
      "max": 0.5043531060218811,
      "abs_mean": 0.1836288571357727,
      "shape": [
        1664
      ],
      "numel": 1664
    },
    "norm.weight": {
      "mean": 0.8900682926177979,
      "std": 0.0344199538230896,
      "min": 0.6770622730255127,
      "max": 0.9839886426925659,
      "abs_mean": 0.8900682926177979,
      "shape": [
        1536
      ],
      "numel": 1536
    },
    "out_proj.weight": {
      "mean": 1.7727541489875875e-05,
      "std": 0.035419195890426636,
      "min": -0.15363897383213043,
      "max": 0.16046874225139618,
      "abs_mean": 0.028890222311019897,
      "shape": [
        768,
        1536
      ],
      "numel": 1179648
    }
  }
}