{
  "meta": {
    "step": 100,
    "layer_idx": 0,
    "timestamp": "20260324_123928"
  },
  "params": {
    "dt_bias": {
      "mean": -4.522276401519775,
      "std": 1.4022265672683716,
      "min": -6.765735149383545,
      "max": -2.4617154598236084,
      "abs_mean": 4.522276401519775,
      "shape": [
        24
      ],
      "numel": 24
    },
    "A_log": {
      "mean": 1.9490290880203247,
      "std": 0.6176338195800781,
      "min": 0.4091128706932068,
      "max": 2.708096742630005,
      "abs_mean": 1.9490290880203247,
      "shape": [
        24
      ],
      "numel": 24
    },
    "D": {
      "mean": 0.9969488978385925,
      "std": 0.0023007337003946304,
      "min": 0.9927914142608643,
      "max": 1.0024405717849731,
      "abs_mean": 0.9969488978385925,
      "shape": [
        24
      ],
      "numel": 24
    },
    "in_proj.weight": {
      "mean": 1.2919012078782544e-05,
      "std": 0.022528573870658875,
      "min": -0.052361804991960526,
      "max": 0.05332161858677864,
      "abs_mean": 0.0194467194378376,
      "shape": [
        3224,
        768
      ],
      "numel": 2476032
    },
    "conv1d.weight": {
      "mean": 8.76582125783898e-05,
      "std": 0.018169499933719635,
      "min": -0.041637614369392395,
      "max": 0.04354441538453102,
      "abs_mean": 0.015626225620508194,
      "shape": [
        1664,
        1,
        4
      ],
      "numel": 6656
    },
    "conv1d.bias": {
      "mean": -0.007732917554676533,
      "std": 0.28688737750053406,
      "min": -0.4983292520046234,
      "max": 0.49811795353889465,
      "abs_mean": 0.24710823595523834,
      "shape": [
        1664
      ],
      "numel": 1664
    },
    "norm.weight": {
      "mean": 0.9956402778625488,
      "std": 0.002986686769872904,
      "min": 0.9856170415878296,
      "max": 1.0088739395141602,
      "abs_mean": 0.9956402778625488,
      "shape": [
        1536
      ],
      "numel": 1536
    },
    "out_proj.weight": {
      "mean": 7.121441285562469e-06,
      "std": 0.02940411865711212,
      "min": -0.06488505750894547,
      "max": 0.06294932216405869,
      "abs_mean": 0.02542613260447979,
      "shape": [
        768,
        1536
      ],
      "numel": 1179648
    }
  }
}