{
  "meta": {
    "step": 10000,
    "layer_idx": 20,
    "timestamp": "20260325_030533"
  },
  "params": {
    "dt_bias": {
      "mean": -3.415494441986084,
      "std": 1.2172636985778809,
      "min": -5.1225972175598145,
      "max": -1.7563589811325073,
      "abs_mean": 3.415494441986084,
      "shape": [
        32
      ],
      "numel": 32
    },
    "A_log": {
      "mean": 1.606406807899475,
      "std": 0.39355501532554626,
      "min": 0.12192532420158386,
      "max": 2.023951768875122,
      "abs_mean": 1.606406807899475,
      "shape": [
        32
      ],
      "numel": 32
    },
    "D": {
      "mean": 0.7277902960777283,
      "std": 0.028846338391304016,
      "min": 0.6717760562896729,
      "max": 0.7938796877861023,
      "abs_mean": 0.7277902960777283,
      "shape": [
        32
      ],
      "numel": 32
    },
    "in_proj.weight": {
      "mean": 2.7798403607448563e-05,
      "std": 0.019314520061016083,
      "min": -0.16514360904693604,
      "max": 0.15352913737297058,
      "abs_mean": 0.01558553148061037,
      "shape": [
        4256,
        1024
      ],
      "numel": 4358144
    },
    "conv1d.weight": {
      "mean": 0.0005932182539254427,
      "std": 0.018932869657874107,
      "min": -0.08550342172384262,
      "max": 0.08125472813844681,
      "abs_mean": 0.014966243878006935,
      "shape": [
        2176,
        1,
        4
      ],
      "numel": 8704
    },
    "conv1d.bias": {
      "mean": 0.0028010038658976555,
      "std": 0.19619354605674744,
      "min": -0.4028024673461914,
      "max": 0.44060763716697693,
      "abs_mean": 0.16570796072483063,
      "shape": [
        2176
      ],
      "numel": 2176
    },
    "norm.weight": {
      "mean": 0.6820306777954102,
      "std": 0.049838487058877945,
      "min": 0.5077970027923584,
      "max": 0.8117102980613708,
      "abs_mean": 0.6820306777954102,
      "shape": [
        2048
      ],
      "numel": 2048
    },
    "out_proj.weight": {
      "mean": -1.6428246453870088e-05,
      "std": 0.02147914469242096,
      "min": -0.09673742949962616,
      "max": 0.10344552993774414,
      "abs_mean": 0.017687560990452766,
      "shape": [
        1024,
        2048
      ],
      "numel": 2097152
    }
  }
}