{
  "meta": {
    "step": 5000,
    "layer_idx": 12,
    "timestamp": "20260325_015736"
  },
  "params": {
    "dt_bias": {
      "mean": -3.6804754734039307,
      "std": 0.9281412959098816,
      "min": -5.325338363647461,
      "max": -1.9150408506393433,
      "abs_mean": 3.6804754734039307,
      "shape": [
        32
      ],
      "numel": 32
    },
    "A_log": {
      "mean": 1.651410698890686,
      "std": 0.5998100638389587,
      "min": 0.21514885127544403,
      "max": 2.3186399936676025,
      "abs_mean": 1.651410698890686,
      "shape": [
        32
      ],
      "numel": 32
    },
    "D": {
      "mean": 0.8259577751159668,
      "std": 0.019295375794172287,
      "min": 0.7809311747550964,
      "max": 0.8634271025657654,
      "abs_mean": 0.8259577751159668,
      "shape": [
        32
      ],
      "numel": 32
    },
    "in_proj.weight": {
      "mean": 7.089125574566424e-05,
      "std": 0.020191388204693794,
      "min": -0.17675389349460602,
      "max": 0.19126421213150024,
      "abs_mean": 0.01654933951795101,
      "shape": [
        4256,
        1024
      ],
      "numel": 4358144
    },
    "conv1d.weight": {
      "mean": 0.000499169749673456,
      "std": 0.019298965111374855,
      "min": -0.14070704579353333,
      "max": 0.08229351043701172,
      "abs_mean": 0.015301181934773922,
      "shape": [
        2176,
        1,
        4
      ],
      "numel": 8704
    },
    "conv1d.bias": {
      "mean": -0.006087024696171284,
      "std": 0.227664977312088,
      "min": -0.43101292848587036,
      "max": 0.4281019866466522,
      "abs_mean": 0.1938709020614624,
      "shape": [
        2176
      ],
      "numel": 2176
    },
    "norm.weight": {
      "mean": 0.7899228930473328,
      "std": 0.031818654388189316,
      "min": 0.6958361268043518,
      "max": 0.8894094824790955,
      "abs_mean": 0.7899228930473328,
      "shape": [
        2048
      ],
      "numel": 2048
    },
    "out_proj.weight": {
      "mean": -2.73797195404768e-05,
      "std": 0.022973116487264633,
      "min": -0.1191970705986023,
      "max": 0.1318545788526535,
      "abs_mean": 0.01928614266216755,
      "shape": [
        1024,
        2048
      ],
      "numel": 2097152
    }
  }
}