{
  "meta": {
    "step": 10000,
    "layer_idx": 27,
    "timestamp": "20260325_030533"
  },
  "params": {
    "dt_bias": {
      "mean": -3.455008029937744,
      "std": 0.987281858921051,
      "min": -5.000888824462891,
      "max": -1.8428605794906616,
      "abs_mean": 3.455008029937744,
      "shape": [
        32
      ],
      "numel": 32
    },
    "A_log": {
      "mean": 1.3492786884307861,
      "std": 0.45171642303466797,
      "min": 0.2005208283662796,
      "max": 2.013746976852417,
      "abs_mean": 1.3492786884307861,
      "shape": [
        32
      ],
      "numel": 32
    },
    "D": {
      "mean": 0.7244248986244202,
      "std": 0.03377176821231842,
      "min": 0.6565830111503601,
      "max": 0.7909382581710815,
      "abs_mean": 0.7244248986244202,
      "shape": [
        32
      ],
      "numel": 32
    },
    "in_proj.weight": {
      "mean": 9.666434925748035e-05,
      "std": 0.019460495561361313,
      "min": -0.13676895201206207,
      "max": 0.14530277252197266,
      "abs_mean": 0.015672998502850533,
      "shape": [
        4256,
        1024
      ],
      "numel": 4358144
    },
    "conv1d.weight": {
      "mean": 0.00010897368338191882,
      "std": 0.01619536057114601,
      "min": -0.07443810254335403,
      "max": 0.07744131237268448,
      "abs_mean": 0.012424646876752377,
      "shape": [
        2176,
        1,
        4
      ],
      "numel": 8704
    },
    "conv1d.bias": {
      "mean": 0.0020373472943902016,
      "std": 0.19687144458293915,
      "min": -0.44078266620635986,
      "max": 0.4041069746017456,
      "abs_mean": 0.16462072730064392,
      "shape": [
        2176
      ],
      "numel": 2176
    },
    "norm.weight": {
      "mean": 0.6404703259468079,
      "std": 0.08676760643720627,
      "min": 0.4479101002216339,
      "max": 0.808759331703186,
      "abs_mean": 0.6404703259468079,
      "shape": [
        2048
      ],
      "numel": 2048
    },
    "out_proj.weight": {
      "mean": -3.354588625370525e-05,
      "std": 0.02152489311993122,
      "min": -0.09944199025630951,
      "max": 0.09629331529140472,
      "abs_mean": 0.01764841377735138,
      "shape": [
        1024,
        2048
      ],
      "numel": 2097152
    }
  }
}