{
  "meta": {
    "step": 10000,
    "layer_idx": 25,
    "timestamp": "20260325_030533"
  },
  "params": {
    "dt_bias": {
      "mean": -3.256441116333008,
      "std": 1.0255271196365356,
      "min": -5.050113201141357,
      "max": -1.8804675340652466,
      "abs_mean": 3.256441116333008,
      "shape": [
        32
      ],
      "numel": 32
    },
    "A_log": {
      "mean": 1.5163915157318115,
      "std": 0.38637277483940125,
      "min": 0.5355502367019653,
      "max": 2.018958568572998,
      "abs_mean": 1.5163915157318115,
      "shape": [
        32
      ],
      "numel": 32
    },
    "D": {
      "mean": 0.7219766974449158,
      "std": 0.03172456473112106,
      "min": 0.612993061542511,
      "max": 0.8058564066886902,
      "abs_mean": 0.7219766974449158,
      "shape": [
        32
      ],
      "numel": 32
    },
    "in_proj.weight": {
      "mean": 4.0924514905782416e-05,
      "std": 0.01896308735013008,
      "min": -0.126944437623024,
      "max": 0.1313161700963974,
      "abs_mean": 0.015271258540451527,
      "shape": [
        4256,
        1024
      ],
      "numel": 4358144
    },
    "conv1d.weight": {
      "mean": 2.072229290206451e-05,
      "std": 0.01665053516626358,
      "min": -0.08137857913970947,
      "max": 0.08389481157064438,
      "abs_mean": 0.012824245728552341,
      "shape": [
        2176,
        1,
        4
      ],
      "numel": 8704
    },
    "conv1d.bias": {
      "mean": -0.003044574288651347,
      "std": 0.1946088820695877,
      "min": -0.4178893566131592,
      "max": 0.39391857385635376,
      "abs_mean": 0.16348335146903992,
      "shape": [
        2176
      ],
      "numel": 2176
    },
    "norm.weight": {
      "mean": 0.6517564058303833,
      "std": 0.07892711460590363,
      "min": 0.47361570596694946,
      "max": 0.7950985431671143,
      "abs_mean": 0.6517564058303833,
      "shape": [
        2048
      ],
      "numel": 2048
    },
    "out_proj.weight": {
      "mean": -3.0514856916852295e-05,
      "std": 0.021526969969272614,
      "min": -0.09972026944160461,
      "max": 0.09690383076667786,
      "abs_mean": 0.017650417983531952,
      "shape": [
        1024,
        2048
      ],
      "numel": 2097152
    }
  }
}