{
  "meta": {
    "step": 10000,
    "layer_idx": 14,
    "timestamp": "20260325_030533"
  },
  "params": {
    "dt_bias": {
      "mean": -3.3274049758911133,
      "std": 0.8951526880264282,
      "min": -5.128017425537109,
      "max": -1.7625582218170166,
      "abs_mean": 3.3274049758911133,
      "shape": [
        32
      ],
      "numel": 32
    },
    "A_log": {
      "mean": 1.4346314668655396,
      "std": 0.550178050994873,
      "min": -0.014436350204050541,
      "max": 2.030759811401367,
      "abs_mean": 1.4355336427688599,
      "shape": [
        32
      ],
      "numel": 32
    },
    "D": {
      "mean": 0.7340229749679565,
      "std": 0.02070126123726368,
      "min": 0.6839157342910767,
      "max": 0.7879223823547363,
      "abs_mean": 0.7340229749679565,
      "shape": [
        32
      ],
      "numel": 32
    },
    "in_proj.weight": {
      "mean": 7.427032687701285e-05,
      "std": 0.01942143775522709,
      "min": -0.17970697581768036,
      "max": 0.273887574672699,
      "abs_mean": 0.01563250832259655,
      "shape": [
        4256,
        1024
      ],
      "numel": 4358144
    },
    "conv1d.weight": {
      "mean": -0.00015190892736427486,
      "std": 0.021813176572322845,
      "min": -0.10637447983026505,
      "max": 0.11977922171354294,
      "abs_mean": 0.017111018300056458,
      "shape": [
        2176,
        1,
        4
      ],
      "numel": 8704
    },
    "conv1d.bias": {
      "mean": 0.004108681343495846,
      "std": 0.1960950344800949,
      "min": -0.3868134617805481,
      "max": 0.3836890161037445,
      "abs_mean": 0.16521237790584564,
      "shape": [
        2176
      ],
      "numel": 2176
    },
    "norm.weight": {
      "mean": 0.7023397088050842,
      "std": 0.03509664535522461,
      "min": 0.5612319707870483,
      "max": 0.8416755199432373,
      "abs_mean": 0.7023397088050842,
      "shape": [
        2048
      ],
      "numel": 2048
    },
    "out_proj.weight": {
      "mean": -1.3992646472615888e-06,
      "std": 0.021777691319584846,
      "min": -0.11683353036642075,
      "max": 0.10296324640512466,
      "abs_mean": 0.017985444515943527,
      "shape": [
        1024,
        2048
      ],
      "numel": 2097152
    }
  }
}