{
  "meta": {
    "step": 4300,
    "layer_idx": 0,
    "timestamp": "20260324_124420"
  },
  "params": {
    "dt_bias": {
      "mean": -3.9234275817871094,
      "std": 1.1593778133392334,
      "min": -5.670672416687012,
      "max": -2.097670316696167,
      "abs_mean": 3.9234275817871094,
      "shape": [
        24
      ],
      "numel": 24
    },
    "A_log": {
      "mean": 1.5352282524108887,
      "std": 0.4772907495498657,
      "min": 0.4367963969707489,
      "max": 2.239234685897827,
      "abs_mean": 1.5352282524108887,
      "shape": [
        24
      ],
      "numel": 24
    },
    "D": {
      "mean": 0.8334347605705261,
      "std": 0.05670968070626259,
      "min": 0.7332427501678467,
      "max": 1.0067485570907593,
      "abs_mean": 0.8334347605705261,
      "shape": [
        24
      ],
      "numel": 24
    },
    "in_proj.weight": {
      "mean": -7.267699402291328e-05,
      "std": 0.03288274258375168,
      "min": -0.1636916548013687,
      "max": 0.16465973854064941,
      "abs_mean": 0.026362165808677673,
      "shape": [
        3224,
        768
      ],
      "numel": 2476032
    },
    "conv1d.weight": {
      "mean": -0.0001942612143466249,
      "std": 0.06330595910549164,
      "min": -0.19965927302837372,
      "max": 0.1859913170337677,
      "abs_mean": 0.049677904695272446,
      "shape": [
        1664,
        1,
        4
      ],
      "numel": 6656
    },
    "conv1d.bias": {
      "mean": -0.007332161068916321,
      "std": 0.21194146573543549,
      "min": -0.5080482959747314,
      "max": 0.5058528780937195,
      "abs_mean": 0.18449561297893524,
      "shape": [
        1664
      ],
      "numel": 1664
    },
    "norm.weight": {
      "mean": 0.8932451605796814,
      "std": 0.03434499353170395,
      "min": 0.6819384098052979,
      "max": 0.9876917600631714,
      "abs_mean": 0.8932451605796814,
      "shape": [
        1536
      ],
      "numel": 1536
    },
    "out_proj.weight": {
      "mean": 1.7553058569319546e-05,
      "std": 0.035508640110492706,
      "min": -0.15404179692268372,
      "max": 0.16016927361488342,
      "abs_mean": 0.028972843661904335,
      "shape": [
        768,
        1536
      ],
      "numel": 1179648
    }
  }
}