{
  "meta": {
    "step": 10000,
    "layer_idx": 17,
    "timestamp": "20260325_030533"
  },
  "params": {
    "dt_bias": {
      "mean": -3.420200824737549,
      "std": 1.068867802619934,
      "min": -5.037941932678223,
      "max": -1.8118607997894287,
      "abs_mean": 3.420200824737549,
      "shape": [
        32
      ],
      "numel": 32
    },
    "A_log": {
      "mean": 1.5229142904281616,
      "std": 0.3917052447795868,
      "min": 0.552879273891449,
      "max": 2.0673117637634277,
      "abs_mean": 1.5229142904281616,
      "shape": [
        32
      ],
      "numel": 32
    },
    "D": {
      "mean": 0.7257355451583862,
      "std": 0.026476768776774406,
      "min": 0.67060786485672,
      "max": 0.8193179965019226,
      "abs_mean": 0.7257355451583862,
      "shape": [
        32
      ],
      "numel": 32
    },
    "in_proj.weight": {
      "mean": 8.495007205056027e-05,
      "std": 0.0186671894043684,
      "min": -0.14151746034622192,
      "max": 0.17184403538703918,
      "abs_mean": 0.01513589732348919,
      "shape": [
        4256,
        1024
      ],
      "numel": 4358144
    },
    "conv1d.weight": {
      "mean": -1.4173928320815321e-05,
      "std": 0.019848017022013664,
      "min": -0.11535980552434921,
      "max": 0.1550864428281784,
      "abs_mean": 0.015440642833709717,
      "shape": [
        2176,
        1,
        4
      ],
      "numel": 8704
    },
    "conv1d.bias": {
      "mean": -0.006115159019827843,
      "std": 0.19646811485290527,
      "min": -0.3935711979866028,
      "max": 0.3855056166648865,
      "abs_mean": 0.1667146384716034,
      "shape": [
        2176
      ],
      "numel": 2176
    },
    "norm.weight": {
      "mean": 0.6984778046607971,
      "std": 0.031046034768223763,
      "min": 0.582400381565094,
      "max": 0.8130102753639221,
      "abs_mean": 0.6984778046607971,
      "shape": [
        2048
      ],
      "numel": 2048
    },
    "out_proj.weight": {
      "mean": -2.934517578978557e-05,
      "std": 0.021197272464632988,
      "min": -0.09462626278400421,
      "max": 0.0938728079199791,
      "abs_mean": 0.01759062148630619,
      "shape": [
        1024,
        2048
      ],
      "numel": 2097152
    }
  }
}