{
  "meta": {
    "step": 5000,
    "layer_idx": 11,
    "timestamp": "20260325_015736"
  },
  "params": {
    "dt_bias": {
      "mean": -3.90635085105896,
      "std": 1.198509931564331,
      "min": -5.731192111968994,
      "max": -1.9975560903549194,
      "abs_mean": 3.90635085105896,
      "shape": [
        32
      ],
      "numel": 32
    },
    "A_log": {
      "mean": 1.850219488143921,
      "std": 0.4654105007648468,
      "min": 0.18150152266025543,
      "max": 2.343756914138794,
      "abs_mean": 1.850219488143921,
      "shape": [
        32
      ],
      "numel": 32
    },
    "D": {
      "mean": 0.8277472257614136,
      "std": 0.02092139795422554,
      "min": 0.7669360041618347,
      "max": 0.8737712502479553,
      "abs_mean": 0.8277472257614136,
      "shape": [
        32
      ],
      "numel": 32
    },
    "in_proj.weight": {
      "mean": 6.491663225460798e-05,
      "std": 0.020145321264863014,
      "min": -0.2723071277141571,
      "max": 0.25372180342674255,
      "abs_mean": 0.01650160364806652,
      "shape": [
        4256,
        1024
      ],
      "numel": 4358144
    },
    "conv1d.weight": {
      "mean": -0.00027068686904385686,
      "std": 0.020242132246494293,
      "min": -0.11999373137950897,
      "max": 0.16447170078754425,
      "abs_mean": 0.015974026173353195,
      "shape": [
        2176,
        1,
        4
      ],
      "numel": 8704
    },
    "conv1d.bias": {
      "mean": -0.00607715267688036,
      "std": 0.22976532578468323,
      "min": -0.44660964608192444,
      "max": 0.48393362760543823,
      "abs_mean": 0.19691795110702515,
      "shape": [
        2176
      ],
      "numel": 2176
    },
    "norm.weight": {
      "mean": 0.7948372960090637,
      "std": 0.03269275277853012,
      "min": 0.7009326219558716,
      "max": 0.898510217666626,
      "abs_mean": 0.7948372960090637,
      "shape": [
        2048
      ],
      "numel": 2048
    },
    "out_proj.weight": {
      "mean": 3.7510601487156237e-06,
      "std": 0.02294258028268814,
      "min": -0.112709641456604,
      "max": 0.11084385961294174,
      "abs_mean": 0.019282784312963486,
      "shape": [
        1024,
        2048
      ],
      "numel": 2097152
    }
  }
}