{
  "meta": {
    "step": 3000,
    "layer_idx": 15,
    "timestamp": "20260324_124247"
  },
  "params": {
    "dt_bias": {
      "mean": -3.791017532348633,
      "std": 1.2538009881973267,
      "min": -5.96370792388916,
      "max": -2.036522150039673,
      "abs_mean": 3.791017532348633,
      "shape": [
        24
      ],
      "numel": 24
    },
    "A_log": {
      "mean": 1.8364194631576538,
      "std": 0.46230387687683105,
      "min": 0.4558355212211609,
      "max": 2.3640477657318115,
      "abs_mean": 1.8364194631576538,
      "shape": [
        24
      ],
      "numel": 24
    },
    "D": {
      "mean": 0.8502424359321594,
      "std": 0.026139291003346443,
      "min": 0.7984098792076111,
      "max": 0.90711510181427,
      "abs_mean": 0.8502424359321594,
      "shape": [
        24
      ],
      "numel": 24
    },
    "in_proj.weight": {
      "mean": -0.0001041179639287293,
      "std": 0.022970426827669144,
      "min": -0.14857766032218933,
      "max": 0.13927194476127625,
      "abs_mean": 0.01899123191833496,
      "shape": [
        3224,
        768
      ],
      "numel": 2476032
    },
    "conv1d.weight": {
      "mean": 3.573682761270902e-06,
      "std": 0.017975259572267532,
      "min": -0.07797221839427948,
      "max": 0.11727949976921082,
      "abs_mean": 0.013366051949560642,
      "shape": [
        1664,
        1,
        4
      ],
      "numel": 6656
    },
    "conv1d.bias": {
      "mean": -0.008853387087583542,
      "std": 0.23911651968955994,
      "min": -0.4657975137233734,
      "max": 0.4611841142177582,
      "abs_mean": 0.20114447176456451,
      "shape": [
        1664
      ],
      "numel": 1664
    },
    "norm.weight": {
      "mean": 0.8065211176872253,
      "std": 0.06848229467868805,
      "min": 0.6312727332115173,
      "max": 0.9591547846794128,
      "abs_mean": 0.8065211176872253,
      "shape": [
        1536
      ],
      "numel": 1536
    },
    "out_proj.weight": {
      "mean": 1.814862662286032e-05,
      "std": 0.028944121673703194,
      "min": -0.1659112423658371,
      "max": 0.16327859461307526,
      "abs_mean": 0.02388310246169567,
      "shape": [
        768,
        1536
      ],
      "numel": 1179648
    }
  }
}