{
  "meta": {
    "step": 2700,
    "layer_idx": 0,
    "timestamp": "20260324_124226"
  },
  "params": {
    "dt_bias": {
      "mean": -4.0257720947265625,
      "std": 1.1931464672088623,
      "min": -5.837364673614502,
      "max": -2.1634693145751953,
      "abs_mean": 4.0257720947265625,
      "shape": [
        24
      ],
      "numel": 24
    },
    "A_log": {
      "mean": 1.5897046327590942,
      "std": 0.4959319233894348,
      "min": 0.4513797163963318,
      "max": 2.3187646865844727,
      "abs_mean": 1.5897046327590942,
      "shape": [
        24
      ],
      "numel": 24
    },
    "D": {
      "mean": 0.8589059710502625,
      "std": 0.05573580041527748,
      "min": 0.7593691945075989,
      "max": 1.0278518199920654,
      "abs_mean": 0.8589059710502625,
      "shape": [
        24
      ],
      "numel": 24
    },
    "in_proj.weight": {
      "mean": -6.906461203470826e-05,
      "std": 0.03279360756278038,
      "min": -0.1640518456697464,
      "max": 0.16835634410381317,
      "abs_mean": 0.02632763609290123,
      "shape": [
        3224,
        768
      ],
      "numel": 2476032
    },
    "conv1d.weight": {
      "mean": -0.00015581016486976296,
      "std": 0.06224163994193077,
      "min": -0.19406376779079437,
      "max": 0.18937057256698608,
      "abs_mean": 0.04829646646976471,
      "shape": [
        1664,
        1,
        4
      ],
      "numel": 6656
    },
    "conv1d.bias": {
      "mean": -0.00742110051214695,
      "std": 0.22133617103099823,
      "min": -0.5167793035507202,
      "max": 0.5152464509010315,
      "abs_mean": 0.19245101511478424,
      "shape": [
        1664
      ],
      "numel": 1664
    },
    "norm.weight": {
      "mean": 0.9170342087745667,
      "std": 0.033419303596019745,
      "min": 0.7179874777793884,
      "max": 1.01360285282135,
      "abs_mean": 0.9170342087745667,
      "shape": [
        1536
      ],
      "numel": 1536
    },
    "out_proj.weight": {
      "mean": 1.2457789125619456e-05,
      "std": 0.03563229367136955,
      "min": -0.16170398890972137,
      "max": 0.16057933866977692,
      "abs_mean": 0.029166122898459435,
      "shape": [
        768,
        1536
      ],
      "numel": 1179648
    }
  }
}