{
  "meta": {
    "step": 5000,
    "layer_idx": 17,
    "timestamp": "20260325_015736"
  },
  "params": {
    "dt_bias": {
      "mean": -3.8302576541900635,
      "std": 1.1975433826446533,
      "min": -5.65064811706543,
      "max": -2.0339324474334717,
      "abs_mean": 3.8302576541900635,
      "shape": [
        32
      ],
      "numel": 32
    },
    "A_log": {
      "mean": 1.7257333993911743,
      "std": 0.44306322932243347,
      "min": 0.6256873607635498,
      "max": 2.307640790939331,
      "abs_mean": 1.7257333993911743,
      "shape": [
        32
      ],
      "numel": 32
    },
    "D": {
      "mean": 0.8250992894172668,
      "std": 0.023146651685237885,
      "min": 0.7779954671859741,
      "max": 0.9072264432907104,
      "abs_mean": 0.8250992894172668,
      "shape": [
        32
      ],
      "numel": 32
    },
    "in_proj.weight": {
      "mean": 5.729918848373927e-05,
      "std": 0.019729221239686012,
      "min": -0.12887972593307495,
      "max": 0.1529092937707901,
      "abs_mean": 0.01622961275279522,
      "shape": [
        4256,
        1024
      ],
      "numel": 4358144
    },
    "conv1d.weight": {
      "mean": 1.3472077625920065e-05,
      "std": 0.01715644635260105,
      "min": -0.07689371705055237,
      "max": 0.12033502757549286,
      "abs_mean": 0.01340533047914505,
      "shape": [
        2176,
        1,
        4
      ],
      "numel": 8704
    },
    "conv1d.bias": {
      "mean": -0.006762776989489794,
      "std": 0.2263384759426117,
      "min": -0.42184293270111084,
      "max": 0.42709073424339294,
      "abs_mean": 0.19300520420074463,
      "shape": [
        2176
      ],
      "numel": 2176
    },
    "norm.weight": {
      "mean": 0.7913647294044495,
      "std": 0.03287708759307861,
      "min": 0.7005845904350281,
      "max": 0.897569477558136,
      "abs_mean": 0.7913647294044495,
      "shape": [
        2048
      ],
      "numel": 2048
    },
    "out_proj.weight": {
      "mean": -3.222205850761384e-05,
      "std": 0.02271023392677307,
      "min": -0.08240572363138199,
      "max": 0.08919942378997803,
      "abs_mean": 0.019111447036266327,
      "shape": [
        1024,
        2048
      ],
      "numel": 2097152
    }
  }
}