{
  "meta": {
    "step": 7500,
    "layer_idx": 11,
    "timestamp": "20260324_221509"
  },
  "params": {
    "dt_bias": {
      "mean": -3.4015166759490967,
      "std": 0.8917257189750671,
      "min": -4.665684700012207,
      "max": -1.7242156267166138,
      "abs_mean": 3.4015166759490967,
      "shape": [
        24
      ],
      "numel": 24
    },
    "A_log": {
      "mean": 1.4791512489318848,
      "std": 0.39793139696121216,
      "min": 0.4955950975418091,
      "max": 1.9670546054840088,
      "abs_mean": 1.4791512489318848,
      "shape": [
        24
      ],
      "numel": 24
    },
    "D": {
      "mean": 0.721611499786377,
      "std": 0.03549828380346298,
      "min": 0.6648859977722168,
      "max": 0.7923719882965088,
      "abs_mean": 0.721611499786377,
      "shape": [
        24
      ],
      "numel": 24
    },
    "in_proj.weight": {
      "mean": -0.00021190385450609028,
      "std": 0.024475906044244766,
      "min": -0.1783522218465805,
      "max": 0.1703341156244278,
      "abs_mean": 0.019618136808276176,
      "shape": [
        3224,
        768
      ],
      "numel": 2476032
    },
    "conv1d.weight": {
      "mean": -0.00024992754333652556,
      "std": 0.022781135514378548,
      "min": -0.09644695371389389,
      "max": 0.11430962383747101,
      "abs_mean": 0.017322469502687454,
      "shape": [
        1664,
        1,
        4
      ],
      "numel": 6656
    },
    "conv1d.bias": {
      "mean": -0.00521812541410327,
      "std": 0.19050832092761993,
      "min": -0.4159834682941437,
      "max": 0.371172159910202,
      "abs_mean": 0.15833435952663422,
      "shape": [
        1664
      ],
      "numel": 1664
    },
    "norm.weight": {
      "mean": 0.6737983822822571,
      "std": 0.04770502820611,
      "min": 0.5323562026023865,
      "max": 0.8039647936820984,
      "abs_mean": 0.6737983822822571,
      "shape": [
        1536
      ],
      "numel": 1536
    },
    "out_proj.weight": {
      "mean": -1.8588234524941072e-05,
      "std": 0.02553614228963852,
      "min": -0.11487675458192825,
      "max": 0.11760947853326797,
      "abs_mean": 0.020907051861286163,
      "shape": [
        768,
        1536
      ],
      "numel": 1179648
    }
  }
}