{
  "meta": {
    "step": 1000,
    "layer_idx": 7,
    "timestamp": "20260324_124030"
  },
  "params": {
    "dt_bias": {
      "mean": -4.3499321937561035,
      "std": 1.5326128005981445,
      "min": -6.446686744689941,
      "max": -2.3853745460510254,
      "abs_mean": 4.3499321937561035,
      "shape": [
        24
      ],
      "numel": 24
    },
    "A_log": {
      "mean": 1.7607011795043945,
      "std": 0.7463847994804382,
      "min": 0.17422468960285187,
      "max": 2.598365068435669,
      "abs_mean": 1.7607011795043945,
      "shape": [
        24
      ],
      "numel": 24
    },
    "D": {
      "mean": 0.9440571665763855,
      "std": 0.011190754361450672,
      "min": 0.9178521037101746,
      "max": 0.9635776281356812,
      "abs_mean": 0.9440571665763855,
      "shape": [
        24
      ],
      "numel": 24
    },
    "in_proj.weight": {
      "mean": -5.521512503037229e-05,
      "std": 0.023685714229941368,
      "min": -0.09421499073505402,
      "max": 0.12322273850440979,
      "abs_mean": 0.019868040457367897,
      "shape": [
        3224,
        768
      ],
      "numel": 2476032
    },
    "conv1d.weight": {
      "mean": -7.841808837838471e-05,
      "std": 0.017517179250717163,
      "min": -0.05263764038681984,
      "max": 0.06043258309364319,
      "abs_mean": 0.014193286187946796,
      "shape": [
        1664,
        1,
        4
      ],
      "numel": 6656
    },
    "conv1d.bias": {
      "mean": -0.003606310347095132,
      "std": 0.2678567171096802,
      "min": -0.48919346928596497,
      "max": 0.48691555857658386,
      "abs_mean": 0.23032912611961365,
      "shape": [
        1664
      ],
      "numel": 1664
    },
    "norm.weight": {
      "mean": 0.918884813785553,
      "std": 0.03202122077345848,
      "min": 0.8391484618186951,
      "max": 1.003899335861206,
      "abs_mean": 0.918884813785553,
      "shape": [
        1536
      ],
      "numel": 1536
    },
    "out_proj.weight": {
      "mean": -1.50096811921685e-05,
      "std": 0.029095258563756943,
      "min": -0.09522664546966553,
      "max": 0.0980612114071846,
      "abs_mean": 0.024750731885433197,
      "shape": [
        768,
        1536
      ],
      "numel": 1179648
    }
  }
}