{
  "meta": {
    "step": 5000,
    "layer_idx": 6,
    "timestamp": "20260325_015736"
  },
  "params": {
    "dt_bias": {
      "mean": -3.6906208992004395,
      "std": 1.0646110773086548,
      "min": -5.631662845611572,
      "max": -2.1104679107666016,
      "abs_mean": 3.6906208992004395,
      "shape": [
        32
      ],
      "numel": 32
    },
    "A_log": {
      "mean": 1.736025333404541,
      "std": 0.4282863438129425,
      "min": 0.1965569108724594,
      "max": 2.28835391998291,
      "abs_mean": 1.736025333404541,
      "shape": [
        32
      ],
      "numel": 32
    },
    "D": {
      "mean": 0.8364663124084473,
      "std": 0.011533362790942192,
      "min": 0.8094322681427002,
      "max": 0.8605955243110657,
      "abs_mean": 0.8364663124084473,
      "shape": [
        32
      ],
      "numel": 32
    },
    "in_proj.weight": {
      "mean": 7.629996252944693e-05,
      "std": 0.02803606167435646,
      "min": -0.15625856816768646,
      "max": 0.15125985443592072,
      "abs_mean": 0.022438285872340202,
      "shape": [
        4256,
        1024
      ],
      "numel": 4358144
    },
    "conv1d.weight": {
      "mean": -0.00013139085785951465,
      "std": 0.033422961831092834,
      "min": -0.10886139422655106,
      "max": 0.1156068965792656,
      "abs_mean": 0.027471167966723442,
      "shape": [
        2176,
        1,
        4
      ],
      "numel": 8704
    },
    "conv1d.bias": {
      "mean": 0.0006946459179744124,
      "std": 0.23064886033535004,
      "min": -0.43106210231781006,
      "max": 0.4311472773551941,
      "abs_mean": 0.19862483441829681,
      "shape": [
        2176
      ],
      "numel": 2176
    },
    "norm.weight": {
      "mean": 0.82793128490448,
      "std": 0.03959405794739723,
      "min": 0.6934289932250977,
      "max": 0.9528021216392517,
      "abs_mean": 0.82793128490448,
      "shape": [
        2048
      ],
      "numel": 2048
    },
    "out_proj.weight": {
      "mean": -1.15093953354517e-05,
      "std": 0.02799198403954506,
      "min": -0.14999477565288544,
      "max": 0.1369197517633438,
      "abs_mean": 0.022796256467700005,
      "shape": [
        1024,
        2048
      ],
      "numel": 2097152
    }
  }
}