{
  "meta": {
    "step": 2500,
    "layer_idx": 6,
    "timestamp": "20260324_124213"
  },
  "params": {
    "dt_bias": {
      "mean": -3.8338117599487305,
      "std": 1.0453025102615356,
      "min": -5.991931438446045,
      "max": -2.343320369720459,
      "abs_mean": 3.8338117599487305,
      "shape": [
        24
      ],
      "numel": 24
    },
    "A_log": {
      "mean": 1.9202934503555298,
      "std": 0.539695680141449,
      "min": 0.3363337218761444,
      "max": 2.4508581161499023,
      "abs_mean": 1.9202934503555298,
      "shape": [
        24
      ],
      "numel": 24
    },
    "D": {
      "mean": 0.8736922740936279,
      "std": 0.021172018721699715,
      "min": 0.8242517113685608,
      "max": 0.9156145453453064,
      "abs_mean": 0.8736922740936279,
      "shape": [
        24
      ],
      "numel": 24
    },
    "in_proj.weight": {
      "mean": -9.189527190756053e-05,
      "std": 0.025539455935359,
      "min": -0.14566490054130554,
      "max": 0.13873112201690674,
      "abs_mean": 0.02078399993479252,
      "shape": [
        3224,
        768
      ],
      "numel": 2476032
    },
    "conv1d.weight": {
      "mean": -0.00010950223077088594,
      "std": 0.021018249914050102,
      "min": -0.08016368746757507,
      "max": 0.07898653298616409,
      "abs_mean": 0.016415605321526527,
      "shape": [
        1664,
        1,
        4
      ],
      "numel": 6656
    },
    "conv1d.bias": {
      "mean": -0.0027010326739400625,
      "std": 0.24212175607681274,
      "min": -0.4568125307559967,
      "max": 0.4446345865726471,
      "abs_mean": 0.20649853348731995,
      "shape": [
        1664
      ],
      "numel": 1664
    },
    "norm.weight": {
      "mean": 0.8244727253913879,
      "std": 0.05331668257713318,
      "min": 0.7007935643196106,
      "max": 0.9374691247940063,
      "abs_mean": 0.8244727253913879,
      "shape": [
        1536
      ],
      "numel": 1536
    },
    "out_proj.weight": {
      "mean": 2.358973324589897e-05,
      "std": 0.028628302738070488,
      "min": -0.1624612808227539,
      "max": 0.1597648561000824,
      "abs_mean": 0.023800859227776527,
      "shape": [
        768,
        1536
      ],
      "numel": 1179648
    }
  }
}