{
  "meta": {
    "step": 3500,
    "layer_idx": 5,
    "timestamp": "20260324_124320"
  },
  "params": {
    "dt_bias": {
      "mean": -4.171601295471191,
      "std": 1.0596306324005127,
      "min": -5.812037467956543,
      "max": -2.6710784435272217,
      "abs_mean": 4.171601295471191,
      "shape": [
        24
      ],
      "numel": 24
    },
    "A_log": {
      "mean": 1.784820556640625,
      "std": 0.40993183851242065,
      "min": 0.8454033136367798,
      "max": 2.3123254776000977,
      "abs_mean": 1.784820556640625,
      "shape": [
        24
      ],
      "numel": 24
    },
    "D": {
      "mean": 0.852194607257843,
      "std": 0.017216112464666367,
      "min": 0.8116095066070557,
      "max": 0.9064105153083801,
      "abs_mean": 0.852194607257843,
      "shape": [
        24
      ],
      "numel": 24
    },
    "in_proj.weight": {
      "mean": -0.00014057778753340244,
      "std": 0.026106122881174088,
      "min": -0.17715662717819214,
      "max": 0.16956272721290588,
      "abs_mean": 0.02108745649456978,
      "shape": [
        3224,
        768
      ],
      "numel": 2476032
    },
    "conv1d.weight": {
      "mean": 9.67714368016459e-05,
      "std": 0.028972750529646873,
      "min": -0.1391664743423462,
      "max": 0.1221754401922226,
      "abs_mean": 0.02255174331367016,
      "shape": [
        1664,
        1,
        4
      ],
      "numel": 6656
    },
    "conv1d.bias": {
      "mean": -0.0027234891895204782,
      "std": 0.23085401952266693,
      "min": -0.4377550482749939,
      "max": 0.43985649943351746,
      "abs_mean": 0.19505912065505981,
      "shape": [
        1664
      ],
      "numel": 1664
    },
    "norm.weight": {
      "mean": 0.8078824877738953,
      "std": 0.05476902797818184,
      "min": 0.6939238905906677,
      "max": 0.9946526885032654,
      "abs_mean": 0.8078824877738953,
      "shape": [
        1536
      ],
      "numel": 1536
    },
    "out_proj.weight": {
      "mean": 1.1821855878224596e-05,
      "std": 0.02860209532082081,
      "min": -0.18648339807987213,
      "max": 0.19177161157131195,
      "abs_mean": 0.023652127012610435,
      "shape": [
        768,
        1536
      ],
      "numel": 1179648
    }
  }
}