{
  "meta": {
    "step": 500,
    "layer_idx": 9,
    "timestamp": "20260324_123955"
  },
  "params": {
    "dt_bias": {
      "mean": -4.279047012329102,
      "std": 1.330377221107483,
      "min": -6.498504638671875,
      "max": -2.2933363914489746,
      "abs_mean": 4.279047012329102,
      "shape": [
        24
      ],
      "numel": 24
    },
    "A_log": {
      "mean": 1.722005844116211,
      "std": 0.6767745614051819,
      "min": 0.7129108905792236,
      "max": 2.6954262256622314,
      "abs_mean": 1.722005844116211,
      "shape": [
        24
      ],
      "numel": 24
    },
    "D": {
      "mean": 0.9724639058113098,
      "std": 0.009003912098705769,
      "min": 0.9452576041221619,
      "max": 0.986264169216156,
      "abs_mean": 0.9724639058113098,
      "shape": [
        24
      ],
      "numel": 24
    },
    "in_proj.weight": {
      "mean": -3.9117028791224584e-05,
      "std": 0.02280844748020172,
      "min": -0.08758177608251572,
      "max": 0.08122798055410385,
      "abs_mean": 0.01947527751326561,
      "shape": [
        3224,
        768
      ],
      "numel": 2476032
    },
    "conv1d.weight": {
      "mean": -0.00015302894462365657,
      "std": 0.017333339899778366,
      "min": -0.04828931763768196,
      "max": 0.048386622220277786,
      "abs_mean": 0.014542637392878532,
      "shape": [
        1664,
        1,
        4
      ],
      "numel": 6656
    },
    "conv1d.bias": {
      "mean": -0.0004126254643779248,
      "std": 0.28022268414497375,
      "min": -0.49470579624176025,
      "max": 0.4958779513835907,
      "abs_mean": 0.24326792359352112,
      "shape": [
        1664
      ],
      "numel": 1664
    },
    "norm.weight": {
      "mean": 0.9633259773254395,
      "std": 0.017958201467990875,
      "min": 0.9114373326301575,
      "max": 1.0081437826156616,
      "abs_mean": 0.9633259773254395,
      "shape": [
        1536
      ],
      "numel": 1536
    },
    "out_proj.weight": {
      "mean": 1.4423172842725762e-06,
      "std": 0.029134925454854965,
      "min": -0.07855843007564545,
      "max": 0.07760468125343323,
      "abs_mean": 0.025049574673175812,
      "shape": [
        768,
        1536
      ],
      "numel": 1179648
    }
  }
}