{
  "meta": {
    "step": 5000,
    "layer_idx": 9,
    "timestamp": "20260325_015736"
  },
  "params": {
    "dt_bias": {
      "mean": -4.084877014160156,
      "std": 1.1659109592437744,
      "min": -5.791688442230225,
      "max": -2.091277837753296,
      "abs_mean": 4.084877014160156,
      "shape": [
        32
      ],
      "numel": 32
    },
    "A_log": {
      "mean": 1.5996078252792358,
      "std": 0.624775230884552,
      "min": 0.3631247878074646,
      "max": 2.287297248840332,
      "abs_mean": 1.5996078252792358,
      "shape": [
        32
      ],
      "numel": 32
    },
    "D": {
      "mean": 0.8273200988769531,
      "std": 0.017754388973116875,
      "min": 0.799254298210144,
      "max": 0.8769321441650391,
      "abs_mean": 0.8273200988769531,
      "shape": [
        32
      ],
      "numel": 32
    },
    "in_proj.weight": {
      "mean": 7.240495324367657e-05,
      "std": 0.021911630406975746,
      "min": -0.13541041314601898,
      "max": 0.18519724905490875,
      "abs_mean": 0.01776130311191082,
      "shape": [
        4256,
        1024
      ],
      "numel": 4358144
    },
    "conv1d.weight": {
      "mean": -9.451201185584068e-05,
      "std": 0.02296522632241249,
      "min": -0.12644724547863007,
      "max": 0.11235183477401733,
      "abs_mean": 0.01825919933617115,
      "shape": [
        2176,
        1,
        4
      ],
      "numel": 8704
    },
    "conv1d.bias": {
      "mean": 0.0006971029215492308,
      "std": 0.23263104259967804,
      "min": -0.44403207302093506,
      "max": 0.4468305706977844,
      "abs_mean": 0.19893264770507812,
      "shape": [
        2176
      ],
      "numel": 2176
    },
    "norm.weight": {
      "mean": 0.7894461154937744,
      "std": 0.042051199823617935,
      "min": 0.5841427445411682,
      "max": 0.9735764265060425,
      "abs_mean": 0.7894461154937744,
      "shape": [
        2048
      ],
      "numel": 2048
    },
    "out_proj.weight": {
      "mean": -2.6078922019223683e-05,
      "std": 0.023920729756355286,
      "min": -0.1129915863275528,
      "max": 0.12539756298065186,
      "abs_mean": 0.01990732178092003,
      "shape": [
        1024,
        2048
      ],
      "numel": 2097152
    }
  }
}