{
  "meta": {
    "step": 4500,
    "layer_idx": 8,
    "timestamp": "20260324_124435"
  },
  "params": {
    "dt_bias": {
      "mean": -3.9652259349823,
      "std": 1.1763314008712769,
      "min": -5.7675676345825195,
      "max": -2.084667205810547,
      "abs_mean": 3.9652259349823,
      "shape": [
        24
      ],
      "numel": 24
    },
    "A_log": {
      "mean": 1.8214091062545776,
      "std": 0.5910117030143738,
      "min": 0.09400009363889694,
      "max": 2.347905397415161,
      "abs_mean": 1.8214091062545776,
      "shape": [
        24
      ],
      "numel": 24
    },
    "D": {
      "mean": 0.8328004479408264,
      "std": 0.02517325058579445,
      "min": 0.7668639421463013,
      "max": 0.900531530380249,
      "abs_mean": 0.8328004479408264,
      "shape": [
        24
      ],
      "numel": 24
    },
    "in_proj.weight": {
      "mean": -0.00013755321560893208,
      "std": 0.024587662890553474,
      "min": -0.2072633057832718,
      "max": 0.21418927609920502,
      "abs_mean": 0.019895536825060844,
      "shape": [
        3224,
        768
      ],
      "numel": 2476032
    },
    "conv1d.weight": {
      "mean": 0.00011743085633497685,
      "std": 0.023944901302456856,
      "min": -0.18440605700016022,
      "max": 0.20897415280342102,
      "abs_mean": 0.0183196272701025,
      "shape": [
        1664,
        1,
        4
      ],
      "numel": 6656
    },
    "conv1d.bias": {
      "mean": -0.0009908594656735659,
      "std": 0.22803044319152832,
      "min": -0.4414966106414795,
      "max": 0.4212906062602997,
      "abs_mean": 0.19182318449020386,
      "shape": [
        1664
      ],
      "numel": 1664
    },
    "norm.weight": {
      "mean": 0.7906911373138428,
      "std": 0.04938727244734764,
      "min": 0.6669315099716187,
      "max": 0.9379308223724365,
      "abs_mean": 0.7906911373138428,
      "shape": [
        1536
      ],
      "numel": 1536
    },
    "out_proj.weight": {
      "mean": -4.8186320782406256e-06,
      "std": 0.02776467427611351,
      "min": -0.18781021237373352,
      "max": 0.18706640601158142,
      "abs_mean": 0.02299664355814457,
      "shape": [
        768,
        1536
      ],
      "numel": 1179648
    }
  }
}