{
  "meta": {
    "step": 8000,
    "layer_idx": 0,
    "timestamp": "20260324_221646"
  },
  "params": {
    "dt_bias": {
      "mean": -3.362910032272339,
      "std": 0.9469665288925171,
      "min": -4.6182403564453125,
      "max": -1.689969539642334,
      "abs_mean": 3.362910032272339,
      "shape": [
        24
      ],
      "numel": 24
    },
    "A_log": {
      "mean": 1.2157784700393677,
      "std": 0.5544551014900208,
      "min": 0.23714366555213928,
      "max": 1.8697023391723633,
      "abs_mean": 1.2157784700393677,
      "shape": [
        24
      ],
      "numel": 24
    },
    "D": {
      "mean": 0.7209275364875793,
      "std": 0.047334183007478714,
      "min": 0.6408606767654419,
      "max": 0.8183676600456238,
      "abs_mean": 0.7209275364875793,
      "shape": [
        24
      ],
      "numel": 24
    },
    "in_proj.weight": {
      "mean": -4.5948909246362746e-05,
      "std": 0.03682554513216019,
      "min": -0.18550342321395874,
      "max": 0.19457150995731354,
      "abs_mean": 0.029402168467640877,
      "shape": [
        3224,
        768
      ],
      "numel": 2476032
    },
    "conv1d.weight": {
      "mean": -0.0005975943640805781,
      "std": 0.06877755373716354,
      "min": -0.23628941178321838,
      "max": 0.23106181621551514,
      "abs_mean": 0.03923812136054039,
      "shape": [
        1664,
        1,
        4
      ],
      "numel": 6656
    },
    "conv1d.bias": {
      "mean": 0.0029641983564943075,
      "std": 0.15702910721302032,
      "min": -0.4073348045349121,
      "max": 0.43900513648986816,
      "abs_mean": 0.1349327117204666,
      "shape": [
        1664
      ],
      "numel": 1664
    },
    "norm.weight": {
      "mean": 0.7262471318244934,
      "std": 0.04776478558778763,
      "min": 0.4564265012741089,
      "max": 0.8195754289627075,
      "abs_mean": 0.7262471318244934,
      "shape": [
        1536
      ],
      "numel": 1536
    },
    "out_proj.weight": {
      "mean": -1.8048382116830908e-05,
      "std": 0.036118458956480026,
      "min": -0.17729172110557556,
      "max": 0.1669192612171173,
      "abs_mean": 0.029058538377285004,
      "shape": [
        768,
        1536
      ],
      "numel": 1179648
    }
  }
}