{
  "meta": {
    "step": 4500,
    "layer_idx": 3,
    "timestamp": "20260324_124435"
  },
  "params": {
    "dt_bias": {
      "mean": -3.445815086364746,
      "std": 1.00580632686615,
      "min": -5.564774036407471,
      "max": -2.106987476348877,
      "abs_mean": 3.445815086364746,
      "shape": [
        24
      ],
      "numel": 24
    },
    "A_log": {
      "mean": 1.267863154411316,
      "std": 0.6960964798927307,
      "min": 0.07277257740497589,
      "max": 2.2703919410705566,
      "abs_mean": 1.267863154411316,
      "shape": [
        24
      ],
      "numel": 24
    },
    "D": {
      "mean": 0.8412885665893555,
      "std": 0.019226109609007835,
      "min": 0.7922946214675903,
      "max": 0.8804277181625366,
      "abs_mean": 0.8412885665893555,
      "shape": [
        24
      ],
      "numel": 24
    },
    "in_proj.weight": {
      "mean": -1.5855543097131886e-05,
      "std": 0.030763549730181694,
      "min": -0.19161103665828705,
      "max": 0.18008707463741302,
      "abs_mean": 0.024655230343341827,
      "shape": [
        3224,
        768
      ],
      "numel": 2476032
    },
    "conv1d.weight": {
      "mean": 0.00016428476374130696,
      "std": 0.04195113107562065,
      "min": -0.19031724333763123,
      "max": 0.1544632762670517,
      "abs_mean": 0.03417371213436127,
      "shape": [
        1664,
        1,
        4
      ],
      "numel": 6656
    },
    "conv1d.bias": {
      "mean": 0.0022195852361619473,
      "std": 0.22584348917007446,
      "min": -0.43710801005363464,
      "max": 0.440512478351593,
      "abs_mean": 0.1918857991695404,
      "shape": [
        1664
      ],
      "numel": 1664
    },
    "norm.weight": {
      "mean": 0.8327631950378418,
      "std": 0.04500005766749382,
      "min": 0.6981341242790222,
      "max": 1.0199871063232422,
      "abs_mean": 0.8327631950378418,
      "shape": [
        1536
      ],
      "numel": 1536
    },
    "out_proj.weight": {
      "mean": 4.3535608710953966e-05,
      "std": 0.031234294176101685,
      "min": -0.17160148918628693,
      "max": 0.17886194586753845,
      "abs_mean": 0.025600947439670563,
      "shape": [
        768,
        1536
      ],
      "numel": 1179648
    }
  }
}