{
  "meta": {
    "step": 10000,
    "layer_idx": 23,
    "timestamp": "20260325_030533"
  },
  "params": {
    "dt_bias": {
      "mean": -3.1515097618103027,
      "std": 1.0073139667510986,
      "min": -4.871257305145264,
      "max": -1.6631125211715698,
      "abs_mean": 3.1515097618103027,
      "shape": [
        32
      ],
      "numel": 32
    },
    "A_log": {
      "mean": 1.5188648700714111,
      "std": 0.4831058084964752,
      "min": 0.12300781160593033,
      "max": 2.049855947494507,
      "abs_mean": 1.5188648700714111,
      "shape": [
        32
      ],
      "numel": 32
    },
    "D": {
      "mean": 0.7259683012962341,
      "std": 0.025738351047039032,
      "min": 0.6680157780647278,
      "max": 0.7963001728057861,
      "abs_mean": 0.7259683012962341,
      "shape": [
        32
      ],
      "numel": 32
    },
    "in_proj.weight": {
      "mean": 9.300243618781678e-06,
      "std": 0.019215598702430725,
      "min": -0.1495109498500824,
      "max": 0.1618375927209854,
      "abs_mean": 0.015441357158124447,
      "shape": [
        4256,
        1024
      ],
      "numel": 4358144
    },
    "conv1d.weight": {
      "mean": 8.374493336305022e-05,
      "std": 0.01746603101491928,
      "min": -0.0745159238576889,
      "max": 0.10219698399305344,
      "abs_mean": 0.01358848251402378,
      "shape": [
        2176,
        1,
        4
      ],
      "numel": 8704
    },
    "conv1d.bias": {
      "mean": -8.599070861237124e-05,
      "std": 0.20265260338783264,
      "min": -0.41030237078666687,
      "max": 0.40723514556884766,
      "abs_mean": 0.17112134397029877,
      "shape": [
        2176
      ],
      "numel": 2176
    },
    "norm.weight": {
      "mean": 0.6707282662391663,
      "std": 0.06734666973352432,
      "min": 0.5101109743118286,
      "max": 0.8240459561347961,
      "abs_mean": 0.6707282662391663,
      "shape": [
        2048
      ],
      "numel": 2048
    },
    "out_proj.weight": {
      "mean": -2.2058347894926555e-05,
      "std": 0.021758325397968292,
      "min": -0.103493832051754,
      "max": 0.10414745658636093,
      "abs_mean": 0.017840148881077766,
      "shape": [
        1024,
        2048
      ],
      "numel": 2097152
    }
  }
}