{
  "meta": {
    "step": 10000,
    "layer_idx": 4,
    "timestamp": "20260325_030533"
  },
  "params": {
    "dt_bias": {
      "mean": -3.6178219318389893,
      "std": 0.9631358981132507,
      "min": -5.145320415496826,
      "max": -2.0073180198669434,
      "abs_mean": 3.6178219318389893,
      "shape": [
        32
      ],
      "numel": 32
    },
    "A_log": {
      "mean": 1.4814748764038086,
      "std": 0.5938382148742676,
      "min": -0.03892707824707031,
      "max": 2.2567901611328125,
      "abs_mean": 1.485605001449585,
      "shape": [
        32
      ],
      "numel": 32
    },
    "D": {
      "mean": 0.7234343886375427,
      "std": 0.14533361792564392,
      "min": 0.29539060592651367,
      "max": 0.8585205674171448,
      "abs_mean": 0.7234343886375427,
      "shape": [
        32
      ],
      "numel": 32
    },
    "in_proj.weight": {
      "mean": 4.968732537236065e-05,
      "std": 0.03109893947839737,
      "min": -0.298000693321228,
      "max": 0.2538973093032837,
      "abs_mean": 0.02467968687415123,
      "shape": [
        4256,
        1024
      ],
      "numel": 4358144
    },
    "conv1d.weight": {
      "mean": -0.0007059576455503702,
      "std": 0.04901356250047684,
      "min": -0.3129640817642212,
      "max": 0.2980683147907257,
      "abs_mean": 0.037811342626810074,
      "shape": [
        2176,
        1,
        4
      ],
      "numel": 8704
    },
    "conv1d.bias": {
      "mean": -0.0037386452313512564,
      "std": 0.1986466646194458,
      "min": -0.4137984812259674,
      "max": 0.4101785719394684,
      "abs_mean": 0.17209267616271973,
      "shape": [
        2176
      ],
      "numel": 2176
    },
    "norm.weight": {
      "mean": 0.8769950866699219,
      "std": 0.05940272659063339,
      "min": 0.4333488643169403,
      "max": 1.1366984844207764,
      "abs_mean": 0.8769950866699219,
      "shape": [
        2048
      ],
      "numel": 2048
    },
    "out_proj.weight": {
      "mean": 5.475218131323345e-06,
      "std": 0.03458663076162338,
      "min": -0.1838836818933487,
      "max": 0.18705426156520844,
      "abs_mean": 0.0275822002440691,
      "shape": [
        1024,
        2048
      ],
      "numel": 2097152
    }
  }
}