{
  "meta": {
    "step": 5000,
    "layer_idx": 16,
    "timestamp": "20260325_015736"
  },
  "params": {
    "dt_bias": {
      "mean": -4.156802177429199,
      "std": 1.014363408088684,
      "min": -5.517749309539795,
      "max": -2.2423555850982666,
      "abs_mean": 4.156802177429199,
      "shape": [
        32
      ],
      "numel": 32
    },
    "A_log": {
      "mean": 1.551806092262268,
      "std": 0.5405661463737488,
      "min": 0.32069486379623413,
      "max": 2.2657394409179688,
      "abs_mean": 1.551806092262268,
      "shape": [
        32
      ],
      "numel": 32
    },
    "D": {
      "mean": 0.8292641639709473,
      "std": 0.018483852967619896,
      "min": 0.7932738065719604,
      "max": 0.8653396368026733,
      "abs_mean": 0.8292641639709473,
      "shape": [
        32
      ],
      "numel": 32
    },
    "in_proj.weight": {
      "mean": 6.322381523204967e-05,
      "std": 0.01996176317334175,
      "min": -0.15094608068466187,
      "max": 0.13459713757038116,
      "abs_mean": 0.016399554908275604,
      "shape": [
        4256,
        1024
      ],
      "numel": 4358144
    },
    "conv1d.weight": {
      "mean": 0.00011849707516375929,
      "std": 0.017424535006284714,
      "min": -0.0701281949877739,
      "max": 0.11854284256696701,
      "abs_mean": 0.013673912733793259,
      "shape": [
        2176,
        1,
        4
      ],
      "numel": 8704
    },
    "conv1d.bias": {
      "mean": 0.002529941964894533,
      "std": 0.2255334109067917,
      "min": -0.4284673035144806,
      "max": 0.42292144894599915,
      "abs_mean": 0.1925414800643921,
      "shape": [
        2176
      ],
      "numel": 2176
    },
    "norm.weight": {
      "mean": 0.7890410423278809,
      "std": 0.03307437524199486,
      "min": 0.6863428354263306,
      "max": 0.8913265466690063,
      "abs_mean": 0.7890410423278809,
      "shape": [
        2048
      ],
      "numel": 2048
    },
    "out_proj.weight": {
      "mean": 9.244552529708017e-06,
      "std": 0.02271876111626625,
      "min": -0.0903015062212944,
      "max": 0.09699206799268723,
      "abs_mean": 0.019102057442069054,
      "shape": [
        1024,
        2048
      ],
      "numel": 2097152
    }
  }
}