{
  "meta": {
    "step": 3600,
    "layer_idx": 0,
    "timestamp": "20260324_124329"
  },
  "params": {
    "dt_bias": {
      "mean": -3.953124761581421,
      "std": 1.1681269407272339,
      "min": -5.715645790100098,
      "max": -2.116983652114868,
      "abs_mean": 3.953124761581421,
      "shape": [
        24
      ],
      "numel": 24
    },
    "A_log": {
      "mean": 1.5507984161376953,
      "std": 0.4827163517475128,
      "min": 0.4402114152908325,
      "max": 2.262563943862915,
      "abs_mean": 1.5507984161376953,
      "shape": [
        24
      ],
      "numel": 24
    },
    "D": {
      "mean": 0.8408680558204651,
      "std": 0.05635809153318405,
      "min": 0.7413973808288574,
      "max": 1.0117520093917847,
      "abs_mean": 0.8408680558204651,
      "shape": [
        24
      ],
      "numel": 24
    },
    "in_proj.weight": {
      "mean": -7.02022371115163e-05,
      "std": 0.03295062854886055,
      "min": -0.1614440232515335,
      "max": 0.16638842225074768,
      "abs_mean": 0.026426736265420914,
      "shape": [
        3224,
        768
      ],
      "numel": 2476032
    },
    "conv1d.weight": {
      "mean": -0.00018718114006333053,
      "std": 0.06309186667203903,
      "min": -0.19613833725452423,
      "max": 0.1851317435503006,
      "abs_mean": 0.049309514462947845,
      "shape": [
        1664,
        1,
        4
      ],
      "numel": 6656
    },
    "conv1d.bias": {
      "mean": -0.0074030328541994095,
      "std": 0.2144704908132553,
      "min": -0.5101847052574158,
      "max": 0.5082352757453918,
      "abs_mean": 0.18663763999938965,
      "shape": [
        1664
      ],
      "numel": 1664
    },
    "norm.weight": {
      "mean": 0.9004600644111633,
      "std": 0.034174345433712006,
      "min": 0.6920608878135681,
      "max": 0.9935654997825623,
      "abs_mean": 0.9004600644111633,
      "shape": [
        1536
      ],
      "numel": 1536
    },
    "out_proj.weight": {
      "mean": 1.3939916243543848e-05,
      "std": 0.035651400685310364,
      "min": -0.15872609615325928,
      "max": 0.16112548112869263,
      "abs_mean": 0.02911481261253357,
      "shape": [
        768,
        1536
      ],
      "numel": 1179648
    }
  }
}