{
  "meta": {
    "step": 5000,
    "layer_idx": 6,
    "timestamp": "20260324_220629"
  },
  "params": {
    "dt_bias": {
      "mean": -3.6220877170562744,
      "std": 1.048593521118164,
      "min": -5.284857273101807,
      "max": -1.8772096633911133,
      "abs_mean": 3.6220877170562744,
      "shape": [
        24
      ],
      "numel": 24
    },
    "A_log": {
      "mean": 1.4636048078536987,
      "std": 0.5232557058334351,
      "min": 0.03171611204743385,
      "max": 2.0258398056030273,
      "abs_mean": 1.4636048078536987,
      "shape": [
        24
      ],
      "numel": 24
    },
    "D": {
      "mean": 0.775587797164917,
      "std": 0.015485088340938091,
      "min": 0.7479767799377441,
      "max": 0.818761944770813,
      "abs_mean": 0.775587797164917,
      "shape": [
        24
      ],
      "numel": 24
    },
    "in_proj.weight": {
      "mean": -7.589175220346078e-05,
      "std": 0.02709074504673481,
      "min": -0.2987575829029083,
      "max": 0.2838907539844513,
      "abs_mean": 0.02149689942598343,
      "shape": [
        3224,
        768
      ],
      "numel": 2476032
    },
    "conv1d.weight": {
      "mean": 0.0006780935218557715,
      "std": 0.030489131808280945,
      "min": -0.15482456982135773,
      "max": 0.17630377411842346,
      "abs_mean": 0.023335225880146027,
      "shape": [
        1664,
        1,
        4
      ],
      "numel": 6656
    },
    "conv1d.bias": {
      "mean": 0.0006993358256295323,
      "std": 0.20535823702812195,
      "min": -0.42501533031463623,
      "max": 0.4382120966911316,
      "abs_mean": 0.17330242693424225,
      "shape": [
        1664
      ],
      "numel": 1664
    },
    "norm.weight": {
      "mean": 0.7443879246711731,
      "std": 0.044332318007946014,
      "min": 0.598682165145874,
      "max": 0.9459542036056519,
      "abs_mean": 0.7443879246711731,
      "shape": [
        1536
      ],
      "numel": 1536
    },
    "out_proj.weight": {
      "mean": -2.170378684240859e-05,
      "std": 0.027290353551506996,
      "min": -0.1406983584165573,
      "max": 0.13460557162761688,
      "abs_mean": 0.022424405440688133,
      "shape": [
        768,
        1536
      ],
      "numel": 1179648
    }
  }
}