{
  "meta": {
    "step": 7500,
    "layer_idx": 8,
    "timestamp": "20260324_221509"
  },
  "params": {
    "dt_bias": {
      "mean": -2.9768426418304443,
      "std": 1.06858229637146,
      "min": -5.109048843383789,
      "max": -1.7619372606277466,
      "abs_mean": 2.9768426418304443,
      "shape": [
        24
      ],
      "numel": 24
    },
    "A_log": {
      "mean": 1.4893499612808228,
      "std": 0.47980427742004395,
      "min": 0.06967753171920776,
      "max": 2.062889337539673,
      "abs_mean": 1.4893499612808228,
      "shape": [
        24
      ],
      "numel": 24
    },
    "D": {
      "mean": 0.7280259728431702,
      "std": 0.018734121695160866,
      "min": 0.6844878792762756,
      "max": 0.7622513771057129,
      "abs_mean": 0.7280259728431702,
      "shape": [
        24
      ],
      "numel": 24
    },
    "in_proj.weight": {
      "mean": -0.0001516696938779205,
      "std": 0.025596782565116882,
      "min": -0.241938054561615,
      "max": 0.3155257999897003,
      "abs_mean": 0.020031897351145744,
      "shape": [
        3224,
        768
      ],
      "numel": 2476032
    },
    "conv1d.weight": {
      "mean": -0.00021208776161074638,
      "std": 0.031349845230579376,
      "min": -0.17892561852931976,
      "max": 0.1531326025724411,
      "abs_mean": 0.023749278858304024,
      "shape": [
        1664,
        1,
        4
      ],
      "numel": 6656
    },
    "conv1d.bias": {
      "mean": -0.00026220831205137074,
      "std": 0.19276966154575348,
      "min": -0.3956226408481598,
      "max": 0.3913709223270416,
      "abs_mean": 0.16391409933567047,
      "shape": [
        1664
      ],
      "numel": 1664
    },
    "norm.weight": {
      "mean": 0.6901805400848389,
      "std": 0.038048386573791504,
      "min": 0.579172670841217,
      "max": 0.942980170249939,
      "abs_mean": 0.6901805400848389,
      "shape": [
        1536
      ],
      "numel": 1536
    },
    "out_proj.weight": {
      "mean": 3.4666398278204724e-05,
      "std": 0.026088770478963852,
      "min": -0.132253497838974,
      "max": 0.12597490847110748,
      "abs_mean": 0.021323122084140778,
      "shape": [
        768,
        1536
      ],
      "numel": 1179648
    }
  }
}