{
  "meta": {
    "step": 5500,
    "layer_idx": 0,
    "timestamp": "20260324_220820"
  },
  "params": {
    "dt_bias": {
      "mean": -3.4967193603515625,
      "std": 0.9827945232391357,
      "min": -4.835198879241943,
      "max": -1.7873475551605225,
      "abs_mean": 3.4967193603515625,
      "shape": [
        24
      ],
      "numel": 24
    },
    "A_log": {
      "mean": 1.2842947244644165,
      "std": 0.5766372084617615,
      "min": 0.2775126099586487,
      "max": 1.9566837549209595,
      "abs_mean": 1.2842947244644165,
      "shape": [
        24
      ],
      "numel": 24
    },
    "D": {
      "mean": 0.7580023407936096,
      "std": 0.05047561973333359,
      "min": 0.6762199401855469,
      "max": 0.868140459060669,
      "abs_mean": 0.7580023407936096,
      "shape": [
        24
      ],
      "numel": 24
    },
    "in_proj.weight": {
      "mean": -4.600967076839879e-05,
      "std": 0.037097200751304626,
      "min": -0.19435741007328033,
      "max": 0.18732641637325287,
      "abs_mean": 0.029626961797475815,
      "shape": [
        3224,
        768
      ],
      "numel": 2476032
    },
    "conv1d.weight": {
      "mean": -0.0005533630610443652,
      "std": 0.06916163116693497,
      "min": -0.24773390591144562,
      "max": 0.23740217089653015,
      "abs_mean": 0.0394374318420887,
      "shape": [
        1664,
        1,
        4
      ],
      "numel": 6656
    },
    "conv1d.bias": {
      "mean": 0.003422724548727274,
      "std": 0.16895659267902374,
      "min": -0.4284721910953522,
      "max": 0.4605570435523987,
      "abs_mean": 0.14542783796787262,
      "shape": [
        1664
      ],
      "numel": 1664
    },
    "norm.weight": {
      "mean": 0.7648561596870422,
      "std": 0.047347214072942734,
      "min": 0.5032358169555664,
      "max": 0.8573281764984131,
      "abs_mean": 0.7648561596870422,
      "shape": [
        1536
      ],
      "numel": 1536
    },
    "out_proj.weight": {
      "mean": -2.326809953956399e-05,
      "std": 0.03661898896098137,
      "min": -0.18366700410842896,
      "max": 0.16832108795642853,
      "abs_mean": 0.029502829536795616,
      "shape": [
        768,
        1536
      ],
      "numel": 1179648
    }
  }
}