{
  "meta": {
    "step": 10000,
    "layer_idx": 3,
    "timestamp": "20260325_030533"
  },
  "params": {
    "dt_bias": {
      "mean": -3.740586280822754,
      "std": 1.1839604377746582,
      "min": -5.182146072387695,
      "max": -1.7588592767715454,
      "abs_mean": 3.740586280822754,
      "shape": [
        32
      ],
      "numel": 32
    },
    "A_log": {
      "mean": 1.3718510866165161,
      "std": 0.48857614398002625,
      "min": 0.23463386297225952,
      "max": 2.1577088832855225,
      "abs_mean": 1.3718510866165161,
      "shape": [
        32
      ],
      "numel": 32
    },
    "D": {
      "mean": 0.7577821612358093,
      "std": 0.05635875090956688,
      "min": 0.5360391139984131,
      "max": 0.857714831829071,
      "abs_mean": 0.7577821612358093,
      "shape": [
        32
      ],
      "numel": 32
    },
    "in_proj.weight": {
      "mean": 7.226366142276675e-05,
      "std": 0.03070845827460289,
      "min": -0.17828285694122314,
      "max": 0.19648486375808716,
      "abs_mean": 0.024467693641781807,
      "shape": [
        4256,
        1024
      ],
      "numel": 4358144
    },
    "conv1d.weight": {
      "mean": -0.0008327608811669052,
      "std": 0.046040650457143784,
      "min": -0.17372941970825195,
      "max": 0.16480793058872223,
      "abs_mean": 0.036174286156892776,
      "shape": [
        2176,
        1,
        4
      ],
      "numel": 8704
    },
    "conv1d.bias": {
      "mean": -0.003508542198687792,
      "std": 0.19283968210220337,
      "min": -0.4182409346103668,
      "max": 0.4120003581047058,
      "abs_mean": 0.16532102227210999,
      "shape": [
        2176
      ],
      "numel": 2176
    },
    "norm.weight": {
      "mean": 0.8053690195083618,
      "std": 0.047751523554325104,
      "min": 0.4644487798213959,
      "max": 0.9803453683853149,
      "abs_mean": 0.8053690195083618,
      "shape": [
        2048
      ],
      "numel": 2048
    },
    "out_proj.weight": {
      "mean": 1.563087153044762e-06,
      "std": 0.03236722946166992,
      "min": -0.16404199600219727,
      "max": 0.1574103683233261,
      "abs_mean": 0.0258797500282526,
      "shape": [
        1024,
        2048
      ],
      "numel": 2097152
    }
  }
}