{
  "meta": {
    "step": 2500,
    "layer_idx": 10,
    "timestamp": "20260324_215749"
  },
  "params": {
    "dt_bias": {
      "mean": -4.14075231552124,
      "std": 1.2797671556472778,
      "min": -5.987462997436523,
      "max": -2.0029494762420654,
      "abs_mean": 4.14075231552124,
      "shape": [
        24
      ],
      "numel": 24
    },
    "A_log": {
      "mean": 1.7024000883102417,
      "std": 0.563556432723999,
      "min": 0.16980791091918945,
      "max": 2.3580660820007324,
      "abs_mean": 1.7024000883102417,
      "shape": [
        24
      ],
      "numel": 24
    },
    "D": {
      "mean": 0.8675416111946106,
      "std": 0.017273779958486557,
      "min": 0.8289533853530884,
      "max": 0.8907448053359985,
      "abs_mean": 0.8675416111946106,
      "shape": [
        24
      ],
      "numel": 24
    },
    "in_proj.weight": {
      "mean": -4.6005588956177235e-05,
      "std": 0.023924868553876877,
      "min": -0.19122660160064697,
      "max": 0.14553676545619965,
      "abs_mean": 0.019689388573169708,
      "shape": [
        3224,
        768
      ],
      "numel": 2476032
    },
    "conv1d.weight": {
      "mean": 0.00020579133706633002,
      "std": 0.019165607169270515,
      "min": -0.0743403211236,
      "max": 0.09104398638010025,
      "abs_mean": 0.014972974546253681,
      "shape": [
        1664,
        1,
        4
      ],
      "numel": 6656
    },
    "conv1d.bias": {
      "mean": 0.006352469325065613,
      "std": 0.23489579558372498,
      "min": -0.45614397525787354,
      "max": 0.4382769763469696,
      "abs_mean": 0.1996966153383255,
      "shape": [
        1664
      ],
      "numel": 1664
    },
    "norm.weight": {
      "mean": 0.8311501145362854,
      "std": 0.04138568416237831,
      "min": 0.7241509556770325,
      "max": 0.9533345699310303,
      "abs_mean": 0.8311501145362854,
      "shape": [
        1536
      ],
      "numel": 1536
    },
    "out_proj.weight": {
      "mean": -1.2200462151668034e-05,
      "std": 0.027936799451708794,
      "min": -0.09909909963607788,
      "max": 0.0950709879398346,
      "abs_mean": 0.02342013642191887,
      "shape": [
        768,
        1536
      ],
      "numel": 1179648
    }
  }
}