{
  "meta": {
    "step": 3500,
    "layer_idx": 0,
    "timestamp": "20260324_124320"
  },
  "params": {
    "dt_bias": {
      "mean": -3.9589405059814453,
      "std": 1.1697947978973389,
      "min": -5.7250447273254395,
      "max": -2.1227169036865234,
      "abs_mean": 3.9589405059814453,
      "shape": [
        24
      ],
      "numel": 24
    },
    "A_log": {
      "mean": 1.5532501935958862,
      "std": 0.48328477144241333,
      "min": 0.44303441047668457,
      "max": 2.265711784362793,
      "abs_mean": 1.5532501935958862,
      "shape": [
        24
      ],
      "numel": 24
    },
    "D": {
      "mean": 0.8421382308006287,
      "std": 0.056878961622714996,
      "min": 0.7394228577613831,
      "max": 1.015837550163269,
      "abs_mean": 0.8421382308006287,
      "shape": [
        24
      ],
      "numel": 24
    },
    "in_proj.weight": {
      "mean": -7.10649328539148e-05,
      "std": 0.032959070056676865,
      "min": -0.16150888800621033,
      "max": 0.16604368388652802,
      "abs_mean": 0.02643471211194992,
      "shape": [
        3224,
        768
      ],
      "numel": 2476032
    },
    "conv1d.weight": {
      "mean": -0.00017466217104811221,
      "std": 0.06310594081878662,
      "min": -0.19585730135440826,
      "max": 0.18655841052532196,
      "abs_mean": 0.04932999983429909,
      "shape": [
        1664,
        1,
        4
      ],
      "numel": 6656
    },
    "conv1d.bias": {
      "mean": -0.007451449520885944,
      "std": 0.21489617228507996,
      "min": -0.5112379789352417,
      "max": 0.5090433359146118,
      "abs_mean": 0.18698659539222717,
      "shape": [
        1664
      ],
      "numel": 1664
    },
    "norm.weight": {
      "mean": 0.90184086561203,
      "std": 0.03421708941459656,
      "min": 0.6949813365936279,
      "max": 0.9972992539405823,
      "abs_mean": 0.90184086561203,
      "shape": [
        1536
      ],
      "numel": 1536
    },
    "out_proj.weight": {
      "mean": 1.5581150364596397e-05,
      "std": 0.03566684573888779,
      "min": -0.15994447469711304,
      "max": 0.15972411632537842,
      "abs_mean": 0.029131565243005753,
      "shape": [
        768,
        1536
      ],
      "numel": 1179648
    }
  }
}