{
  "meta": {
    "step": 5000,
    "layer_idx": 25,
    "timestamp": "20260325_015736"
  },
  "params": {
    "dt_bias": {
      "mean": -3.650735855102539,
      "std": 1.1518691778182983,
      "min": -5.663643836975098,
      "max": -2.0959579944610596,
      "abs_mean": 3.650735855102539,
      "shape": [
        32
      ],
      "numel": 32
    },
    "A_log": {
      "mean": 1.708676815032959,
      "std": 0.4386250674724579,
      "min": 0.5833380222320557,
      "max": 2.2779319286346436,
      "abs_mean": 1.708676815032959,
      "shape": [
        32
      ],
      "numel": 32
    },
    "D": {
      "mean": 0.8259377479553223,
      "std": 0.02524997666478157,
      "min": 0.7370776534080505,
      "max": 0.8674097061157227,
      "abs_mean": 0.8259377479553223,
      "shape": [
        32
      ],
      "numel": 32
    },
    "in_proj.weight": {
      "mean": 1.0430015208839905e-05,
      "std": 0.020139258354902267,
      "min": -0.127623051404953,
      "max": 0.13063187897205353,
      "abs_mean": 0.016424424946308136,
      "shape": [
        4256,
        1024
      ],
      "numel": 4358144
    },
    "conv1d.weight": {
      "mean": 6.077623402234167e-05,
      "std": 0.014834574423730373,
      "min": -0.06823661923408508,
      "max": 0.08009834587574005,
      "abs_mean": 0.01118939183652401,
      "shape": [
        2176,
        1,
        4
      ],
      "numel": 8704
    },
    "conv1d.bias": {
      "mean": -0.0034549671690911055,
      "std": 0.22590559720993042,
      "min": -0.46392711997032166,
      "max": 0.43942713737487793,
      "abs_mean": 0.1916033923625946,
      "shape": [
        2176
      ],
      "numel": 2176
    },
    "norm.weight": {
      "mean": 0.7566627860069275,
      "std": 0.07358630746603012,
      "min": 0.5853780508041382,
      "max": 0.8876304626464844,
      "abs_mean": 0.7566627860069275,
      "shape": [
        2048
      ],
      "numel": 2048
    },
    "out_proj.weight": {
      "mean": -3.16608784487471e-05,
      "std": 0.02295941300690174,
      "min": -0.08582134544849396,
      "max": 0.08370359241962433,
      "abs_mean": 0.01915610581636429,
      "shape": [
        1024,
        2048
      ],
      "numel": 2097152
    }
  }
}