{
  "meta": {
    "step": 7500,
    "layer_idx": 0,
    "timestamp": "20260324_221509"
  },
  "params": {
    "dt_bias": {
      "mean": -3.3808774948120117,
      "std": 0.9520912766456604,
      "min": -4.645162105560303,
      "max": -1.700062870979309,
      "abs_mean": 3.3808774948120117,
      "shape": [
        24
      ],
      "numel": 24
    },
    "A_log": {
      "mean": 1.224753737449646,
      "std": 0.5576822757720947,
      "min": 0.24076135456562042,
      "max": 1.8822064399719238,
      "abs_mean": 1.224753737449646,
      "shape": [
        24
      ],
      "numel": 24
    },
    "D": {
      "mean": 0.7256860733032227,
      "std": 0.047525644302368164,
      "min": 0.6467562913894653,
      "max": 0.8234841823577881,
      "abs_mean": 0.7256860733032227,
      "shape": [
        24
      ],
      "numel": 24
    },
    "in_proj.weight": {
      "mean": -4.6570734411943704e-05,
      "std": 0.0369226410984993,
      "min": -0.18937844038009644,
      "max": 0.19371357560157776,
      "abs_mean": 0.029479999095201492,
      "shape": [
        3224,
        768
      ],
      "numel": 2476032
    },
    "conv1d.weight": {
      "mean": -0.0005580669967457652,
      "std": 0.06884928792715073,
      "min": -0.23579198122024536,
      "max": 0.23350007832050323,
      "abs_mean": 0.039167582988739014,
      "shape": [
        1664,
        1,
        4
      ],
      "numel": 6656
    },
    "conv1d.bias": {
      "mean": 0.0030038373079150915,
      "std": 0.15843728184700012,
      "min": -0.40939861536026,
      "max": 0.44100531935691833,
      "abs_mean": 0.13617704808712006,
      "shape": [
        1664
      ],
      "numel": 1664
    },
    "norm.weight": {
      "mean": 0.730832040309906,
      "std": 0.04787391424179077,
      "min": 0.463483601808548,
      "max": 0.8252764940261841,
      "abs_mean": 0.730832040309906,
      "shape": [
        1536
      ],
      "numel": 1536
    },
    "out_proj.weight": {
      "mean": -1.845375300035812e-05,
      "std": 0.036236368119716644,
      "min": -0.17777152359485626,
      "max": 0.16682638227939606,
      "abs_mean": 0.029157694429159164,
      "shape": [
        768,
        1536
      ],
      "numel": 1179648
    }
  }
}