{
  "meta": {
    "step": 5000,
    "layer_idx": 10,
    "timestamp": "20260324_220629"
  },
  "params": {
    "dt_bias": {
      "mean": -3.7095155715942383,
      "std": 1.143571138381958,
      "min": -5.355559349060059,
      "max": -1.7984542846679688,
      "abs_mean": 3.7095155715942383,
      "shape": [
        24
      ],
      "numel": 24
    },
    "A_log": {
      "mean": 1.5048675537109375,
      "std": 0.5026674866676331,
      "min": 0.1691131591796875,
      "max": 2.0530712604522705,
      "abs_mean": 1.5048675537109375,
      "shape": [
        24
      ],
      "numel": 24
    },
    "D": {
      "mean": 0.7646360993385315,
      "std": 0.02314293012022972,
      "min": 0.7156293988227844,
      "max": 0.815313994884491,
      "abs_mean": 0.7646360993385315,
      "shape": [
        24
      ],
      "numel": 24
    },
    "in_proj.weight": {
      "mean": -0.00010824827040778473,
      "std": 0.02374541573226452,
      "min": -0.2099001556634903,
      "max": 0.18443813920021057,
      "abs_mean": 0.019112059846520424,
      "shape": [
        3224,
        768
      ],
      "numel": 2476032
    },
    "conv1d.weight": {
      "mean": 7.887201354606077e-05,
      "std": 0.022250434383749962,
      "min": -0.10762032866477966,
      "max": 0.1303691416978836,
      "abs_mean": 0.016883503645658493,
      "shape": [
        1664,
        1,
        4
      ],
      "numel": 6656
    },
    "conv1d.bias": {
      "mean": 0.005521168000996113,
      "std": 0.20192116498947144,
      "min": -0.4198055863380432,
      "max": 0.4099334478378296,
      "abs_mean": 0.16977903246879578,
      "shape": [
        1664
      ],
      "numel": 1664
    },
    "norm.weight": {
      "mean": 0.7242035269737244,
      "std": 0.046794600784778595,
      "min": 0.5824340581893921,
      "max": 0.8587656021118164,
      "abs_mean": 0.7242035269737244,
      "shape": [
        1536
      ],
      "numel": 1536
    },
    "out_proj.weight": {
      "mean": -2.3135735318646766e-06,
      "std": 0.026593254879117012,
      "min": -0.11239603906869888,
      "max": 0.11499465256929398,
      "abs_mean": 0.02190493978559971,
      "shape": [
        768,
        1536
      ],
      "numel": 1179648
    }
  }
}