{
  "meta": {
    "step": 10000,
    "layer_idx": 8,
    "timestamp": "20260325_030533"
  },
  "params": {
    "dt_bias": {
      "mean": -3.150386095046997,
      "std": 1.0078065395355225,
      "min": -5.178442478179932,
      "max": -1.8394509553909302,
      "abs_mean": 3.150386095046997,
      "shape": [
        32
      ],
      "numel": 32
    },
    "A_log": {
      "mean": 1.4666438102722168,
      "std": 0.4157029986381531,
      "min": 0.4175647795200348,
      "max": 2.0720102787017822,
      "abs_mean": 1.4666438102722168,
      "shape": [
        32
      ],
      "numel": 32
    },
    "D": {
      "mean": 0.744974672794342,
      "std": 0.011034953407943249,
      "min": 0.7161505222320557,
      "max": 0.7686176896095276,
      "abs_mean": 0.744974672794342,
      "shape": [
        32
      ],
      "numel": 32
    },
    "in_proj.weight": {
      "mean": 9.878339187707752e-05,
      "std": 0.024584131315350533,
      "min": -0.1931205540895462,
      "max": 0.2242455631494522,
      "abs_mean": 0.01954130455851555,
      "shape": [
        4256,
        1024
      ],
      "numel": 4358144
    },
    "conv1d.weight": {
      "mean": -0.00013977810158394277,
      "std": 0.03026944026350975,
      "min": -0.14331547915935516,
      "max": 0.15906529128551483,
      "abs_mean": 0.02356787398457527,
      "shape": [
        2176,
        1,
        4
      ],
      "numel": 8704
    },
    "conv1d.bias": {
      "mean": 0.009009919129312038,
      "std": 0.20010210573673248,
      "min": -0.39277583360671997,
      "max": 0.3904479444026947,
      "abs_mean": 0.16984908282756805,
      "shape": [
        2176
      ],
      "numel": 2176
    },
    "norm.weight": {
      "mean": 0.6889152526855469,
      "std": 0.06612005829811096,
      "min": 0.5000081062316895,
      "max": 0.9452049136161804,
      "abs_mean": 0.6889152526855469,
      "shape": [
        2048
      ],
      "numel": 2048
    },
    "out_proj.weight": {
      "mean": -1.6703033907106146e-05,
      "std": 0.023969104513525963,
      "min": -0.12845803797245026,
      "max": 0.14798928797245026,
      "abs_mean": 0.01950054243206978,
      "shape": [
        1024,
        2048
      ],
      "numel": 2097152
    }
  }
}