{
  "meta": {
    "step": 13000,
    "layer_idx": 0,
    "timestamp": "20260325_034623"
  },
  "params": {
    "dt_bias": {
      "mean": -3.4553751945495605,
      "std": 0.8965357542037964,
      "min": -4.82973051071167,
      "max": -2.078234910964966,
      "abs_mean": 3.4553751945495605,
      "shape": [
        32
      ],
      "numel": 32
    },
    "A_log": {
      "mean": 1.182421088218689,
      "std": 0.35830408334732056,
      "min": 0.35306739807128906,
      "max": 1.8117035627365112,
      "abs_mean": 1.182421088218689,
      "shape": [
        32
      ],
      "numel": 32
    },
    "D": {
      "mean": 0.7122310996055603,
      "std": 0.037157509475946426,
      "min": 0.6538792848587036,
      "max": 0.8098649978637695,
      "abs_mean": 0.7122310996055603,
      "shape": [
        32
      ],
      "numel": 32
    },
    "in_proj.weight": {
      "mean": 4.3151168938493356e-05,
      "std": 0.030177174136042595,
      "min": -0.17897847294807434,
      "max": 0.18123343586921692,
      "abs_mean": 0.024142367765307426,
      "shape": [
        4256,
        1024
      ],
      "numel": 4358144
    },
    "conv1d.weight": {
      "mean": 0.000815387349575758,
      "std": 0.06024884060025215,
      "min": -0.2073107808828354,
      "max": 0.2078387588262558,
      "abs_mean": 0.034781087189912796,
      "shape": [
        2176,
        1,
        4
      ],
      "numel": 8704
    },
    "conv1d.bias": {
      "mean": 0.007859629578888416,
      "std": 0.16859860718250275,
      "min": -0.5055378675460815,
      "max": 0.44557034969329834,
      "abs_mean": 0.14363016188144684,
      "shape": [
        2176
      ],
      "numel": 2176
    },
    "norm.weight": {
      "mean": 0.6666269302368164,
      "std": 0.059807226061820984,
      "min": 0.373008131980896,
      "max": 0.7985316514968872,
      "abs_mean": 0.6666269302368164,
      "shape": [
        2048
      ],
      "numel": 2048
    },
    "out_proj.weight": {
      "mean": -1.7849688447313383e-05,
      "std": 0.02863231673836708,
      "min": -0.16506841778755188,
      "max": 0.13884207606315613,
      "abs_mean": 0.023150522261857986,
      "shape": [
        1024,
        2048
      ],
      "numel": 2097152
    }
  }
}