{
  "meta": {
    "step": 1000,
    "layer_idx": 3,
    "timestamp": "20260324_124030"
  },
  "params": {
    "dt_bias": {
      "mean": -3.7950847148895264,
      "std": 1.1374441385269165,
      "min": -6.183663845062256,
      "max": -2.3088808059692383,
      "abs_mean": 3.7950847148895264,
      "shape": [
        24
      ],
      "numel": 24
    },
    "A_log": {
      "mean": 1.4758352041244507,
      "std": 0.783687174320221,
      "min": 0.11885947734117508,
      "max": 2.5941364765167236,
      "abs_mean": 1.4758352041244507,
      "shape": [
        24
      ],
      "numel": 24
    },
    "D": {
      "mean": 0.9432517886161804,
      "std": 0.012444713152945042,
      "min": 0.921063244342804,
      "max": 0.9667721390724182,
      "abs_mean": 0.9432517886161804,
      "shape": [
        24
      ],
      "numel": 24
    },
    "in_proj.weight": {
      "mean": -4.65726807306055e-05,
      "std": 0.024913854897022247,
      "min": -0.1154465451836586,
      "max": 0.11910238116979599,
      "abs_mean": 0.02068196050822735,
      "shape": [
        3224,
        768
      ],
      "numel": 2476032
    },
    "conv1d.weight": {
      "mean": 0.00010951361036859453,
      "std": 0.020630192011594772,
      "min": -0.06330803036689758,
      "max": 0.0761733278632164,
      "abs_mean": 0.016931869089603424,
      "shape": [
        1664,
        1,
        4
      ],
      "numel": 6656
    },
    "conv1d.bias": {
      "mean": -0.0006569380639120936,
      "std": 0.26034659147262573,
      "min": -0.48831769824028015,
      "max": 0.49058806896209717,
      "abs_mean": 0.2223135083913803,
      "shape": [
        1664
      ],
      "numel": 1664
    },
    "norm.weight": {
      "mean": 0.9134716987609863,
      "std": 0.03307230398058891,
      "min": 0.8260252475738525,
      "max": 0.9948577880859375,
      "abs_mean": 0.9134716987609863,
      "shape": [
        1536
      ],
      "numel": 1536
    },
    "out_proj.weight": {
      "mean": 2.1455029127537273e-05,
      "std": 0.029234526678919792,
      "min": -0.09728071093559265,
      "max": 0.09435247629880905,
      "abs_mean": 0.024809209629893303,
      "shape": [
        768,
        1536
      ],
      "numel": 1179648
    }
  }
}