{
  "meta": {
    "step": 2500,
    "layer_idx": 9,
    "timestamp": "20260324_215749"
  },
  "params": {
    "dt_bias": {
      "mean": -3.9590988159179688,
      "std": 1.1577812433242798,
      "min": -5.795955657958984,
      "max": -2.3746395111083984,
      "abs_mean": 3.9590988159179688,
      "shape": [
        24
      ],
      "numel": 24
    },
    "A_log": {
      "mean": 1.6711879968643188,
      "std": 0.5113160610198975,
      "min": 0.39618682861328125,
      "max": 2.3877766132354736,
      "abs_mean": 1.6711879968643188,
      "shape": [
        24
      ],
      "numel": 24
    },
    "D": {
      "mean": 0.8669169545173645,
      "std": 0.024661680683493614,
      "min": 0.802044153213501,
      "max": 0.8994373083114624,
      "abs_mean": 0.8669169545173645,
      "shape": [
        24
      ],
      "numel": 24
    },
    "in_proj.weight": {
      "mean": -6.0562535509234294e-05,
      "std": 0.024349192157387733,
      "min": -0.137907937169075,
      "max": 0.14911332726478577,
      "abs_mean": 0.019988523796200752,
      "shape": [
        3224,
        768
      ],
      "numel": 2476032
    },
    "conv1d.weight": {
      "mean": 0.0001679590786807239,
      "std": 0.02002008445560932,
      "min": -0.09039738774299622,
      "max": 0.06909617781639099,
      "abs_mean": 0.015827272087335587,
      "shape": [
        1664,
        1,
        4
      ],
      "numel": 6656
    },
    "conv1d.bias": {
      "mean": -0.00038385146763175726,
      "std": 0.23651696741580963,
      "min": -0.45998868346214294,
      "max": 0.4595963656902313,
      "abs_mean": 0.20087093114852905,
      "shape": [
        1664
      ],
      "numel": 1664
    },
    "norm.weight": {
      "mean": 0.8324233889579773,
      "std": 0.03771721571683884,
      "min": 0.7389196157455444,
      "max": 0.9417306184768677,
      "abs_mean": 0.8324233889579773,
      "shape": [
        1536
      ],
      "numel": 1536
    },
    "out_proj.weight": {
      "mean": -2.0380785770157672e-07,
      "std": 0.027780944481492043,
      "min": -0.09764271974563599,
      "max": 0.0993601530790329,
      "abs_mean": 0.023327914997935295,
      "shape": [
        768,
        1536
      ],
      "numel": 1179648
    }
  }
}