{
  "meta": {
    "step": 2500,
    "layer_idx": 0,
    "timestamp": "20260324_124213"
  },
  "params": {
    "dt_bias": {
      "mean": -4.0485310554504395,
      "std": 1.202648639678955,
      "min": -5.880892753601074,
      "max": -2.172948122024536,
      "abs_mean": 4.0485310554504395,
      "shape": [
        24
      ],
      "numel": 24
    },
    "A_log": {
      "mean": 1.6039433479309082,
      "std": 0.500924289226532,
      "min": 0.45214101672172546,
      "max": 2.3416175842285156,
      "abs_mean": 1.6039433479309082,
      "shape": [
        24
      ],
      "numel": 24
    },
    "D": {
      "mean": 0.8650033473968506,
      "std": 0.054528240114450455,
      "min": 0.7676512598991394,
      "max": 1.0293043851852417,
      "abs_mean": 0.8650033473968506,
      "shape": [
        24
      ],
      "numel": 24
    },
    "in_proj.weight": {
      "mean": -6.720986857544631e-05,
      "std": 0.03263687342405319,
      "min": -0.16185235977172852,
      "max": 0.16616596281528473,
      "abs_mean": 0.026214255020022392,
      "shape": [
        3224,
        768
      ],
      "numel": 2476032
    },
    "conv1d.weight": {
      "mean": -5.8965084463125095e-05,
      "std": 0.061658576130867004,
      "min": -0.19503997266292572,
      "max": 0.19032171368598938,
      "abs_mean": 0.04745320975780487,
      "shape": [
        1664,
        1,
        4
      ],
      "numel": 6656
    },
    "conv1d.bias": {
      "mean": -0.007519891485571861,
      "std": 0.22378136217594147,
      "min": -0.5161758065223694,
      "max": 0.5155692100524902,
      "abs_mean": 0.1946226954460144,
      "shape": [
        1664
      ],
      "numel": 1664
    },
    "norm.weight": {
      "mean": 0.921375572681427,
      "std": 0.033103737980127335,
      "min": 0.7285305857658386,
      "max": 1.015229344367981,
      "abs_mean": 0.921375572681427,
      "shape": [
        1536
      ],
      "numel": 1536
    },
    "out_proj.weight": {
      "mean": 1.284567861148389e-05,
      "std": 0.03551693260669708,
      "min": -0.16228757798671722,
      "max": 0.16170117259025574,
      "abs_mean": 0.029099252074956894,
      "shape": [
        768,
        1536
      ],
      "numel": 1179648
    }
  }
}