{
  "meta": {
    "step": 4400,
    "layer_idx": 0,
    "timestamp": "20260324_124426"
  },
  "params": {
    "dt_bias": {
      "mean": -3.920596122741699,
      "std": 1.1583627462387085,
      "min": -5.665103435516357,
      "max": -2.0962162017822266,
      "abs_mean": 3.920596122741699,
      "shape": [
        24
      ],
      "numel": 24
    },
    "A_log": {
      "mean": 1.5338249206542969,
      "std": 0.47704413533210754,
      "min": 0.43589848279953003,
      "max": 2.237334728240967,
      "abs_mean": 1.5338249206542969,
      "shape": [
        24
      ],
      "numel": 24
    },
    "D": {
      "mean": 0.8327383995056152,
      "std": 0.05659245699644089,
      "min": 0.7327904105186462,
      "max": 1.005595326423645,
      "abs_mean": 0.8327383995056152,
      "shape": [
        24
      ],
      "numel": 24
    },
    "in_proj.weight": {
      "mean": -7.267801993293688e-05,
      "std": 0.032870132476091385,
      "min": -0.16486310958862305,
      "max": 0.16505864262580872,
      "abs_mean": 0.02635110914707184,
      "shape": [
        3224,
        768
      ],
      "numel": 2476032
    },
    "conv1d.weight": {
      "mean": -0.00018923214520327747,
      "std": 0.0633149966597557,
      "min": -0.20074626803398132,
      "max": 0.18596751987934113,
      "abs_mean": 0.049697618931531906,
      "shape": [
        1664,
        1,
        4
      ],
      "numel": 6656
    },
    "conv1d.bias": {
      "mean": -0.007332293316721916,
      "std": 0.2117045372724533,
      "min": -0.507882297039032,
      "max": 0.5057280659675598,
      "abs_mean": 0.18428002297878265,
      "shape": [
        1664
      ],
      "numel": 1664
    },
    "norm.weight": {
      "mean": 0.8924824595451355,
      "std": 0.034360677003860474,
      "min": 0.6810302138328552,
      "max": 0.9868763089179993,
      "abs_mean": 0.8924824595451355,
      "shape": [
        1536
      ],
      "numel": 1536
    },
    "out_proj.weight": {
      "mean": 1.6888072423171252e-05,
      "std": 0.03548800200223923,
      "min": -0.15358182787895203,
      "max": 0.160196915268898,
      "abs_mean": 0.028953442350029945,
      "shape": [
        768,
        1536
      ],
      "numel": 1179648
    }
  }
}