{
  "meta": {
    "step": 4500,
    "layer_idx": 13,
    "timestamp": "20260324_124435"
  },
  "params": {
    "dt_bias": {
      "mean": -3.9939234256744385,
      "std": 0.9154186248779297,
      "min": -5.395630359649658,
      "max": -2.1764774322509766,
      "abs_mean": 3.9939234256744385,
      "shape": [
        24
      ],
      "numel": 24
    },
    "A_log": {
      "mean": 1.5854123830795288,
      "std": 0.6334968209266663,
      "min": 0.13984648883342743,
      "max": 2.3648266792297363,
      "abs_mean": 1.5854123830795288,
      "shape": [
        24
      ],
      "numel": 24
    },
    "D": {
      "mean": 0.8320110440254211,
      "std": 0.0213533416390419,
      "min": 0.7985315322875977,
      "max": 0.8945910334587097,
      "abs_mean": 0.8320110440254211,
      "shape": [
        24
      ],
      "numel": 24
    },
    "in_proj.weight": {
      "mean": -0.00016023330681491643,
      "std": 0.02345987968146801,
      "min": -0.1515863984823227,
      "max": 0.15415893495082855,
      "abs_mean": 0.019228491932153702,
      "shape": [
        3224,
        768
      ],
      "numel": 2476032
    },
    "conv1d.weight": {
      "mean": -1.6732315998524427e-05,
      "std": 0.019364532083272934,
      "min": -0.1352410614490509,
      "max": 0.11078256368637085,
      "abs_mean": 0.0149535546079278,
      "shape": [
        1664,
        1,
        4
      ],
      "numel": 6656
    },
    "conv1d.bias": {
      "mean": -0.00721119437366724,
      "std": 0.22850282490253448,
      "min": -0.452119380235672,
      "max": 0.4469098448753357,
      "abs_mean": 0.19248175621032715,
      "shape": [
        1664
      ],
      "numel": 1664
    },
    "norm.weight": {
      "mean": 0.7813212275505066,
      "std": 0.06308557093143463,
      "min": 0.6272600889205933,
      "max": 0.907416582107544,
      "abs_mean": 0.7813212275505066,
      "shape": [
        1536
      ],
      "numel": 1536
    },
    "out_proj.weight": {
      "mean": 1.0395187018730212e-05,
      "std": 0.028296422213315964,
      "min": -0.18744392693042755,
      "max": 0.1827983409166336,
      "abs_mean": 0.02329976297914982,
      "shape": [
        768,
        1536
      ],
      "numel": 1179648
    }
  }
}