{
  "meta": {
    "step": 5000,
    "layer_idx": 5,
    "timestamp": "20260325_015736"
  },
  "params": {
    "dt_bias": {
      "mean": -3.8172855377197266,
      "std": 1.0666470527648926,
      "min": -5.460788726806641,
      "max": -2.096705913543701,
      "abs_mean": 3.8172855377197266,
      "shape": [
        32
      ],
      "numel": 32
    },
    "A_log": {
      "mean": 1.6535333395004272,
      "std": 0.4773359000682831,
      "min": 0.6051966547966003,
      "max": 2.2307443618774414,
      "abs_mean": 1.6535333395004272,
      "shape": [
        32
      ],
      "numel": 32
    },
    "D": {
      "mean": 0.8308446407318115,
      "std": 0.029581772163510323,
      "min": 0.742896556854248,
      "max": 0.8894468545913696,
      "abs_mean": 0.8308446407318115,
      "shape": [
        32
      ],
      "numel": 32
    },
    "in_proj.weight": {
      "mean": 4.7961773816496134e-05,
      "std": 0.02950570359826088,
      "min": -0.16741205751895905,
      "max": 0.1685171276330948,
      "abs_mean": 0.023510050028562546,
      "shape": [
        4256,
        1024
      ],
      "numel": 4358144
    },
    "conv1d.weight": {
      "mean": 0.0012095272541046143,
      "std": 0.04251508787274361,
      "min": -0.16720879077911377,
      "max": 0.20467761158943176,
      "abs_mean": 0.03514065966010094,
      "shape": [
        2176,
        1,
        4
      ],
      "numel": 8704
    },
    "conv1d.bias": {
      "mean": -0.007127420045435429,
      "std": 0.2241949588060379,
      "min": -0.4283132553100586,
      "max": 0.4686451256275177,
      "abs_mean": 0.1923576295375824,
      "shape": [
        2176
      ],
      "numel": 2176
    },
    "norm.weight": {
      "mean": 0.9131833910942078,
      "std": 0.0489346869289875,
      "min": 0.7854021191596985,
      "max": 1.1120638847351074,
      "abs_mean": 0.9131833910942078,
      "shape": [
        2048
      ],
      "numel": 2048
    },
    "out_proj.weight": {
      "mean": 1.4211913367034867e-05,
      "std": 0.030624041333794594,
      "min": -0.17459698021411896,
      "max": 0.18342499434947968,
      "abs_mean": 0.024684682488441467,
      "shape": [
        1024,
        2048
      ],
      "numel": 2097152
    }
  }
}