{
  "meta": {
    "step": 10000,
    "layer_idx": 30,
    "timestamp": "20260325_030533"
  },
  "params": {
    "dt_bias": {
      "mean": -3.5762951374053955,
      "std": 1.0578594207763672,
      "min": -5.046574115753174,
      "max": -1.7997233867645264,
      "abs_mean": 3.5762951374053955,
      "shape": [
        32
      ],
      "numel": 32
    },
    "A_log": {
      "mean": 1.4842699766159058,
      "std": 0.5752313137054443,
      "min": 0.22632277011871338,
      "max": 2.142711639404297,
      "abs_mean": 1.4842699766159058,
      "shape": [
        32
      ],
      "numel": 32
    },
    "D": {
      "mean": 0.7213739156723022,
      "std": 0.040861837565898895,
      "min": 0.6302226781845093,
      "max": 0.7890340089797974,
      "abs_mean": 0.7213739156723022,
      "shape": [
        32
      ],
      "numel": 32
    },
    "in_proj.weight": {
      "mean": 0.00015130144311115146,
      "std": 0.018145522102713585,
      "min": -0.1327284276485443,
      "max": 0.13166269659996033,
      "abs_mean": 0.014845248311758041,
      "shape": [
        4256,
        1024
      ],
      "numel": 4358144
    },
    "conv1d.weight": {
      "mean": -0.00020978176326025277,
      "std": 0.015583738684654236,
      "min": -0.09195837378501892,
      "max": 0.11939654499292374,
      "abs_mean": 0.011979245580732822,
      "shape": [
        2176,
        1,
        4
      ],
      "numel": 8704
    },
    "conv1d.bias": {
      "mean": -0.0019087297841906548,
      "std": 0.19813700020313263,
      "min": -0.3820844888687134,
      "max": 0.38133057951927185,
      "abs_mean": 0.167527973651886,
      "shape": [
        2176
      ],
      "numel": 2176
    },
    "norm.weight": {
      "mean": 0.6778867244720459,
      "std": 0.0627267062664032,
      "min": 0.5020518898963928,
      "max": 0.7877562642097473,
      "abs_mean": 0.6778867244720459,
      "shape": [
        2048
      ],
      "numel": 2048
    },
    "out_proj.weight": {
      "mean": 9.240464351023547e-06,
      "std": 0.02159111574292183,
      "min": -0.09890896081924438,
      "max": 0.09720362722873688,
      "abs_mean": 0.017782242968678474,
      "shape": [
        1024,
        2048
      ],
      "numel": 2097152
    }
  }
}