{
  "meta": {
    "step": 1000,
    "layer_idx": 8,
    "timestamp": "20260324_124030"
  },
  "params": {
    "dt_bias": {
      "mean": -4.398778915405273,
      "std": 1.3099664449691772,
      "min": -6.387816429138184,
      "max": -2.3253653049468994,
      "abs_mean": 4.398778915405273,
      "shape": [
        24
      ],
      "numel": 24
    },
    "A_log": {
      "mean": 2.0232489109039307,
      "std": 0.6703842282295227,
      "min": 0.0565137080848217,
      "max": 2.626293659210205,
      "abs_mean": 2.0232489109039307,
      "shape": [
        24
      ],
      "numel": 24
    },
    "D": {
      "mean": 0.9428983330726624,
      "std": 0.01582084223628044,
      "min": 0.8914231061935425,
      "max": 0.970485270023346,
      "abs_mean": 0.9428983330726624,
      "shape": [
        24
      ],
      "numel": 24
    },
    "in_proj.weight": {
      "mean": -7.503439701395109e-05,
      "std": 0.02361045591533184,
      "min": -0.11180629581212997,
      "max": 0.09785745292901993,
      "abs_mean": 0.019825121387839317,
      "shape": [
        3224,
        768
      ],
      "numel": 2476032
    },
    "conv1d.weight": {
      "mean": -5.308505024004262e-06,
      "std": 0.017069928348064423,
      "min": -0.06089681386947632,
      "max": 0.06646827608346939,
      "abs_mean": 0.013685960322618484,
      "shape": [
        1664,
        1,
        4
      ],
      "numel": 6656
    },
    "conv1d.bias": {
      "mean": -0.0011036444921046495,
      "std": 0.2667885422706604,
      "min": -0.5027164220809937,
      "max": 0.4798872470855713,
      "abs_mean": 0.2281433790922165,
      "shape": [
        1664
      ],
      "numel": 1664
    },
    "norm.weight": {
      "mean": 0.9188712239265442,
      "std": 0.03343965858221054,
      "min": 0.8231728076934814,
      "max": 0.9931352138519287,
      "abs_mean": 0.9188712239265442,
      "shape": [
        1536
      ],
      "numel": 1536
    },
    "out_proj.weight": {
      "mean": 4.234251491652685e-07,
      "std": 0.029062826186418533,
      "min": -0.09945496171712875,
      "max": 0.09769067168235779,
      "abs_mean": 0.0247210580855608,
      "shape": [
        768,
        1536
      ],
      "numel": 1179648
    }
  }
}