{
  "meta": {
    "step": 3000,
    "layer_idx": 7,
    "timestamp": "20260324_124247"
  },
  "params": {
    "dt_bias": {
      "mean": -4.012225151062012,
      "std": 1.405623197555542,
      "min": -5.9529242515563965,
      "max": -2.22316575050354,
      "abs_mean": 4.012225151062012,
      "shape": [
        24
      ],
      "numel": 24
    },
    "A_log": {
      "mean": 1.6338378190994263,
      "std": 0.670078456401825,
      "min": 0.22263579070568085,
      "max": 2.372316360473633,
      "abs_mean": 1.6338378190994263,
      "shape": [
        24
      ],
      "numel": 24
    },
    "D": {
      "mean": 0.8553199768066406,
      "std": 0.023635126650333405,
      "min": 0.8100938200950623,
      "max": 0.9103349447250366,
      "abs_mean": 0.8553199768066406,
      "shape": [
        24
      ],
      "numel": 24
    },
    "in_proj.weight": {
      "mean": -9.040347504196689e-05,
      "std": 0.024988096207380295,
      "min": -0.18211393058300018,
      "max": 0.1622299700975418,
      "abs_mean": 0.0203102957457304,
      "shape": [
        3224,
        768
      ],
      "numel": 2476032
    },
    "conv1d.weight": {
      "mean": 2.497090827091597e-05,
      "std": 0.021915875375270844,
      "min": -0.11229533702135086,
      "max": 0.1179203912615776,
      "abs_mean": 0.016922729089856148,
      "shape": [
        1664,
        1,
        4
      ],
      "numel": 6656
    },
    "conv1d.bias": {
      "mean": -0.0026720985770225525,
      "std": 0.23759886622428894,
      "min": -0.44294705986976624,
      "max": 0.4635545313358307,
      "abs_mean": 0.20156963169574738,
      "shape": [
        1664
      ],
      "numel": 1664
    },
    "norm.weight": {
      "mean": 0.8103174567222595,
      "std": 0.05329448729753494,
      "min": 0.6826079487800598,
      "max": 0.9211982488632202,
      "abs_mean": 0.8103174567222595,
      "shape": [
        1536
      ],
      "numel": 1536
    },
    "out_proj.weight": {
      "mean": -8.483702004014049e-06,
      "std": 0.02839101105928421,
      "min": -0.1706175059080124,
      "max": 0.1740913689136505,
      "abs_mean": 0.023537591099739075,
      "shape": [
        768,
        1536
      ],
      "numel": 1179648
    }
  }
}