{
  "meta": {
    "step": 400,
    "layer_idx": 0,
    "timestamp": "20260324_123949"
  },
  "params": {
    "dt_bias": {
      "mean": -4.440771579742432,
      "std": 1.3712635040283203,
      "min": -6.619114875793457,
      "max": -2.395784854888916,
      "abs_mean": 4.440771579742432,
      "shape": [
        24
      ],
      "numel": 24
    },
    "A_log": {
      "mean": 1.8959145545959473,
      "std": 0.6048821806907654,
      "min": 0.40418747067451477,
      "max": 2.655489444732666,
      "abs_mean": 1.8959145545959473,
      "shape": [
        24
      ],
      "numel": 24
    },
    "D": {
      "mean": 0.977392852306366,
      "std": 0.009974000975489616,
      "min": 0.9611103534698486,
      "max": 0.9962821006774902,
      "abs_mean": 0.977392852306366,
      "shape": [
        24
      ],
      "numel": 24
    },
    "in_proj.weight": {
      "mean": -1.4057680346013512e-05,
      "std": 0.0250942874699831,
      "min": -0.10010992735624313,
      "max": 0.10570408403873444,
      "abs_mean": 0.02091999538242817,
      "shape": [
        3224,
        768
      ],
      "numel": 2476032
    },
    "conv1d.weight": {
      "mean": 0.00029353192076087,
      "std": 0.029886912554502487,
      "min": -0.13384981453418732,
      "max": 0.13137152791023254,
      "abs_mean": 0.02352641336619854,
      "shape": [
        1664,
        1,
        4
      ],
      "numel": 6656
    },
    "conv1d.bias": {
      "mean": -0.008419811725616455,
      "std": 0.28019919991493225,
      "min": -0.5060176253318787,
      "max": 0.4993712604045868,
      "abs_mean": 0.24245713651180267,
      "shape": [
        1664
      ],
      "numel": 1664
    },
    "norm.weight": {
      "mean": 0.9752242565155029,
      "std": 0.015042252838611603,
      "min": 0.932470977306366,
      "max": 1.0585911273956299,
      "abs_mean": 0.9752242565155029,
      "shape": [
        1536
      ],
      "numel": 1536
    },
    "out_proj.weight": {
      "mean": 9.309141205449123e-06,
      "std": 0.02998018078505993,
      "min": -0.12093784660100937,
      "max": 0.10353238880634308,
      "abs_mean": 0.025583812966942787,
      "shape": [
        768,
        1536
      ],
      "numel": 1179648
    }
  }
}