{
  "meta": {
    "step": 2000,
    "layer_idx": 0,
    "timestamp": "20260325_011639"
  },
  "params": {
    "dt_bias": {
      "mean": -4.2753987312316895,
      "std": 1.2176158428192139,
      "min": -6.257750511169434,
      "max": -2.5017781257629395,
      "abs_mean": 4.2753987312316895,
      "shape": [
        32
      ],
      "numel": 32
    },
    "A_log": {
      "mean": 1.6067547798156738,
      "std": 0.49105018377304077,
      "min": 0.3912256062030792,
      "max": 2.460705041885376,
      "abs_mean": 1.6067547798156738,
      "shape": [
        32
      ],
      "numel": 32
    },
    "D": {
      "mean": 0.9241495728492737,
      "std": 0.033444710075855255,
      "min": 0.8718652725219727,
      "max": 1.0188552141189575,
      "abs_mean": 0.9241495728492737,
      "shape": [
        32
      ],
      "numel": 32
    },
    "in_proj.weight": {
      "mean": 4.562989852274768e-05,
      "std": 0.02505328692495823,
      "min": -0.14174796640872955,
      "max": 0.1256759613752365,
      "abs_mean": 0.0203268900513649,
      "shape": [
        4256,
        1024
      ],
      "numel": 4358144
    },
    "conv1d.weight": {
      "mean": 0.00046655561891384423,
      "std": 0.0490267314016819,
      "min": -0.18568754196166992,
      "max": 0.18550412356853485,
      "abs_mean": 0.030163845047354698,
      "shape": [
        2176,
        1,
        4
      ],
      "numel": 8704
    },
    "conv1d.bias": {
      "mean": 0.007406894583255053,
      "std": 0.2546684741973877,
      "min": -0.5029754638671875,
      "max": 0.5134875178337097,
      "abs_mean": 0.22208240628242493,
      "shape": [
        2176
      ],
      "numel": 2176
    },
    "norm.weight": {
      "mean": 0.9278942346572876,
      "std": 0.02658446878194809,
      "min": 0.8301782011985779,
      "max": 1.0282708406448364,
      "abs_mean": 0.9278942346572876,
      "shape": [
        2048
      ],
      "numel": 2048
    },
    "out_proj.weight": {
      "mean": -1.810922367440071e-05,
      "std": 0.027307724580168724,
      "min": -0.12864744663238525,
      "max": 0.11684550344944,
      "abs_mean": 0.022829024121165276,
      "shape": [
        1024,
        2048
      ],
      "numel": 2097152
    }
  }
}