{
  "meta": {
    "step": 10000,
    "layer_idx": 31,
    "timestamp": "20260325_030533"
  },
  "params": {
    "dt_bias": {
      "mean": -3.4387660026550293,
      "std": 1.117832899093628,
      "min": -5.092290878295898,
      "max": -1.7246713638305664,
      "abs_mean": 3.4387660026550293,
      "shape": [
        32
      ],
      "numel": 32
    },
    "A_log": {
      "mean": 1.3603163957595825,
      "std": 0.44435882568359375,
      "min": 0.09825831651687622,
      "max": 1.955154299736023,
      "abs_mean": 1.3603163957595825,
      "shape": [
        32
      ],
      "numel": 32
    },
    "D": {
      "mean": 0.7174978256225586,
      "std": 0.029148288071155548,
      "min": 0.6584163308143616,
      "max": 0.8272294402122498,
      "abs_mean": 0.7174978256225586,
      "shape": [
        32
      ],
      "numel": 32
    },
    "in_proj.weight": {
      "mean": 5.0838669267250225e-05,
      "std": 0.016816027462482452,
      "min": -0.22645258903503418,
      "max": 0.19119617342948914,
      "abs_mean": 0.013931985944509506,
      "shape": [
        4256,
        1024
      ],
      "numel": 4358144
    },
    "conv1d.weight": {
      "mean": -7.973802712513134e-05,
      "std": 0.016643190756440163,
      "min": -0.08559177815914154,
      "max": 0.119933120906353,
      "abs_mean": 0.012659619562327862,
      "shape": [
        2176,
        1,
        4
      ],
      "numel": 8704
    },
    "conv1d.bias": {
      "mean": -0.0048321811482310295,
      "std": 0.20164740085601807,
      "min": -0.4286254942417145,
      "max": 0.4149431884288788,
      "abs_mean": 0.17082816362380981,
      "shape": [
        2176
      ],
      "numel": 2176
    },
    "norm.weight": {
      "mean": 0.6736735701560974,
      "std": 0.07514102756977081,
      "min": 0.4691573977470398,
      "max": 0.8188126087188721,
      "abs_mean": 0.6736735701560974,
      "shape": [
        2048
      ],
      "numel": 2048
    },
    "out_proj.weight": {
      "mean": -2.2876008642924717e-06,
      "std": 0.021638590842485428,
      "min": -0.09900746494531631,
      "max": 0.09685254842042923,
      "abs_mean": 0.017784256488084793,
      "shape": [
        1024,
        2048
      ],
      "numel": 2097152
    }
  }
}