{
  "meta": {
    "step": 3800,
    "layer_idx": 0,
    "timestamp": "20260324_124343"
  },
  "params": {
    "dt_bias": {
      "mean": -3.9425036907196045,
      "std": 1.165196418762207,
      "min": -5.701109409332275,
      "max": -2.110464096069336,
      "abs_mean": 3.9425036907196045,
      "shape": [
        24
      ],
      "numel": 24
    },
    "A_log": {
      "mean": 1.5451698303222656,
      "std": 0.48073336482048035,
      "min": 0.439066618680954,
      "max": 2.253784656524658,
      "abs_mean": 1.5451698303222656,
      "shape": [
        24
      ],
      "numel": 24
    },
    "D": {
      "mean": 0.8381232619285583,
      "std": 0.0566723607480526,
      "min": 0.7372162938117981,
      "max": 1.0106127262115479,
      "abs_mean": 0.8381232619285583,
      "shape": [
        24
      ],
      "numel": 24
    },
    "in_proj.weight": {
      "mean": -7.270743662957102e-05,
      "std": 0.03294086083769798,
      "min": -0.1633027344942093,
      "max": 0.16803374886512756,
      "abs_mean": 0.026415100321173668,
      "shape": [
        3224,
        768
      ],
      "numel": 2476032
    },
    "conv1d.weight": {
      "mean": -0.0001980723172891885,
      "std": 0.06321849673986435,
      "min": -0.19634349644184113,
      "max": 0.18498241901397705,
      "abs_mean": 0.0495542474091053,
      "shape": [
        1664,
        1,
        4
      ],
      "numel": 6656
    },
    "conv1d.bias": {
      "mean": -0.007349893916398287,
      "std": 0.2135544717311859,
      "min": -0.5098065137863159,
      "max": 0.5077567100524902,
      "abs_mean": 0.18584802746772766,
      "shape": [
        1664
      ],
      "numel": 1664
    },
    "norm.weight": {
      "mean": 0.8979241251945496,
      "std": 0.034242089837789536,
      "min": 0.68837970495224,
      "max": 0.9921618700027466,
      "abs_mean": 0.8979241251945496,
      "shape": [
        1536
      ],
      "numel": 1536
    },
    "out_proj.weight": {
      "mean": 1.4165503671392798e-05,
      "std": 0.03561052307486534,
      "min": -0.15802446007728577,
      "max": 0.1626868098974228,
      "abs_mean": 0.029070407152175903,
      "shape": [
        768,
        1536
      ],
      "numel": 1179648
    }
  }
}