{
  "meta": {
    "step": 2000,
    "layer_idx": 4,
    "timestamp": "20260324_124138"
  },
  "params": {
    "dt_bias": {
      "mean": -3.8144595623016357,
      "std": 1.2707583904266357,
      "min": -5.952537536621094,
      "max": -2.0677711963653564,
      "abs_mean": 3.8144595623016357,
      "shape": [
        24
      ],
      "numel": 24
    },
    "A_log": {
      "mean": 1.6739832162857056,
      "std": 0.5435860753059387,
      "min": 0.7030535340309143,
      "max": 2.423103094100952,
      "abs_mean": 1.6739832162857056,
      "shape": [
        24
      ],
      "numel": 24
    },
    "D": {
      "mean": 0.8959417343139648,
      "std": 0.014423823915421963,
      "min": 0.8725064396858215,
      "max": 0.9313103556632996,
      "abs_mean": 0.8959417343139648,
      "shape": [
        24
      ],
      "numel": 24
    },
    "in_proj.weight": {
      "mean": -6.349621253320947e-05,
      "std": 0.025705663487315178,
      "min": -0.12884946167469025,
      "max": 0.13518358767032623,
      "abs_mean": 0.021023588255047798,
      "shape": [
        3224,
        768
      ],
      "numel": 2476032
    },
    "conv1d.weight": {
      "mean": -0.00032993260538205504,
      "std": 0.02200942300260067,
      "min": -0.09683017432689667,
      "max": 0.08805801719427109,
      "abs_mean": 0.01707756333053112,
      "shape": [
        1664,
        1,
        4
      ],
      "numel": 6656
    },
    "conv1d.bias": {
      "mean": -0.004528779070824385,
      "std": 0.24681627750396729,
      "min": -0.47088390588760376,
      "max": 0.46416792273521423,
      "abs_mean": 0.20975396037101746,
      "shape": [
        1664
      ],
      "numel": 1664
    },
    "norm.weight": {
      "mean": 0.8504018783569336,
      "std": 0.04689094424247742,
      "min": 0.728029727935791,
      "max": 0.9993687868118286,
      "abs_mean": 0.8504018783569336,
      "shape": [
        1536
      ],
      "numel": 1536
    },
    "out_proj.weight": {
      "mean": 7.63973639550386e-06,
      "std": 0.028836537152528763,
      "min": -0.1431734561920166,
      "max": 0.1449001133441925,
      "abs_mean": 0.024145057424902916,
      "shape": [
        768,
        1536
      ],
      "numel": 1179648
    }
  }
}