{
  "meta": {
    "step": 10000,
    "layer_idx": 24,
    "timestamp": "20260325_030533"
  },
  "params": {
    "dt_bias": {
      "mean": -3.7846786975860596,
      "std": 0.9206955432891846,
      "min": -5.123173236846924,
      "max": -2.0273725986480713,
      "abs_mean": 3.7846786975860596,
      "shape": [
        32
      ],
      "numel": 32
    },
    "A_log": {
      "mean": 1.3348522186279297,
      "std": 0.6155223250389099,
      "min": 0.05628630146384239,
      "max": 2.1699812412261963,
      "abs_mean": 1.3348522186279297,
      "shape": [
        32
      ],
      "numel": 32
    },
    "D": {
      "mean": 0.7240340113639832,
      "std": 0.028848059475421906,
      "min": 0.661733865737915,
      "max": 0.8090493679046631,
      "abs_mean": 0.7240340113639832,
      "shape": [
        32
      ],
      "numel": 32
    },
    "in_proj.weight": {
      "mean": 5.594635695160832e-06,
      "std": 0.018656883388757706,
      "min": -0.17777492105960846,
      "max": 0.18940137326717377,
      "abs_mean": 0.0150870056822896,
      "shape": [
        4256,
        1024
      ],
      "numel": 4358144
    },
    "conv1d.weight": {
      "mean": 0.0004421179764904082,
      "std": 0.01803765259683132,
      "min": -0.09999065846204758,
      "max": 0.09259920567274094,
      "abs_mean": 0.013935884460806847,
      "shape": [
        2176,
        1,
        4
      ],
      "numel": 8704
    },
    "conv1d.bias": {
      "mean": -0.004721479490399361,
      "std": 0.20062442123889923,
      "min": -0.41376999020576477,
      "max": 0.40046119689941406,
      "abs_mean": 0.16851568222045898,
      "shape": [
        2176
      ],
      "numel": 2176
    },
    "norm.weight": {
      "mean": 0.6703886389732361,
      "std": 0.07360327988862991,
      "min": 0.4884921908378601,
      "max": 0.8186114430427551,
      "abs_mean": 0.6703886389732361,
      "shape": [
        2048
      ],
      "numel": 2048
    },
    "out_proj.weight": {
      "mean": 7.280826594069367e-06,
      "std": 0.02156468667089939,
      "min": -0.10029898583889008,
      "max": 0.10119639337062836,
      "abs_mean": 0.017696989700198174,
      "shape": [
        1024,
        2048
      ],
      "numel": 2097152
    }
  }
}