{
  "meta": {
    "step": 4600,
    "layer_idx": 0,
    "timestamp": "20260324_124443"
  },
  "params": {
    "dt_bias": {
      "mean": -3.9152486324310303,
      "std": 1.1568243503570557,
      "min": -5.658016204833984,
      "max": -2.092801570892334,
      "abs_mean": 3.9152486324310303,
      "shape": [
        24
      ],
      "numel": 24
    },
    "A_log": {
      "mean": 1.5313739776611328,
      "std": 0.4760727882385254,
      "min": 0.4349059462547302,
      "max": 2.2336678504943848,
      "abs_mean": 1.5313739776611328,
      "shape": [
        24
      ],
      "numel": 24
    },
    "D": {
      "mean": 0.8314908146858215,
      "std": 0.05669911205768585,
      "min": 0.731221616268158,
      "max": 1.0042824745178223,
      "abs_mean": 0.8314908146858215,
      "shape": [
        24
      ],
      "numel": 24
    },
    "in_proj.weight": {
      "mean": -7.327054481720552e-05,
      "std": 0.0328451544046402,
      "min": -0.16576525568962097,
      "max": 0.16408737003803253,
      "abs_mean": 0.02633003331720829,
      "shape": [
        3224,
        768
      ],
      "numel": 2476032
    },
    "conv1d.weight": {
      "mean": -0.00019648090528789908,
      "std": 0.06331085413694382,
      "min": -0.20072855055332184,
      "max": 0.18445542454719543,
      "abs_mean": 0.04969140514731407,
      "shape": [
        1664,
        1,
        4
      ],
      "numel": 6656
    },
    "conv1d.bias": {
      "mean": -0.007328107953071594,
      "std": 0.21129165589809418,
      "min": -0.5070793032646179,
      "max": 0.5048500299453735,
      "abs_mean": 0.18394216895103455,
      "shape": [
        1664
      ],
      "numel": 1664
    },
    "norm.weight": {
      "mean": 0.8912222385406494,
      "std": 0.03439435735344887,
      "min": 0.6790874600410461,
      "max": 0.9857823848724365,
      "abs_mean": 0.8912222385406494,
      "shape": [
        1536
      ],
      "numel": 1536
    },
    "out_proj.weight": {
      "mean": 1.684144626779016e-05,
      "std": 0.03545351326465607,
      "min": -0.15396443009376526,
      "max": 0.15986602008342743,
      "abs_mean": 0.028921812772750854,
      "shape": [
        768,
        1536
      ],
      "numel": 1179648
    }
  }
}