{
  "meta": {
    "step": 10000,
    "layer_idx": 22,
    "timestamp": "20260325_030533"
  },
  "params": {
    "dt_bias": {
      "mean": -3.3743703365325928,
      "std": 0.9043465256690979,
      "min": -4.899178504943848,
      "max": -1.8221163749694824,
      "abs_mean": 3.3743703365325928,
      "shape": [
        32
      ],
      "numel": 32
    },
    "A_log": {
      "mean": 1.404430866241455,
      "std": 0.4994226396083832,
      "min": 0.21569740772247314,
      "max": 2.0056896209716797,
      "abs_mean": 1.404430866241455,
      "shape": [
        32
      ],
      "numel": 32
    },
    "D": {
      "mean": 0.7262241244316101,
      "std": 0.03733795881271362,
      "min": 0.639549970626831,
      "max": 0.7955167293548584,
      "abs_mean": 0.7262241244316101,
      "shape": [
        32
      ],
      "numel": 32
    },
    "in_proj.weight": {
      "mean": 6.668236164841801e-05,
      "std": 0.02053842879831791,
      "min": -0.12305623292922974,
      "max": 0.1331000030040741,
      "abs_mean": 0.016391074284911156,
      "shape": [
        4256,
        1024
      ],
      "numel": 4358144
    },
    "conv1d.weight": {
      "mean": 0.00021910032955929637,
      "std": 0.017427543178200722,
      "min": -0.08130843937397003,
      "max": 0.08844771236181259,
      "abs_mean": 0.013506848365068436,
      "shape": [
        2176,
        1,
        4
      ],
      "numel": 8704
    },
    "conv1d.bias": {
      "mean": -0.0023053307086229324,
      "std": 0.18915754556655884,
      "min": -0.38878321647644043,
      "max": 0.4064329266548157,
      "abs_mean": 0.1573019027709961,
      "shape": [
        2176
      ],
      "numel": 2176
    },
    "norm.weight": {
      "mean": 0.6512486338615417,
      "std": 0.06422591954469681,
      "min": 0.5103907585144043,
      "max": 0.8066732287406921,
      "abs_mean": 0.6512486338615417,
      "shape": [
        2048
      ],
      "numel": 2048
    },
    "out_proj.weight": {
      "mean": -3.586092498153448e-05,
      "std": 0.021214976906776428,
      "min": -0.1014588326215744,
      "max": 0.10072457790374756,
      "abs_mean": 0.017435820773243904,
      "shape": [
        1024,
        2048
      ],
      "numel": 2097152
    }
  }
}