{
  "meta": {
    "step": 5000,
    "layer_idx": 20,
    "timestamp": "20260325_015736"
  },
  "params": {
    "dt_bias": {
      "mean": -3.8253934383392334,
      "std": 1.3688781261444092,
      "min": -5.735372066497803,
      "max": -1.9697256088256836,
      "abs_mean": 3.8253934383392334,
      "shape": [
        32
      ],
      "numel": 32
    },
    "A_log": {
      "mean": 1.7947916984558105,
      "std": 0.4479864239692688,
      "min": 0.11479170620441437,
      "max": 2.293842315673828,
      "abs_mean": 1.7947916984558105,
      "shape": [
        32
      ],
      "numel": 32
    },
    "D": {
      "mean": 0.8283202648162842,
      "std": 0.021768881008028984,
      "min": 0.7824289798736572,
      "max": 0.8667072057723999,
      "abs_mean": 0.8283202648162842,
      "shape": [
        32
      ],
      "numel": 32
    },
    "in_proj.weight": {
      "mean": 3.034292603842914e-06,
      "std": 0.020230157300829887,
      "min": -0.15176498889923096,
      "max": 0.13014259934425354,
      "abs_mean": 0.01654880680143833,
      "shape": [
        4256,
        1024
      ],
      "numel": 4358144
    },
    "conv1d.weight": {
      "mean": 0.0005719805485568941,
      "std": 0.016302142292261124,
      "min": -0.07569441944360733,
      "max": 0.06573965400457382,
      "abs_mean": 0.012752510607242584,
      "shape": [
        2176,
        1,
        4
      ],
      "numel": 8704
    },
    "conv1d.bias": {
      "mean": 0.0032477756030857563,
      "std": 0.2260480672121048,
      "min": -0.43804076313972473,
      "max": 0.4752082824707031,
      "abs_mean": 0.19252806901931763,
      "shape": [
        2176
      ],
      "numel": 2176
    },
    "norm.weight": {
      "mean": 0.7810057997703552,
      "std": 0.04693908989429474,
      "min": 0.6684468984603882,
      "max": 0.9058876037597656,
      "abs_mean": 0.7810057997703552,
      "shape": [
        2048
      ],
      "numel": 2048
    },
    "out_proj.weight": {
      "mean": -2.1891493815928698e-05,
      "std": 0.022885791957378387,
      "min": -0.08398663997650146,
      "max": 0.08145421743392944,
      "abs_mean": 0.01917378418147564,
      "shape": [
        1024,
        2048
      ],
      "numel": 2097152
    }
  }
}