{
  "meta": {
    "step": 2500,
    "layer_idx": 15,
    "timestamp": "20260324_215749"
  },
  "params": {
    "dt_bias": {
      "mean": -4.303766250610352,
      "std": 1.0255539417266846,
      "min": -5.856129169464111,
      "max": -2.311260938644409,
      "abs_mean": 4.303766250610352,
      "shape": [
        24
      ],
      "numel": 24
    },
    "A_log": {
      "mean": 1.5339703559875488,
      "std": 0.6704320907592773,
      "min": 0.17977160215377808,
      "max": 2.3890957832336426,
      "abs_mean": 1.5339703559875488,
      "shape": [
        24
      ],
      "numel": 24
    },
    "D": {
      "mean": 0.8637206554412842,
      "std": 0.018319474533200264,
      "min": 0.8344166278839111,
      "max": 0.8932886719703674,
      "abs_mean": 0.8637206554412842,
      "shape": [
        24
      ],
      "numel": 24
    },
    "in_proj.weight": {
      "mean": -6.300926997937495e-06,
      "std": 0.023112310096621513,
      "min": -0.12980307638645172,
      "max": 0.1249937042593956,
      "abs_mean": 0.0191562008112669,
      "shape": [
        3224,
        768
      ],
      "numel": 2476032
    },
    "conv1d.weight": {
      "mean": -0.0002302918874192983,
      "std": 0.018121860921382904,
      "min": -0.06848558038473129,
      "max": 0.08377496153116226,
      "abs_mean": 0.0140759302303195,
      "shape": [
        1664,
        1,
        4
      ],
      "numel": 6656
    },
    "conv1d.bias": {
      "mean": 0.010663862340152264,
      "std": 0.24294720590114594,
      "min": -0.460597962141037,
      "max": 0.4625447988510132,
      "abs_mean": 0.20660218596458435,
      "shape": [
        1664
      ],
      "numel": 1664
    },
    "norm.weight": {
      "mean": 0.8356124758720398,
      "std": 0.04316853731870651,
      "min": 0.7261698246002197,
      "max": 0.9283685684204102,
      "abs_mean": 0.8356124758720398,
      "shape": [
        1536
      ],
      "numel": 1536
    },
    "out_proj.weight": {
      "mean": -4.517853449215181e-05,
      "std": 0.028155405074357986,
      "min": -0.09107925742864609,
      "max": 0.094899483025074,
      "abs_mean": 0.023585503920912743,
      "shape": [
        768,
        1536
      ],
      "numel": 1179648
    }
  }
}