{
  "meta": {
    "step": 4000,
    "layer_idx": 7,
    "timestamp": "20260324_124401"
  },
  "params": {
    "dt_bias": {
      "mean": -3.941134214401245,
      "std": 1.3793023824691772,
      "min": -5.849625110626221,
      "max": -2.189054250717163,
      "abs_mean": 3.941134214401245,
      "shape": [
        24
      ],
      "numel": 24
    },
    "A_log": {
      "mean": 1.600390076637268,
      "std": 0.6580582857131958,
      "min": 0.21555423736572266,
      "max": 2.3224737644195557,
      "abs_mean": 1.600390076637268,
      "shape": [
        24
      ],
      "numel": 24
    },
    "D": {
      "mean": 0.8378612995147705,
      "std": 0.022367313504219055,
      "min": 0.7916885614395142,
      "max": 0.9031838178634644,
      "abs_mean": 0.8378612995147705,
      "shape": [
        24
      ],
      "numel": 24
    },
    "in_proj.weight": {
      "mean": -8.986591274151579e-05,
      "std": 0.02523040771484375,
      "min": -0.18949100375175476,
      "max": 0.18012860417366028,
      "abs_mean": 0.020396998152136803,
      "shape": [
        3224,
        768
      ],
      "numel": 2476032
    },
    "conv1d.weight": {
      "mean": -3.212709998479113e-05,
      "std": 0.025375090539455414,
      "min": -0.1333436816930771,
      "max": 0.13879169523715973,
      "abs_mean": 0.019390147179365158,
      "shape": [
        1664,
        1,
        4
      ],
      "numel": 6656
    },
    "conv1d.bias": {
      "mean": -0.0023291201796382666,
      "std": 0.23052366077899933,
      "min": -0.4315677285194397,
      "max": 0.4508000612258911,
      "abs_mean": 0.19499936699867249,
      "shape": [
        1664
      ],
      "numel": 1664
    },
    "norm.weight": {
      "mean": 0.7940052151679993,
      "std": 0.05205992981791496,
      "min": 0.6677480340003967,
      "max": 0.9488412737846375,
      "abs_mean": 0.7940052151679993,
      "shape": [
        1536
      ],
      "numel": 1536
    },
    "out_proj.weight": {
      "mean": -1.3559066246671136e-05,
      "std": 0.02812761627137661,
      "min": -0.18612073361873627,
      "max": 0.18753200769424438,
      "abs_mean": 0.02325155958533287,
      "shape": [
        768,
        1536
      ],
      "numel": 1179648
    }
  }
}