{
  "meta": {
    "step": 2600,
    "layer_idx": 0,
    "timestamp": "20260324_124220"
  },
  "params": {
    "dt_bias": {
      "mean": -4.037001609802246,
      "std": 1.1976146697998047,
      "min": -5.857229709625244,
      "max": -2.167909622192383,
      "abs_mean": 4.037001609802246,
      "shape": [
        24
      ],
      "numel": 24
    },
    "A_log": {
      "mean": 1.597112774848938,
      "std": 0.49903741478919983,
      "min": 0.4496362507343292,
      "max": 2.332531452178955,
      "abs_mean": 1.597112774848938,
      "shape": [
        24
      ],
      "numel": 24
    },
    "D": {
      "mean": 0.8618855476379395,
      "std": 0.05450327694416046,
      "min": 0.7648066282272339,
      "max": 1.0270068645477295,
      "abs_mean": 0.8618855476379395,
      "shape": [
        24
      ],
      "numel": 24
    },
    "in_proj.weight": {
      "mean": -6.570005643879995e-05,
      "std": 0.03271390497684479,
      "min": -0.1647445261478424,
      "max": 0.1666375696659088,
      "abs_mean": 0.026270680129528046,
      "shape": [
        3224,
        768
      ],
      "numel": 2476032
    },
    "conv1d.weight": {
      "mean": -0.00010940111678792164,
      "std": 0.06188708171248436,
      "min": -0.19635352492332458,
      "max": 0.19099654257297516,
      "abs_mean": 0.04768115654587746,
      "shape": [
        1664,
        1,
        4
      ],
      "numel": 6656
    },
    "conv1d.bias": {
      "mean": -0.007549103815108538,
      "std": 0.22259432077407837,
      "min": -0.5165367722511292,
      "max": 0.515369713306427,
      "abs_mean": 0.19357725977897644,
      "shape": [
        1664
      ],
      "numel": 1664
    },
    "norm.weight": {
      "mean": 0.918948233127594,
      "std": 0.03334101662039757,
      "min": 0.7255522012710571,
      "max": 1.01021146774292,
      "abs_mean": 0.918948233127594,
      "shape": [
        1536
      ],
      "numel": 1536
    },
    "out_proj.weight": {
      "mean": 1.2912205420434475e-05,
      "std": 0.03557192161679268,
      "min": -0.1611023098230362,
      "max": 0.15882064402103424,
      "abs_mean": 0.029131915420293808,
      "shape": [
        768,
        1536
      ],
      "numel": 1179648
    }
  }
}