{
  "meta": {
    "step": 3500,
    "layer_idx": 10,
    "timestamp": "20260324_124320"
  },
  "params": {
    "dt_bias": {
      "mean": -4.066704273223877,
      "std": 1.025888442993164,
      "min": -5.738103866577148,
      "max": -2.0660057067871094,
      "abs_mean": 4.066704273223877,
      "shape": [
        24
      ],
      "numel": 24
    },
    "A_log": {
      "mean": 1.865249514579773,
      "std": 0.4083782136440277,
      "min": 0.8835006952285767,
      "max": 2.3333256244659424,
      "abs_mean": 1.865249514579773,
      "shape": [
        24
      ],
      "numel": 24
    },
    "D": {
      "mean": 0.8438590168952942,
      "std": 0.02546057291328907,
      "min": 0.782927393913269,
      "max": 0.8940385580062866,
      "abs_mean": 0.8438590168952942,
      "shape": [
        24
      ],
      "numel": 24
    },
    "in_proj.weight": {
      "mean": -0.0001584245910635218,
      "std": 0.025014102458953857,
      "min": -0.18098638951778412,
      "max": 0.1493588387966156,
      "abs_mean": 0.020211834460496902,
      "shape": [
        3224,
        768
      ],
      "numel": 2476032
    },
    "conv1d.weight": {
      "mean": -0.00012806951417587698,
      "std": 0.019979797303676605,
      "min": -0.09060803055763245,
      "max": 0.11102169007062912,
      "abs_mean": 0.015498185530304909,
      "shape": [
        1664,
        1,
        4
      ],
      "numel": 6656
    },
    "conv1d.bias": {
      "mean": -0.009075229987502098,
      "std": 0.23619230091571808,
      "min": -0.45178452134132385,
      "max": 0.4519154131412506,
      "abs_mean": 0.20021837949752808,
      "shape": [
        1664
      ],
      "numel": 1664
    },
    "norm.weight": {
      "mean": 0.7925019264221191,
      "std": 0.06439673900604248,
      "min": 0.6591631770133972,
      "max": 0.9346230030059814,
      "abs_mean": 0.7925019264221191,
      "shape": [
        1536
      ],
      "numel": 1536
    },
    "out_proj.weight": {
      "mean": 1.5260193322319537e-05,
      "std": 0.028561417013406754,
      "min": -0.1776256412267685,
      "max": 0.18373075127601624,
      "abs_mean": 0.02353360317647457,
      "shape": [
        768,
        1536
      ],
      "numel": 1179648
    }
  }
}