{
  "meta": {
    "step": 4000,
    "layer_idx": 0,
    "timestamp": "20260325_014400"
  },
  "params": {
    "dt_bias": {
      "mean": -4.009900093078613,
      "std": 1.0833985805511475,
      "min": -5.712109565734863,
      "max": -2.3954856395721436,
      "abs_mean": 4.009900093078613,
      "shape": [
        32
      ],
      "numel": 32
    },
    "A_log": {
      "mean": 1.4506573677062988,
      "std": 0.43123745918273926,
      "min": 0.42082828283309937,
      "max": 2.2261781692504883,
      "abs_mean": 1.4506573677062988,
      "shape": [
        32
      ],
      "numel": 32
    },
    "D": {
      "mean": 0.8517907857894897,
      "std": 0.04304436594247818,
      "min": 0.775151789188385,
      "max": 0.9715471863746643,
      "abs_mean": 0.8517907857894897,
      "shape": [
        32
      ],
      "numel": 32
    },
    "in_proj.weight": {
      "mean": 5.6889315601438284e-05,
      "std": 0.028338519856333733,
      "min": -0.17219272255897522,
      "max": 0.16043803095817566,
      "abs_mean": 0.022764118388295174,
      "shape": [
        4256,
        1024
      ],
      "numel": 4358144
    },
    "conv1d.weight": {
      "mean": 0.000712359556928277,
      "std": 0.058099765330553055,
      "min": -0.2159522920846939,
      "max": 0.2110273391008377,
      "abs_mean": 0.03372057154774666,
      "shape": [
        2176,
        1,
        4
      ],
      "numel": 8704
    },
    "conv1d.bias": {
      "mean": 0.007911804132163525,
      "std": 0.22080644965171814,
      "min": -0.4835149347782135,
      "max": 0.5129854679107666,
      "abs_mean": 0.19107171893119812,
      "shape": [
        2176
      ],
      "numel": 2176
    },
    "norm.weight": {
      "mean": 0.8359174728393555,
      "std": 0.04414401948451996,
      "min": 0.6628718972206116,
      "max": 0.9558469653129578,
      "abs_mean": 0.8359174728393555,
      "shape": [
        2048
      ],
      "numel": 2048
    },
    "out_proj.weight": {
      "mean": -2.330583447474055e-05,
      "std": 0.02854318544268608,
      "min": -0.129208043217659,
      "max": 0.13301751017570496,
      "abs_mean": 0.023395244032144547,
      "shape": [
        1024,
        2048
      ],
      "numel": 2097152
    }
  }
}