{
  "meta": {
    "step": 3500,
    "layer_idx": 1,
    "timestamp": "20260324_124320"
  },
  "params": {
    "dt_bias": {
      "mean": -3.8190908432006836,
      "std": 1.1775354146957397,
      "min": -5.87796688079834,
      "max": -2.0857746601104736,
      "abs_mean": 3.8190908432006836,
      "shape": [
        24
      ],
      "numel": 24
    },
    "A_log": {
      "mean": 1.5114521980285645,
      "std": 0.5641854405403137,
      "min": 0.3608189821243286,
      "max": 2.367872476577759,
      "abs_mean": 1.5114521980285645,
      "shape": [
        24
      ],
      "numel": 24
    },
    "D": {
      "mean": 0.8581956028938293,
      "std": 0.02711273357272148,
      "min": 0.8105300664901733,
      "max": 0.9160451292991638,
      "abs_mean": 0.8581956028938293,
      "shape": [
        24
      ],
      "numel": 24
    },
    "in_proj.weight": {
      "mean": 6.1643791013921145e-06,
      "std": 0.03301311284303665,
      "min": -0.16376550495624542,
      "max": 0.1688660830259323,
      "abs_mean": 0.026502875611186028,
      "shape": [
        3224,
        768
      ],
      "numel": 2476032
    },
    "conv1d.weight": {
      "mean": 0.000383311475161463,
      "std": 0.055581845343112946,
      "min": -0.16455905139446259,
      "max": 0.15327569842338562,
      "abs_mean": 0.0462394580245018,
      "shape": [
        1664,
        1,
        4
      ],
      "numel": 6656
    },
    "conv1d.bias": {
      "mean": 0.0037371409125626087,
      "std": 0.22171029448509216,
      "min": -0.45547613501548767,
      "max": 0.4565533697605133,
      "abs_mean": 0.19100649654865265,
      "shape": [
        1664
      ],
      "numel": 1664
    },
    "norm.weight": {
      "mean": 0.9754568934440613,
      "std": 0.04739608243107796,
      "min": 0.6410483717918396,
      "max": 1.0763640403747559,
      "abs_mean": 0.9754568934440613,
      "shape": [
        1536
      ],
      "numel": 1536
    },
    "out_proj.weight": {
      "mean": -3.5409568226896226e-05,
      "std": 0.03786862641572952,
      "min": -0.16880188882350922,
      "max": 0.15366148948669434,
      "abs_mean": 0.030783304944634438,
      "shape": [
        768,
        1536
      ],
      "numel": 1179648
    }
  }
}