{
  "meta": {
    "step": 5000,
    "layer_idx": 13,
    "timestamp": "20260325_015736"
  },
  "params": {
    "dt_bias": {
      "mean": -3.7525806427001953,
      "std": 0.987597644329071,
      "min": -5.485941410064697,
      "max": -1.8385316133499146,
      "abs_mean": 3.7525806427001953,
      "shape": [
        32
      ],
      "numel": 32
    },
    "A_log": {
      "mean": 1.5471829175949097,
      "std": 0.635466456413269,
      "min": 0.06909029185771942,
      "max": 2.311741352081299,
      "abs_mean": 1.5471829175949097,
      "shape": [
        32
      ],
      "numel": 32
    },
    "D": {
      "mean": 0.8276261687278748,
      "std": 0.0187509935349226,
      "min": 0.7845817804336548,
      "max": 0.8681017756462097,
      "abs_mean": 0.8276261687278748,
      "shape": [
        32
      ],
      "numel": 32
    },
    "in_proj.weight": {
      "mean": 0.00012615711602848023,
      "std": 0.019947856664657593,
      "min": -0.19157013297080994,
      "max": 0.2119169384241104,
      "abs_mean": 0.016391536220908165,
      "shape": [
        4256,
        1024
      ],
      "numel": 4358144
    },
    "conv1d.weight": {
      "mean": -0.00025949900737032294,
      "std": 0.018598495051264763,
      "min": -0.06743600219488144,
      "max": 0.1288357526063919,
      "abs_mean": 0.01474169734865427,
      "shape": [
        2176,
        1,
        4
      ],
      "numel": 8704
    },
    "conv1d.bias": {
      "mean": 0.000646528322249651,
      "std": 0.2267407923936844,
      "min": -0.412179559469223,
      "max": 0.4672163128852844,
      "abs_mean": 0.19331368803977966,
      "shape": [
        2176
      ],
      "numel": 2176
    },
    "norm.weight": {
      "mean": 0.7953281402587891,
      "std": 0.030151015147566795,
      "min": 0.70058673620224,
      "max": 0.8959512710571289,
      "abs_mean": 0.7953281402587891,
      "shape": [
        2048
      ],
      "numel": 2048
    },
    "out_proj.weight": {
      "mean": 5.246070031716954e-07,
      "std": 0.022838028147816658,
      "min": -0.10177884250879288,
      "max": 0.09041419625282288,
      "abs_mean": 0.0192117877304554,
      "shape": [
        1024,
        2048
      ],
      "numel": 2097152
    }
  }
}