{
  "meta": {
    "step": 800,
    "layer_idx": 0,
    "timestamp": "20260324_124014"
  },
  "params": {
    "dt_bias": {
      "mean": -4.348389148712158,
      "std": 1.331861972808838,
      "min": -6.440915107727051,
      "max": -2.330383539199829,
      "abs_mean": 4.348389148712158,
      "shape": [
        24
      ],
      "numel": 24
    },
    "A_log": {
      "mean": 1.8160089254379272,
      "std": 0.5790650844573975,
      "min": 0.4182053506374359,
      "max": 2.5825133323669434,
      "abs_mean": 1.8160089254379272,
      "shape": [
        24
      ],
      "numel": 24
    },
    "D": {
      "mean": 0.948234498500824,
      "std": 0.025922564789652824,
      "min": 0.8993993997573853,
      "max": 1.0114847421646118,
      "abs_mean": 0.948234498500824,
      "shape": [
        24
      ],
      "numel": 24
    },
    "in_proj.weight": {
      "mean": -4.682493818108924e-05,
      "std": 0.02776455692946911,
      "min": -0.1278243064880371,
      "max": 0.1223033219575882,
      "abs_mean": 0.022676648572087288,
      "shape": [
        3224,
        768
      ],
      "numel": 2476032
    },
    "conv1d.weight": {
      "mean": 0.0002448571613058448,
      "std": 0.04227948188781738,
      "min": -0.15694959461688995,
      "max": 0.16915997862815857,
      "abs_mean": 0.0317499153316021,
      "shape": [
        1664,
        1,
        4
      ],
      "numel": 6656
    },
    "conv1d.bias": {
      "mean": -0.008670124225318432,
      "std": 0.2667727768421173,
      "min": -0.5045711398124695,
      "max": 0.5103150606155396,
      "abs_mean": 0.23154006898403168,
      "shape": [
        1664
      ],
      "numel": 1664
    },
    "norm.weight": {
      "mean": 0.9601678252220154,
      "std": 0.022866487503051758,
      "min": 0.8972458839416504,
      "max": 1.0541905164718628,
      "abs_mean": 0.9601678252220154,
      "shape": [
        1536
      ],
      "numel": 1536
    },
    "out_proj.weight": {
      "mean": 1.0095439392898697e-05,
      "std": 0.03140110522508621,
      "min": -0.12440897524356842,
      "max": 0.12869592010974884,
      "abs_mean": 0.026376288384199142,
      "shape": [
        768,
        1536
      ],
      "numel": 1179648
    }
  }
}