{
  "meta": {
    "step": 1500,
    "layer_idx": 9,
    "timestamp": "20260324_124103"
  },
  "params": {
    "dt_bias": {
      "mean": -4.05811071395874,
      "std": 1.2552177906036377,
      "min": -6.14974308013916,
      "max": -2.192776918411255,
      "abs_mean": 4.05811071395874,
      "shape": [
        24
      ],
      "numel": 24
    },
    "A_log": {
      "mean": 1.6340065002441406,
      "std": 0.6389442682266235,
      "min": 0.6796167492866516,
      "max": 2.5491061210632324,
      "abs_mean": 1.6340065002441406,
      "shape": [
        24
      ],
      "numel": 24
    },
    "D": {
      "mean": 0.9150205254554749,
      "std": 0.018779616802930832,
      "min": 0.8681168556213379,
      "max": 0.957842230796814,
      "abs_mean": 0.9150205254554749,
      "shape": [
        24
      ],
      "numel": 24
    },
    "in_proj.weight": {
      "mean": -7.023006037343293e-05,
      "std": 0.023837514221668243,
      "min": -0.11615438014268875,
      "max": 0.11969052255153656,
      "abs_mean": 0.01983647793531418,
      "shape": [
        3224,
        768
      ],
      "numel": 2476032
    },
    "conv1d.weight": {
      "mean": -0.00022782829182688147,
      "std": 0.017581257969141006,
      "min": -0.07562663406133652,
      "max": 0.0668729841709137,
      "abs_mean": 0.013849617913365364,
      "shape": [
        1664,
        1,
        4
      ],
      "numel": 6656
    },
    "conv1d.bias": {
      "mean": -0.0007476974278688431,
      "std": 0.26110365986824036,
      "min": -0.48175156116485596,
      "max": 0.48557552695274353,
      "abs_mean": 0.22477462887763977,
      "shape": [
        1664
      ],
      "numel": 1664
    },
    "norm.weight": {
      "mean": 0.8841328620910645,
      "std": 0.044740401208400726,
      "min": 0.7693173289299011,
      "max": 0.9830278158187866,
      "abs_mean": 0.8841328620910645,
      "shape": [
        1536
      ],
      "numel": 1536
    },
    "out_proj.weight": {
      "mean": 1.1446156349848025e-05,
      "std": 0.028988905251026154,
      "min": -0.12000977247953415,
      "max": 0.11366019397974014,
      "abs_mean": 0.02442632056772709,
      "shape": [
        768,
        1536
      ],
      "numel": 1179648
    }
  }
}