{
  "meta": {
    "step": 3000,
    "layer_idx": 5,
    "timestamp": "20260324_124247"
  },
  "params": {
    "dt_bias": {
      "mean": -4.217010021209717,
      "std": 1.0709196329116821,
      "min": -5.875856876373291,
      "max": -2.6988582611083984,
      "abs_mean": 4.217010021209717,
      "shape": [
        24
      ],
      "numel": 24
    },
    "A_log": {
      "mean": 1.8034921884536743,
      "std": 0.4145844578742981,
      "min": 0.8426708579063416,
      "max": 2.3356940746307373,
      "abs_mean": 1.8034921884536743,
      "shape": [
        24
      ],
      "numel": 24
    },
    "D": {
      "mean": 0.8613037467002869,
      "std": 0.017286095768213272,
      "min": 0.821088969707489,
      "max": 0.9165971875190735,
      "abs_mean": 0.8613037467002869,
      "shape": [
        24
      ],
      "numel": 24
    },
    "in_proj.weight": {
      "mean": -0.00013811446842737496,
      "std": 0.02569085918366909,
      "min": -0.16648687422275543,
      "max": 0.16277872025966644,
      "abs_mean": 0.020843788981437683,
      "shape": [
        3224,
        768
      ],
      "numel": 2476032
    },
    "conv1d.weight": {
      "mean": 7.831472612451762e-05,
      "std": 0.025997931137681007,
      "min": -0.14229300618171692,
      "max": 0.10295766592025757,
      "abs_mean": 0.020300913602113724,
      "shape": [
        1664,
        1,
        4
      ],
      "numel": 6656
    },
    "conv1d.bias": {
      "mean": -0.0028338150586932898,
      "std": 0.23403872549533844,
      "min": -0.4421496093273163,
      "max": 0.44780585169792175,
      "abs_mean": 0.19798913598060608,
      "shape": [
        1664
      ],
      "numel": 1664
    },
    "norm.weight": {
      "mean": 0.8160107731819153,
      "std": 0.05287230387330055,
      "min": 0.7036409378051758,
      "max": 0.9681869149208069,
      "abs_mean": 0.8160107731819153,
      "shape": [
        1536
      ],
      "numel": 1536
    },
    "out_proj.weight": {
      "mean": 9.188082003674936e-06,
      "std": 0.028578104451298714,
      "min": -0.1752689927816391,
      "max": 0.18109680712223053,
      "abs_mean": 0.023701343685388565,
      "shape": [
        768,
        1536
      ],
      "numel": 1179648
    }
  }
}