{
  "meta": {
    "step": 1000,
    "layer_idx": 0,
    "timestamp": "20260324_124030"
  },
  "params": {
    "dt_bias": {
      "mean": -4.303004741668701,
      "std": 1.313575029373169,
      "min": -6.361135482788086,
      "max": -2.302777051925659,
      "abs_mean": 4.303004741668701,
      "shape": [
        24
      ],
      "numel": 24
    },
    "A_log": {
      "mean": 1.7841978073120117,
      "std": 0.5679365992546082,
      "min": 0.4253416955471039,
      "max": 2.545743465423584,
      "abs_mean": 1.7841978073120117,
      "shape": [
        24
      ],
      "numel": 24
    },
    "D": {
      "mean": 0.9360341429710388,
      "std": 0.031095029786229134,
      "min": 0.8789417743682861,
      "max": 1.0163675546646118,
      "abs_mean": 0.9360341429710388,
      "shape": [
        24
      ],
      "numel": 24
    },
    "in_proj.weight": {
      "mean": -3.916874993592501e-05,
      "std": 0.02873939834535122,
      "min": -0.14108578860759735,
      "max": 0.13140124082565308,
      "abs_mean": 0.023363029584288597,
      "shape": [
        3224,
        768
      ],
      "numel": 2476032
    },
    "conv1d.weight": {
      "mean": 0.0002292218414368108,
      "std": 0.04613600671291351,
      "min": -0.1730065643787384,
      "max": 0.18457290530204773,
      "abs_mean": 0.03416942059993744,
      "shape": [
        1664,
        1,
        4
      ],
      "numel": 6656
    },
    "conv1d.bias": {
      "mean": -0.008658336475491524,
      "std": 0.2605169117450714,
      "min": -0.5046948790550232,
      "max": 0.5095945596694946,
      "abs_mean": 0.2262839674949646,
      "shape": [
        1664
      ],
      "numel": 1664
    },
    "norm.weight": {
      "mean": 0.9537317752838135,
      "std": 0.0252903550863266,
      "min": 0.8786658644676208,
      "max": 1.04293692111969,
      "abs_mean": 0.9537317752838135,
      "shape": [
        1536
      ],
      "numel": 1536
    },
    "out_proj.weight": {
      "mean": 1.1616818483162206e-05,
      "std": 0.03214616701006889,
      "min": -0.12595149874687195,
      "max": 0.13535164296627045,
      "abs_mean": 0.02684744819998741,
      "shape": [
        768,
        1536
      ],
      "numel": 1179648
    }
  }
}