{
  "meta": {
    "step": 4500,
    "layer_idx": 7,
    "timestamp": "20260324_124435"
  },
  "params": {
    "dt_bias": {
      "mean": -3.923370122909546,
      "std": 1.3725721836090088,
      "min": -5.821943283081055,
      "max": -2.1799533367156982,
      "abs_mean": 3.923370122909546,
      "shape": [
        24
      ],
      "numel": 24
    },
    "A_log": {
      "mean": 1.5906988382339478,
      "std": 0.6549056172370911,
      "min": 0.2106734812259674,
      "max": 2.306846857070923,
      "abs_mean": 1.5906988382339478,
      "shape": [
        24
      ],
      "numel": 24
    },
    "D": {
      "mean": 0.8348780274391174,
      "std": 0.02108047530055046,
      "min": 0.7901690006256104,
      "max": 0.8992958664894104,
      "abs_mean": 0.8348780274391174,
      "shape": [
        24
      ],
      "numel": 24
    },
    "in_proj.weight": {
      "mean": -9.092838445212692e-05,
      "std": 0.02534356527030468,
      "min": -0.18984128534793854,
      "max": 0.18359977006912231,
      "abs_mean": 0.02045276202261448,
      "shape": [
        3224,
        768
      ],
      "numel": 2476032
    },
    "conv1d.weight": {
      "mean": -4.55027911812067e-05,
      "std": 0.02641739323735237,
      "min": -0.13862603902816772,
      "max": 0.14370515942573547,
      "abs_mean": 0.02009965293109417,
      "shape": [
        1664,
        1,
        4
      ],
      "numel": 6656
    },
    "conv1d.bias": {
      "mean": -0.002260014647617936,
      "std": 0.22862982749938965,
      "min": -0.4287770688533783,
      "max": 0.4451361894607544,
      "abs_mean": 0.1932033747434616,
      "shape": [
        1664
      ],
      "numel": 1664
    },
    "norm.weight": {
      "mean": 0.7903489470481873,
      "std": 0.05174379423260689,
      "min": 0.6645603775978088,
      "max": 0.9579547643661499,
      "abs_mean": 0.7903489470481873,
      "shape": [
        1536
      ],
      "numel": 1536
    },
    "out_proj.weight": {
      "mean": -1.3950335414847359e-05,
      "std": 0.028038863092660904,
      "min": -0.18854117393493652,
      "max": 0.18846982717514038,
      "abs_mean": 0.02317199856042862,
      "shape": [
        768,
        1536
      ],
      "numel": 1179648
    }
  }
}