{
  "meta": {
    "step": 2500,
    "layer_idx": 3,
    "timestamp": "20260324_124213"
  },
  "params": {
    "dt_bias": {
      "mean": -3.559393882751465,
      "std": 1.053505539894104,
      "min": -5.776714324951172,
      "max": -2.1740329265594482,
      "abs_mean": 3.559393882751465,
      "shape": [
        24
      ],
      "numel": 24
    },
    "A_log": {
      "mean": 1.3484702110290527,
      "std": 0.7310202717781067,
      "min": 0.0936288982629776,
      "max": 2.4024622440338135,
      "abs_mean": 1.3484702110290527,
      "shape": [
        24
      ],
      "numel": 24
    },
    "D": {
      "mean": 0.8777016997337341,
      "std": 0.011297063902020454,
      "min": 0.8614288568496704,
      "max": 0.9088413119316101,
      "abs_mean": 0.8777016997337341,
      "shape": [
        24
      ],
      "numel": 24
    },
    "in_proj.weight": {
      "mean": -2.370181209698785e-05,
      "std": 0.028734635561704636,
      "min": -0.15049883723258972,
      "max": 0.1613345742225647,
      "abs_mean": 0.023189399391412735,
      "shape": [
        3224,
        768
      ],
      "numel": 2476032
    },
    "conv1d.weight": {
      "mean": -3.961134279961698e-05,
      "std": 0.029980093240737915,
      "min": -0.1217305138707161,
      "max": 0.11930607259273529,
      "abs_mean": 0.023961631581187248,
      "shape": [
        1664,
        1,
        4
      ],
      "numel": 6656
    },
    "conv1d.bias": {
      "mean": 0.0005202626343816519,
      "std": 0.23945781588554382,
      "min": -0.4606515169143677,
      "max": 0.47629284858703613,
      "abs_mean": 0.20379525423049927,
      "shape": [
        1664
      ],
      "numel": 1664
    },
    "norm.weight": {
      "mean": 0.8447928428649902,
      "std": 0.04804369434714317,
      "min": 0.7146998643875122,
      "max": 0.9742218852043152,
      "abs_mean": 0.8447928428649902,
      "shape": [
        1536
      ],
      "numel": 1536
    },
    "out_proj.weight": {
      "mean": 3.769158502109349e-05,
      "std": 0.030446160584688187,
      "min": -0.1523570716381073,
      "max": 0.15414315462112427,
      "abs_mean": 0.025168756023049355,
      "shape": [
        768,
        1536
      ],
      "numel": 1179648
    }
  }
}