{
  "meta": {
    "step": 4500,
    "layer_idx": 14,
    "timestamp": "20260324_124435"
  },
  "params": {
    "dt_bias": {
      "mean": -3.707343816757202,
      "std": 1.1292741298675537,
      "min": -5.825802803039551,
      "max": -2.0226995944976807,
      "abs_mean": 3.707343816757202,
      "shape": [
        24
      ],
      "numel": 24
    },
    "A_log": {
      "mean": 1.4408048391342163,
      "std": 0.7461170554161072,
      "min": 0.07265327125787735,
      "max": 2.281210422515869,
      "abs_mean": 1.4408048391342163,
      "shape": [
        24
      ],
      "numel": 24
    },
    "D": {
      "mean": 0.8306555151939392,
      "std": 0.025118859484791756,
      "min": 0.7772742509841919,
      "max": 0.8910573124885559,
      "abs_mean": 0.8306555151939392,
      "shape": [
        24
      ],
      "numel": 24
    },
    "in_proj.weight": {
      "mean": -0.0001546767889522016,
      "std": 0.023284606635570526,
      "min": -0.14680428802967072,
      "max": 0.146153062582016,
      "abs_mean": 0.01910628005862236,
      "shape": [
        3224,
        768
      ],
      "numel": 2476032
    },
    "conv1d.weight": {
      "mean": 8.756846364121884e-05,
      "std": 0.01897697150707245,
      "min": -0.10860730707645416,
      "max": 0.08065535128116608,
      "abs_mean": 0.014688679948449135,
      "shape": [
        1664,
        1,
        4
      ],
      "numel": 6656
    },
    "conv1d.bias": {
      "mean": 0.001130108954384923,
      "std": 0.232927143573761,
      "min": -0.45593681931495667,
      "max": 0.47107645869255066,
      "abs_mean": 0.19563569128513336,
      "shape": [
        1664
      ],
      "numel": 1664
    },
    "norm.weight": {
      "mean": 0.7794368863105774,
      "std": 0.06365378946065903,
      "min": 0.5876989364624023,
      "max": 0.9016545414924622,
      "abs_mean": 0.7794368863105774,
      "shape": [
        1536
      ],
      "numel": 1536
    },
    "out_proj.weight": {
      "mean": 1.9648176021291874e-05,
      "std": 0.028386056423187256,
      "min": -0.18480898439884186,
      "max": 0.1876162886619568,
      "abs_mean": 0.023345280438661575,
      "shape": [
        768,
        1536
      ],
      "numel": 1179648
    }
  }
}