{
  "meta": {
    "step": 500,
    "layer_idx": 8,
    "timestamp": "20260324_123955"
  },
  "params": {
    "dt_bias": {
      "mean": -4.520403861999512,
      "std": 1.3508352041244507,
      "min": -6.563249588012695,
      "max": -2.3752903938293457,
      "abs_mean": 4.520403861999512,
      "shape": [
        24
      ],
      "numel": 24
    },
    "A_log": {
      "mean": 2.0792911052703857,
      "std": 0.6967890858650208,
      "min": 0.027537906542420387,
      "max": 2.688441514968872,
      "abs_mean": 2.0792911052703857,
      "shape": [
        24
      ],
      "numel": 24
    },
    "D": {
      "mean": 0.9721419215202332,
      "std": 0.009177432395517826,
      "min": 0.9461873173713684,
      "max": 0.9877117872238159,
      "abs_mean": 0.9721419215202332,
      "shape": [
        24
      ],
      "numel": 24
    },
    "in_proj.weight": {
      "mean": -5.250458707450889e-05,
      "std": 0.022859450429677963,
      "min": -0.07682843506336212,
      "max": 0.08079204708337784,
      "abs_mean": 0.01950284279882908,
      "shape": [
        3224,
        768
      ],
      "numel": 2476032
    },
    "conv1d.weight": {
      "mean": -5.733652142225765e-05,
      "std": 0.017354851588606834,
      "min": -0.045480743050575256,
      "max": 0.04387998953461647,
      "abs_mean": 0.014553212560713291,
      "shape": [
        1664,
        1,
        4
      ],
      "numel": 6656
    },
    "conv1d.bias": {
      "mean": -0.0006040956359356642,
      "std": 0.2779063880443573,
      "min": -0.5000491738319397,
      "max": 0.4910182058811188,
      "abs_mean": 0.23909911513328552,
      "shape": [
        1664
      ],
      "numel": 1664
    },
    "norm.weight": {
      "mean": 0.9622346758842468,
      "std": 0.018842823803424835,
      "min": 0.9085246920585632,
      "max": 1.013296127319336,
      "abs_mean": 0.9622346758842468,
      "shape": [
        1536
      ],
      "numel": 1536
    },
    "out_proj.weight": {
      "mean": 2.5099097911152057e-06,
      "std": 0.029104037210345268,
      "min": -0.08033391088247299,
      "max": 0.0798817053437233,
      "abs_mean": 0.02502485364675522,
      "shape": [
        768,
        1536
      ],
      "numel": 1179648
    }
  }
}