{
  "meta": {
    "step": 3900,
    "layer_idx": 0,
    "timestamp": "20260324_124350"
  },
  "params": {
    "dt_bias": {
      "mean": -3.9380428791046143,
      "std": 1.1637543439865112,
      "min": -5.6937479972839355,
      "max": -2.1077237129211426,
      "abs_mean": 3.9380428791046143,
      "shape": [
        24
      ],
      "numel": 24
    },
    "A_log": {
      "mean": 1.542694091796875,
      "std": 0.4796437621116638,
      "min": 0.438710480928421,
      "max": 2.2490313053131104,
      "abs_mean": 1.542694091796875,
      "shape": [
        24
      ],
      "numel": 24
    },
    "D": {
      "mean": 0.8369867205619812,
      "std": 0.05673149973154068,
      "min": 0.736638069152832,
      "max": 1.0100469589233398,
      "abs_mean": 0.8369867205619812,
      "shape": [
        24
      ],
      "numel": 24
    },
    "in_proj.weight": {
      "mean": -7.267417095135897e-05,
      "std": 0.03293032571673393,
      "min": -0.16266529262065887,
      "max": 0.16711854934692383,
      "abs_mean": 0.026405081152915955,
      "shape": [
        3224,
        768
      ],
      "numel": 2476032
    },
    "conv1d.weight": {
      "mean": -0.00020151285571046174,
      "std": 0.06324375420808792,
      "min": -0.19720420241355896,
      "max": 0.18563182651996613,
      "abs_mean": 0.04957663267850876,
      "shape": [
        1664,
        1,
        4
      ],
      "numel": 6656
    },
    "conv1d.bias": {
      "mean": -0.007367847021669149,
      "std": 0.21315166354179382,
      "min": -0.5093830823898315,
      "max": 0.5071641206741333,
      "abs_mean": 0.18551237881183624,
      "shape": [
        1664
      ],
      "numel": 1664
    },
    "norm.weight": {
      "mean": 0.8967900276184082,
      "std": 0.03430040553212166,
      "min": 0.686396062374115,
      "max": 0.9910735487937927,
      "abs_mean": 0.8967900276184082,
      "shape": [
        1536
      ],
      "numel": 1536
    },
    "out_proj.weight": {
      "mean": 1.515007625130238e-05,
      "std": 0.03558899834752083,
      "min": -0.15771064162254333,
      "max": 0.16094550490379333,
      "abs_mean": 0.029048535972833633,
      "shape": [
        768,
        1536
      ],
      "numel": 1179648
    }
  }
}