{
  "meta": {
    "step": 4500,
    "layer_idx": 5,
    "timestamp": "20260324_124435"
  },
  "params": {
    "dt_bias": {
      "mean": -4.1197190284729,
      "std": 1.0475525856018066,
      "min": -5.742187023162842,
      "max": -2.6385040283203125,
      "abs_mean": 4.1197190284729,
      "shape": [
        24
      ],
      "numel": 24
    },
    "A_log": {
      "mean": 1.7601146697998047,
      "std": 0.4082674980163574,
      "min": 0.8243036866188049,
      "max": 2.2862672805786133,
      "abs_mean": 1.7601146697998047,
      "shape": [
        24
      ],
      "numel": 24
    },
    "D": {
      "mean": 0.8413696885108948,
      "std": 0.018519243225455284,
      "min": 0.7953320145606995,
      "max": 0.8942883610725403,
      "abs_mean": 0.8413696885108948,
      "shape": [
        24
      ],
      "numel": 24
    },
    "in_proj.weight": {
      "mean": -0.00014414428733289242,
      "std": 0.026523755863308907,
      "min": -0.17206473648548126,
      "max": 0.17040710151195526,
      "abs_mean": 0.02134193666279316,
      "shape": [
        3224,
        768
      ],
      "numel": 2476032
    },
    "conv1d.weight": {
      "mean": 0.00017235630366485566,
      "std": 0.0332518108189106,
      "min": -0.15892721712589264,
      "max": 0.16382376849651337,
      "abs_mean": 0.025691168382763863,
      "shape": [
        1664,
        1,
        4
      ],
      "numel": 6656
    },
    "conv1d.bias": {
      "mean": -0.0023485561832785606,
      "std": 0.22724363207817078,
      "min": -0.42958223819732666,
      "max": 0.43087291717529297,
      "abs_mean": 0.19174835085868835,
      "shape": [
        1664
      ],
      "numel": 1664
    },
    "norm.weight": {
      "mean": 0.8018143177032471,
      "std": 0.05633184686303139,
      "min": 0.689844012260437,
      "max": 1.0299891233444214,
      "abs_mean": 0.8018143177032471,
      "shape": [
        1536
      ],
      "numel": 1536
    },
    "out_proj.weight": {
      "mean": 9.559947102388833e-06,
      "std": 0.02861417457461357,
      "min": -0.1965254694223404,
      "max": 0.2019835114479065,
      "abs_mean": 0.023606060072779655,
      "shape": [
        768,
        1536
      ],
      "numel": 1179648
    }
  }
}