{
  "meta": {
    "step": 5000,
    "layer_idx": 11,
    "timestamp": "20260324_220629"
  },
  "params": {
    "dt_bias": {
      "mean": -3.61275577545166,
      "std": 0.9468109607696533,
      "min": -4.951735019683838,
      "max": -1.8327957391738892,
      "abs_mean": 3.61275577545166,
      "shape": [
        24
      ],
      "numel": 24
    },
    "A_log": {
      "mean": 1.572045922279358,
      "std": 0.43373122811317444,
      "min": 0.5116400718688965,
      "max": 2.0991127490997314,
      "abs_mean": 1.572045922279358,
      "shape": [
        24
      ],
      "numel": 24
    },
    "D": {
      "mean": 0.7707119584083557,
      "std": 0.030659500509500504,
      "min": 0.708553671836853,
      "max": 0.8296524286270142,
      "abs_mean": 0.7707119584083557,
      "shape": [
        24
      ],
      "numel": 24
    },
    "in_proj.weight": {
      "mean": -0.00012996859732083976,
      "std": 0.02421879954636097,
      "min": -0.17861586809158325,
      "max": 0.163831889629364,
      "abs_mean": 0.019537994638085365,
      "shape": [
        3224,
        768
      ],
      "numel": 2476032
    },
    "conv1d.weight": {
      "mean": -0.00028898948221467435,
      "std": 0.02056020498275757,
      "min": -0.08908282220363617,
      "max": 0.10035360604524612,
      "abs_mean": 0.015568200498819351,
      "shape": [
        1664,
        1,
        4
      ],
      "numel": 6656
    },
    "conv1d.bias": {
      "mean": -0.0055419630371034145,
      "std": 0.20846930146217346,
      "min": -0.4442393183708191,
      "max": 0.40807294845581055,
      "abs_mean": 0.17522794008255005,
      "shape": [
        1664
      ],
      "numel": 1664
    },
    "norm.weight": {
      "mean": 0.7254418730735779,
      "std": 0.049819979816675186,
      "min": 0.5750938057899475,
      "max": 0.8671985268592834,
      "abs_mean": 0.7254418730735779,
      "shape": [
        1536
      ],
      "numel": 1536
    },
    "out_proj.weight": {
      "mean": -1.825919571274426e-05,
      "std": 0.02656584419310093,
      "min": -0.10529248416423798,
      "max": 0.11014838516712189,
      "abs_mean": 0.02189820446074009,
      "shape": [
        768,
        1536
      ],
      "numel": 1179648
    }
  }
}