{
  "meta": {
    "step": 1000,
    "layer_idx": 11,
    "timestamp": "20260324_124030"
  },
  "params": {
    "dt_bias": {
      "mean": -4.230011463165283,
      "std": 1.2596219778060913,
      "min": -6.485093116760254,
      "max": -2.309741497039795,
      "abs_mean": 4.230011463165283,
      "shape": [
        24
      ],
      "numel": 24
    },
    "A_log": {
      "mean": 1.8413139581680298,
      "std": 0.6299694776535034,
      "min": 0.2626667618751526,
      "max": 2.511650323867798,
      "abs_mean": 1.8413139581680298,
      "shape": [
        24
      ],
      "numel": 24
    },
    "D": {
      "mean": 0.9442455768585205,
      "std": 0.010483318008482456,
      "min": 0.9165401458740234,
      "max": 0.9648084044456482,
      "abs_mean": 0.9442455768585205,
      "shape": [
        24
      ],
      "numel": 24
    },
    "in_proj.weight": {
      "mean": -6.106848013587296e-05,
      "std": 0.023437945172190666,
      "min": -0.09352600574493408,
      "max": 0.09348350763320923,
      "abs_mean": 0.019722606986761093,
      "shape": [
        3224,
        768
      ],
      "numel": 2476032
    },
    "conv1d.weight": {
      "mean": 5.088923353468999e-05,
      "std": 0.017145641148090363,
      "min": -0.05570061877369881,
      "max": 0.056126344949007034,
      "abs_mean": 0.013883093371987343,
      "shape": [
        1664,
        1,
        4
      ],
      "numel": 6656
    },
    "conv1d.bias": {
      "mean": -0.0022635345812886953,
      "std": 0.26702576875686646,
      "min": -0.49647924304008484,
      "max": 0.49258506298065186,
      "abs_mean": 0.2280585616827011,
      "shape": [
        1664
      ],
      "numel": 1664
    },
    "norm.weight": {
      "mean": 0.9218041896820068,
      "std": 0.03388705104589462,
      "min": 0.824199914932251,
      "max": 0.9928604364395142,
      "abs_mean": 0.9218041896820068,
      "shape": [
        1536
      ],
      "numel": 1536
    },
    "out_proj.weight": {
      "mean": 3.1403008051711367e-06,
      "std": 0.029182936996221542,
      "min": -0.09682381898164749,
      "max": 0.09708042442798615,
      "abs_mean": 0.02479906752705574,
      "shape": [
        768,
        1536
      ],
      "numel": 1179648
    }
  }
}