{
  "meta": {
    "step": 2500,
    "layer_idx": 5,
    "timestamp": "20260324_124213"
  },
  "params": {
    "dt_bias": {
      "mean": -4.280959129333496,
      "std": 1.0864390134811401,
      "min": -5.964218616485596,
      "max": -2.741969108581543,
      "abs_mean": 4.280959129333496,
      "shape": [
        24
      ],
      "numel": 24
    },
    "A_log": {
      "mean": 1.8279813528060913,
      "std": 0.42099592089653015,
      "min": 0.8483275175094604,
      "max": 2.3654167652130127,
      "abs_mean": 1.8279813528060913,
      "shape": [
        24
      ],
      "numel": 24
    },
    "D": {
      "mean": 0.8735261559486389,
      "std": 0.01878422312438488,
      "min": 0.8284326791763306,
      "max": 0.929573655128479,
      "abs_mean": 0.8735261559486389,
      "shape": [
        24
      ],
      "numel": 24
    },
    "in_proj.weight": {
      "mean": -0.00013506101095117629,
      "std": 0.02521052025258541,
      "min": -0.15583239495754242,
      "max": 0.1535017043352127,
      "abs_mean": 0.020568551495671272,
      "shape": [
        3224,
        768
      ],
      "numel": 2476032
    },
    "conv1d.weight": {
      "mean": 5.180713924346492e-05,
      "std": 0.023082872852683067,
      "min": -0.1383233666419983,
      "max": 0.11321102827787399,
      "abs_mean": 0.018076393753290176,
      "shape": [
        1664,
        1,
        4
      ],
      "numel": 6656
    },
    "conv1d.bias": {
      "mean": -0.0028888920787721872,
      "std": 0.23826341331005096,
      "min": -0.45314082503318787,
      "max": 0.45722782611846924,
      "abs_mean": 0.20169733464717865,
      "shape": [
        1664
      ],
      "numel": 1664
    },
    "norm.weight": {
      "mean": 0.8294181227684021,
      "std": 0.04955729842185974,
      "min": 0.7186751961708069,
      "max": 0.9486770629882812,
      "abs_mean": 0.8294181227684021,
      "shape": [
        1536
      ],
      "numel": 1536
    },
    "out_proj.weight": {
      "mean": 9.470061741012614e-06,
      "std": 0.028534788638353348,
      "min": -0.1605895757675171,
      "max": 0.16584505140781403,
      "abs_mean": 0.023779993876814842,
      "shape": [
        768,
        1536
      ],
      "numel": 1179648
    }
  }
}