{
  "meta": {
    "step": 2300,
    "layer_idx": 0,
    "timestamp": "20260324_124158"
  },
  "params": {
    "dt_bias": {
      "mean": -4.07384729385376,
      "std": 1.2132712602615356,
      "min": -5.926930904388428,
      "max": -2.189981460571289,
      "abs_mean": 4.07384729385376,
      "shape": [
        24
      ],
      "numel": 24
    },
    "A_log": {
      "mean": 1.6181211471557617,
      "std": 0.5056367516517639,
      "min": 0.4557911455631256,
      "max": 2.3546946048736572,
      "abs_mean": 1.6181211471557617,
      "shape": [
        24
      ],
      "numel": 24
    },
    "D": {
      "mean": 0.8713229298591614,
      "std": 0.05458655208349228,
      "min": 0.7744982242584229,
      "max": 1.0341546535491943,
      "abs_mean": 0.8713229298591614,
      "shape": [
        24
      ],
      "numel": 24
    },
    "in_proj.weight": {
      "mean": -6.777183443773538e-05,
      "std": 0.032441820949316025,
      "min": -0.16163000464439392,
      "max": 0.16494542360305786,
      "abs_mean": 0.026069754734635353,
      "shape": [
        3224,
        768
      ],
      "numel": 2476032
    },
    "conv1d.weight": {
      "mean": -8.32181831356138e-05,
      "std": 0.061092559248209,
      "min": -0.19572296738624573,
      "max": 0.19336487352848053,
      "abs_mean": 0.04702332243323326,
      "shape": [
        1664,
        1,
        4
      ],
      "numel": 6656
    },
    "conv1d.bias": {
      "mean": -0.007574883755296469,
      "std": 0.2266538441181183,
      "min": -0.5182117819786072,
      "max": 0.5174208879470825,
      "abs_mean": 0.19703777134418488,
      "shape": [
        1664
      ],
      "numel": 1664
    },
    "norm.weight": {
      "mean": 0.926769495010376,
      "std": 0.032480187714099884,
      "min": 0.7384456992149353,
      "max": 1.0188018083572388,
      "abs_mean": 0.926769495010376,
      "shape": [
        1536
      ],
      "numel": 1536
    },
    "out_proj.weight": {
      "mean": 1.005916692520259e-05,
      "std": 0.03537386655807495,
      "min": -0.16577398777008057,
      "max": 0.16439281404018402,
      "abs_mean": 0.02901194430887699,
      "shape": [
        768,
        1536
      ],
      "numel": 1179648
    }
  }
}