{
  "meta": {
    "step": 2500,
    "layer_idx": 4,
    "timestamp": "20260324_215749"
  },
  "params": {
    "dt_bias": {
      "mean": -4.39630651473999,
      "std": 1.1294209957122803,
      "min": -5.96353816986084,
      "max": -2.2359588146209717,
      "abs_mean": 4.39630651473999,
      "shape": [
        24
      ],
      "numel": 24
    },
    "A_log": {
      "mean": 1.636619210243225,
      "std": 0.6878845691680908,
      "min": 0.5040525197982788,
      "max": 2.3765718936920166,
      "abs_mean": 1.636619210243225,
      "shape": [
        24
      ],
      "numel": 24
    },
    "D": {
      "mean": 0.8696321845054626,
      "std": 0.011652438901364803,
      "min": 0.8392152786254883,
      "max": 0.890609085559845,
      "abs_mean": 0.8696321845054626,
      "shape": [
        24
      ],
      "numel": 24
    },
    "in_proj.weight": {
      "mean": -0.0001382444752380252,
      "std": 0.029635418206453323,
      "min": -0.1661769300699234,
      "max": 0.17974945902824402,
      "abs_mean": 0.02384341135621071,
      "shape": [
        3224,
        768
      ],
      "numel": 2476032
    },
    "conv1d.weight": {
      "mean": -0.00048075185623019934,
      "std": 0.029178624972701073,
      "min": -0.13518351316452026,
      "max": 0.11716467887163162,
      "abs_mean": 0.02332223206758499,
      "shape": [
        1664,
        1,
        4
      ],
      "numel": 6656
    },
    "conv1d.bias": {
      "mean": 0.0051765418611466885,
      "std": 0.2411298006772995,
      "min": -0.4633493721485138,
      "max": 0.4536268711090088,
      "abs_mean": 0.20709800720214844,
      "shape": [
        1664
      ],
      "numel": 1664
    },
    "norm.weight": {
      "mean": 0.8412380814552307,
      "std": 0.04397495463490486,
      "min": 0.7221457362174988,
      "max": 1.0152440071105957,
      "abs_mean": 0.8412380814552307,
      "shape": [
        1536
      ],
      "numel": 1536
    },
    "out_proj.weight": {
      "mean": 5.400482768891379e-05,
      "std": 0.03100506402552128,
      "min": -0.15613214671611786,
      "max": 0.1567414551973343,
      "abs_mean": 0.02553572691977024,
      "shape": [
        768,
        1536
      ],
      "numel": 1179648
    }
  }
}