{
  "meta": {
    "step": 500,
    "layer_idx": 5,
    "timestamp": "20260324_123955"
  },
  "params": {
    "dt_bias": {
      "mean": -4.7275214195251465,
      "std": 1.1886614561080933,
      "min": -6.596189975738525,
      "max": -3.0173096656799316,
      "abs_mean": 4.7275214195251465,
      "shape": [
        24
      ],
      "numel": 24
    },
    "A_log": {
      "mean": 2.0375006198883057,
      "std": 0.46065324544906616,
      "min": 0.9401959180831909,
      "max": 2.634904384613037,
      "abs_mean": 2.0375006198883057,
      "shape": [
        24
      ],
      "numel": 24
    },
    "D": {
      "mean": 0.971842348575592,
      "std": 0.008255135267972946,
      "min": 0.9512220025062561,
      "max": 0.9834961295127869,
      "abs_mean": 0.971842348575592,
      "shape": [
        24
      ],
      "numel": 24
    },
    "in_proj.weight": {
      "mean": -4.944993634126149e-05,
      "std": 0.022983964532613754,
      "min": -0.08284729719161987,
      "max": 0.08107015490531921,
      "abs_mean": 0.01957840472459793,
      "shape": [
        3224,
        768
      ],
      "numel": 2476032
    },
    "conv1d.weight": {
      "mean": -7.363026088569313e-05,
      "std": 0.017695773392915726,
      "min": -0.0581955723464489,
      "max": 0.04453948885202408,
      "abs_mean": 0.014869648963212967,
      "shape": [
        1664,
        1,
        4
      ],
      "numel": 6656
    },
    "conv1d.bias": {
      "mean": -0.003129891585558653,
      "std": 0.2738911509513855,
      "min": -0.4900769591331482,
      "max": 0.48565834760665894,
      "abs_mean": 0.23554673790931702,
      "shape": [
        1664
      ],
      "numel": 1664
    },
    "norm.weight": {
      "mean": 0.9606286883354187,
      "std": 0.01830858550965786,
      "min": 0.906700074672699,
      "max": 1.0151804685592651,
      "abs_mean": 0.9606286883354187,
      "shape": [
        1536
      ],
      "numel": 1536
    },
    "out_proj.weight": {
      "mean": 3.31838964484632e-06,
      "std": 0.029063992202281952,
      "min": -0.0821194276213646,
      "max": 0.07969857007265091,
      "abs_mean": 0.02499864436686039,
      "shape": [
        768,
        1536
      ],
      "numel": 1179648
    }
  }
}