{
  "meta": {
    "step": 5000,
    "layer_idx": 15,
    "timestamp": "20260324_220629"
  },
  "params": {
    "dt_bias": {
      "mean": -3.8583173751831055,
      "std": 0.9139182567596436,
      "min": -5.230337142944336,
      "max": -2.0704076290130615,
      "abs_mean": 3.8583173751831055,
      "shape": [
        24
      ],
      "numel": 24
    },
    "A_log": {
      "mean": 1.3775309324264526,
      "std": 0.5846119523048401,
      "min": 0.19834190607070923,
      "max": 2.13669753074646,
      "abs_mean": 1.3775309324264526,
      "shape": [
        24
      ],
      "numel": 24
    },
    "D": {
      "mean": 0.7522053718566895,
      "std": 0.03123166598379612,
      "min": 0.700644314289093,
      "max": 0.8223986625671387,
      "abs_mean": 0.7522053718566895,
      "shape": [
        24
      ],
      "numel": 24
    },
    "in_proj.weight": {
      "mean": -5.618966679321602e-05,
      "std": 0.022145824506878853,
      "min": -0.2309105545282364,
      "max": 0.2243587076663971,
      "abs_mean": 0.017997881397604942,
      "shape": [
        3224,
        768
      ],
      "numel": 2476032
    },
    "conv1d.weight": {
      "mean": -0.00019852229161188006,
      "std": 0.019449599087238312,
      "min": -0.14462949335575104,
      "max": 0.09440043568611145,
      "abs_mean": 0.014899657107889652,
      "shape": [
        1664,
        1,
        4
      ],
      "numel": 6656
    },
    "conv1d.bias": {
      "mean": 0.00961022637784481,
      "std": 0.2109757661819458,
      "min": -0.42238926887512207,
      "max": 0.42380979657173157,
      "abs_mean": 0.17817357182502747,
      "shape": [
        1664
      ],
      "numel": 1664
    },
    "norm.weight": {
      "mean": 0.7323090434074402,
      "std": 0.04903843626379967,
      "min": 0.5452571511268616,
      "max": 0.8896644711494446,
      "abs_mean": 0.7323090434074402,
      "shape": [
        1536
      ],
      "numel": 1536
    },
    "out_proj.weight": {
      "mean": -4.0900013118516654e-05,
      "std": 0.026752319186925888,
      "min": -0.10221264511346817,
      "max": 0.11876644939184189,
      "abs_mean": 0.022052232176065445,
      "shape": [
        768,
        1536
      ],
      "numel": 1179648
    }
  }
}