{
  "meta": {
    "step": 5000,
    "layer_idx": 18,
    "timestamp": "20260325_015736"
  },
  "params": {
    "dt_bias": {
      "mean": -3.669739007949829,
      "std": 1.1298894882202148,
      "min": -5.762384414672852,
      "max": -2.0042710304260254,
      "abs_mean": 3.669739007949829,
      "shape": [
        32
      ],
      "numel": 32
    },
    "A_log": {
      "mean": 1.684823989868164,
      "std": 0.480477899312973,
      "min": 0.4637867212295532,
      "max": 2.2840874195098877,
      "abs_mean": 1.684823989868164,
      "shape": [
        32
      ],
      "numel": 32
    },
    "D": {
      "mean": 0.8293154239654541,
      "std": 0.019595004618167877,
      "min": 0.7974010109901428,
      "max": 0.8709328770637512,
      "abs_mean": 0.8293154239654541,
      "shape": [
        32
      ],
      "numel": 32
    },
    "in_proj.weight": {
      "mean": 4.1084764234256e-05,
      "std": 0.01976473070681095,
      "min": -0.1443229466676712,
      "max": 0.13180609047412872,
      "abs_mean": 0.016258716583251953,
      "shape": [
        4256,
        1024
      ],
      "numel": 4358144
    },
    "conv1d.weight": {
      "mean": -8.127088221954182e-05,
      "std": 0.016469264402985573,
      "min": -0.08668350428342819,
      "max": 0.10037049651145935,
      "abs_mean": 0.012920178472995758,
      "shape": [
        2176,
        1,
        4
      ],
      "numel": 8704
    },
    "conv1d.bias": {
      "mean": 0.0037668838631361723,
      "std": 0.2282571941614151,
      "min": -0.42775824666023254,
      "max": 0.4280734062194824,
      "abs_mean": 0.19464167952537537,
      "shape": [
        2176
      ],
      "numel": 2176
    },
    "norm.weight": {
      "mean": 0.7892023324966431,
      "std": 0.03449615091085434,
      "min": 0.695248544216156,
      "max": 0.9080397486686707,
      "abs_mean": 0.7892023324966431,
      "shape": [
        2048
      ],
      "numel": 2048
    },
    "out_proj.weight": {
      "mean": -1.2919364962726831e-05,
      "std": 0.022668082267045975,
      "min": -0.08064248412847519,
      "max": 0.08515318483114243,
      "abs_mean": 0.019073566421866417,
      "shape": [
        1024,
        2048
      ],
      "numel": 2097152
    }
  }
}