{
  "meta": {
    "step": 2000,
    "layer_idx": 15,
    "timestamp": "20260324_124138"
  },
  "params": {
    "dt_bias": {
      "mean": -3.922224998474121,
      "std": 1.2937889099121094,
      "min": -6.166330337524414,
      "max": -2.1242332458496094,
      "abs_mean": 3.922224998474121,
      "shape": [
        24
      ],
      "numel": 24
    },
    "A_log": {
      "mean": 1.9021649360656738,
      "std": 0.4777100086212158,
      "min": 0.4685179591178894,
      "max": 2.4421839714050293,
      "abs_mean": 1.9021649360656738,
      "shape": [
        24
      ],
      "numel": 24
    },
    "D": {
      "mean": 0.8894652724266052,
      "std": 0.02040732093155384,
      "min": 0.8464685678482056,
      "max": 0.9221534132957458,
      "abs_mean": 0.8894652724266052,
      "shape": [
        24
      ],
      "numel": 24
    },
    "in_proj.weight": {
      "mean": -0.00010055478196591139,
      "std": 0.023114515468478203,
      "min": -0.12387356162071228,
      "max": 0.11391529440879822,
      "abs_mean": 0.019258351996541023,
      "shape": [
        3224,
        768
      ],
      "numel": 2476032
    },
    "conv1d.weight": {
      "mean": 5.19947825523559e-05,
      "std": 0.017430078238248825,
      "min": -0.06888566166162491,
      "max": 0.09916193783283234,
      "abs_mean": 0.013107159174978733,
      "shape": [
        1664,
        1,
        4
      ],
      "numel": 6656
    },
    "conv1d.bias": {
      "mean": -0.009844238869845867,
      "std": 0.2508918344974518,
      "min": -0.47824156284332275,
      "max": 0.4766169488430023,
      "abs_mean": 0.2124541699886322,
      "shape": [
        1664
      ],
      "numel": 1664
    },
    "norm.weight": {
      "mean": 0.8522421717643738,
      "std": 0.058812618255615234,
      "min": 0.7120136022567749,
      "max": 0.9826660752296448,
      "abs_mean": 0.8522421717643738,
      "shape": [
        1536
      ],
      "numel": 1536
    },
    "out_proj.weight": {
      "mean": 3.081186150666326e-05,
      "std": 0.029209241271018982,
      "min": -0.13217340409755707,
      "max": 0.1298169046640396,
      "abs_mean": 0.024351678788661957,
      "shape": [
        768,
        1536
      ],
      "numel": 1179648
    }
  }
}