{
  "meta": {
    "step": 3500,
    "layer_idx": 9,
    "timestamp": "20260324_124320"
  },
  "params": {
    "dt_bias": {
      "mean": -3.808699369430542,
      "std": 1.1685158014297485,
      "min": -5.787113666534424,
      "max": -2.0740156173706055,
      "abs_mean": 3.808699369430542,
      "shape": [
        24
      ],
      "numel": 24
    },
    "A_log": {
      "mean": 1.5419349670410156,
      "std": 0.5966866612434387,
      "min": 0.6465986371040344,
      "max": 2.4073479175567627,
      "abs_mean": 1.5419349670410156,
      "shape": [
        24
      ],
      "numel": 24
    },
    "D": {
      "mean": 0.8489845395088196,
      "std": 0.021280940622091293,
      "min": 0.8114726543426514,
      "max": 0.9088306427001953,
      "abs_mean": 0.8489845395088196,
      "shape": [
        24
      ],
      "numel": 24
    },
    "in_proj.weight": {
      "mean": -8.194441761588678e-05,
      "std": 0.024037694558501244,
      "min": -0.21073248982429504,
      "max": 0.23032347857952118,
      "abs_mean": 0.019632793962955475,
      "shape": [
        3224,
        768
      ],
      "numel": 2476032
    },
    "conv1d.weight": {
      "mean": -0.0003226590051781386,
      "std": 0.023983174934983253,
      "min": -0.09831920266151428,
      "max": 0.09204159677028656,
      "abs_mean": 0.018518181517720222,
      "shape": [
        1664,
        1,
        4
      ],
      "numel": 6656
    },
    "conv1d.bias": {
      "mean": -0.0002441877732053399,
      "std": 0.24281053245067596,
      "min": -0.4636365473270416,
      "max": 0.46291571855545044,
      "abs_mean": 0.20845559239387512,
      "shape": [
        1664
      ],
      "numel": 1664
    },
    "norm.weight": {
      "mean": 0.8142372965812683,
      "std": 0.05648079887032509,
      "min": 0.6699389219284058,
      "max": 0.932401180267334,
      "abs_mean": 0.8142372965812683,
      "shape": [
        1536
      ],
      "numel": 1536
    },
    "out_proj.weight": {
      "mean": 1.6389731172239408e-05,
      "std": 0.028535816818475723,
      "min": -0.18358877301216125,
      "max": 0.1814238280057907,
      "abs_mean": 0.02358270063996315,
      "shape": [
        768,
        1536
      ],
      "numel": 1179648
    }
  }
}