{
  "meta": {
    "step": 4000,
    "layer_idx": 14,
    "timestamp": "20260324_124401"
  },
  "params": {
    "dt_bias": {
      "mean": -3.725257158279419,
      "std": 1.13467538356781,
      "min": -5.857298851013184,
      "max": -2.0318572521209717,
      "abs_mean": 3.725257158279419,
      "shape": [
        24
      ],
      "numel": 24
    },
    "A_log": {
      "mean": 1.4488353729248047,
      "std": 0.748852014541626,
      "min": 0.07382828742265701,
      "max": 2.291714906692505,
      "abs_mean": 1.4488353729248047,
      "shape": [
        24
      ],
      "numel": 24
    },
    "D": {
      "mean": 0.8354601263999939,
      "std": 0.024820225313305855,
      "min": 0.785381555557251,
      "max": 0.8940138816833496,
      "abs_mean": 0.8354601263999939,
      "shape": [
        24
      ],
      "numel": 24
    },
    "in_proj.weight": {
      "mean": -0.00015408816398121417,
      "std": 0.02331184223294258,
      "min": -0.14655503630638123,
      "max": 0.14170688390731812,
      "abs_mean": 0.01914067752659321,
      "shape": [
        3224,
        768
      ],
      "numel": 2476032
    },
    "conv1d.weight": {
      "mean": 0.00010882768401643261,
      "std": 0.018572038039565086,
      "min": -0.10539129376411438,
      "max": 0.07742609828710556,
      "abs_mean": 0.014316991902887821,
      "shape": [
        1664,
        1,
        4
      ],
      "numel": 6656
    },
    "conv1d.bias": {
      "mean": 0.001087448326870799,
      "std": 0.23427022993564606,
      "min": -0.45789197087287903,
      "max": 0.47520744800567627,
      "abs_mean": 0.19680026173591614,
      "shape": [
        1664
      ],
      "numel": 1664
    },
    "norm.weight": {
      "mean": 0.7832408547401428,
      "std": 0.06462220102548599,
      "min": 0.5907681584358215,
      "max": 0.9070647358894348,
      "abs_mean": 0.7832408547401428,
      "shape": [
        1536
      ],
      "numel": 1536
    },
    "out_proj.weight": {
      "mean": 2.0919869712088257e-05,
      "std": 0.02847803197801113,
      "min": -0.1825707107782364,
      "max": 0.18855774402618408,
      "abs_mean": 0.023430369794368744,
      "shape": [
        768,
        1536
      ],
      "numel": 1179648
    }
  }
}