{
  "meta": {
    "step": 3000,
    "layer_idx": 11,
    "timestamp": "20260324_124247"
  },
  "params": {
    "dt_bias": {
      "mean": -3.9003918170928955,
      "std": 1.1528147459030151,
      "min": -5.965850353240967,
      "max": -2.1618118286132812,
      "abs_mean": 3.9003918170928955,
      "shape": [
        24
      ],
      "numel": 24
    },
    "A_log": {
      "mean": 1.6913782358169556,
      "std": 0.5641142129898071,
      "min": 0.31173643469810486,
      "max": 2.3131051063537598,
      "abs_mean": 1.6913782358169556,
      "shape": [
        24
      ],
      "numel": 24
    },
    "D": {
      "mean": 0.8547958731651306,
      "std": 0.02546565979719162,
      "min": 0.8053200840950012,
      "max": 0.9162503480911255,
      "abs_mean": 0.8547958731651306,
      "shape": [
        24
      ],
      "numel": 24
    },
    "in_proj.weight": {
      "mean": -0.0001584225828992203,
      "std": 0.02408885955810547,
      "min": -0.14155307412147522,
      "max": 0.21424497663974762,
      "abs_mean": 0.019702766090631485,
      "shape": [
        3224,
        768
      ],
      "numel": 2476032
    },
    "conv1d.weight": {
      "mean": -0.00013359091826714575,
      "std": 0.018444113433361053,
      "min": -0.0960778146982193,
      "max": 0.10815604776144028,
      "abs_mean": 0.014209308661520481,
      "shape": [
        1664,
        1,
        4
      ],
      "numel": 6656
    },
    "conv1d.bias": {
      "mean": -0.0021276313345879316,
      "std": 0.23790782690048218,
      "min": -0.4588920474052429,
      "max": 0.5227644443511963,
      "abs_mean": 0.2002304196357727,
      "shape": [
        1664
      ],
      "numel": 1664
    },
    "norm.weight": {
      "mean": 0.8066471219062805,
      "std": 0.06380113214254379,
      "min": 0.6388902068138123,
      "max": 0.9260637164115906,
      "abs_mean": 0.8066471219062805,
      "shape": [
        1536
      ],
      "numel": 1536
    },
    "out_proj.weight": {
      "mean": 9.398011570738163e-06,
      "std": 0.028612889349460602,
      "min": -0.16819658875465393,
      "max": 0.1733446568250656,
      "abs_mean": 0.023656390607357025,
      "shape": [
        768,
        1536
      ],
      "numel": 1179648
    }
  }
}