{
  "meta": {
    "step": 6500,
    "layer_idx": 0,
    "timestamp": "20260324_221153"
  },
  "params": {
    "dt_bias": {
      "mean": -3.4283549785614014,
      "std": 0.9640539288520813,
      "min": -4.719361782073975,
      "max": -1.7333863973617554,
      "abs_mean": 3.4283549785614014,
      "shape": [
        24
      ],
      "numel": 24
    },
    "A_log": {
      "mean": 1.2484484910964966,
      "std": 0.5652284026145935,
      "min": 0.2548140585422516,
      "max": 1.9128026962280273,
      "abs_mean": 1.2484484910964966,
      "shape": [
        24
      ],
      "numel": 24
    },
    "D": {
      "mean": 0.7387034296989441,
      "std": 0.04877324029803276,
      "min": 0.6589487195014954,
      "max": 0.8415971398353577,
      "abs_mean": 0.7387034296989441,
      "shape": [
        24
      ],
      "numel": 24
    },
    "in_proj.weight": {
      "mean": -4.7675290261395276e-05,
      "std": 0.03709855303168297,
      "min": -0.18513594567775726,
      "max": 0.19061049818992615,
      "abs_mean": 0.02962496504187584,
      "shape": [
        3224,
        768
      ],
      "numel": 2476032
    },
    "conv1d.weight": {
      "mean": -0.0005601523444056511,
      "std": 0.06907013058662415,
      "min": -0.2405015081167221,
      "max": 0.2341032475233078,
      "abs_mean": 0.03943809121847153,
      "shape": [
        1664,
        1,
        4
      ],
      "numel": 6656
    },
    "conv1d.bias": {
      "mean": 0.003220309503376484,
      "std": 0.16261152923107147,
      "min": -0.4165762662887573,
      "max": 0.4485921263694763,
      "abs_mean": 0.13983185589313507,
      "shape": [
        1664
      ],
      "numel": 1664
    },
    "norm.weight": {
      "mean": 0.744133710861206,
      "std": 0.047754473984241486,
      "min": 0.4744495153427124,
      "max": 0.8367924094200134,
      "abs_mean": 0.744133710861206,
      "shape": [
        1536
      ],
      "numel": 1536
    },
    "out_proj.weight": {
      "mean": -2.5524042939650826e-05,
      "std": 0.0364689975976944,
      "min": -0.17852309346199036,
      "max": 0.16796189546585083,
      "abs_mean": 0.02935788407921791,
      "shape": [
        768,
        1536
      ],
      "numel": 1179648
    }
  }
}