{
  "meta": {
    "step": 3500,
    "layer_idx": 3,
    "timestamp": "20260324_124320"
  },
  "params": {
    "dt_bias": {
      "mean": -3.4815731048583984,
      "std": 1.0210474729537964,
      "min": -5.631990909576416,
      "max": -2.1262240409851074,
      "abs_mean": 3.4815731048583984,
      "shape": [
        24
      ],
      "numel": 24
    },
    "A_log": {
      "mean": 1.2930628061294556,
      "std": 0.708276629447937,
      "min": 0.07515625655651093,
      "max": 2.3114821910858154,
      "abs_mean": 1.2930628061294556,
      "shape": [
        24
      ],
      "numel": 24
    },
    "D": {
      "mean": 0.8530235886573792,
      "std": 0.01469733938574791,
      "min": 0.8231322169303894,
      "max": 0.889582097530365,
      "abs_mean": 0.8530235886573792,
      "shape": [
        24
      ],
      "numel": 24
    },
    "in_proj.weight": {
      "mean": -1.5053029528644402e-05,
      "std": 0.030210429802536964,
      "min": -0.18088789284229279,
      "max": 0.17280136048793793,
      "abs_mean": 0.02424900233745575,
      "shape": [
        3224,
        768
      ],
      "numel": 2476032
    },
    "conv1d.weight": {
      "mean": 4.934544995194301e-05,
      "std": 0.03766556456685066,
      "min": -0.17837853729724884,
      "max": 0.1476665586233139,
      "abs_mean": 0.030490752309560776,
      "shape": [
        1664,
        1,
        4
      ],
      "numel": 6656
    },
    "conv1d.bias": {
      "mean": 0.0015348164597526193,
      "std": 0.23080477118492126,
      "min": -0.43685439229011536,
      "max": 0.4527498781681061,
      "abs_mean": 0.19633516669273376,
      "shape": [
        1664
      ],
      "numel": 1664
    },
    "norm.weight": {
      "mean": 0.8340961337089539,
      "std": 0.0463748537003994,
      "min": 0.7034139037132263,
      "max": 1.0096276998519897,
      "abs_mean": 0.8340961337089539,
      "shape": [
        1536
      ],
      "numel": 1536
    },
    "out_proj.weight": {
      "mean": 4.281998553778976e-05,
      "std": 0.031049977988004684,
      "min": -0.16669678688049316,
      "max": 0.17123940587043762,
      "abs_mean": 0.02550233155488968,
      "shape": [
        768,
        1536
      ],
      "numel": 1179648
    }
  }
}