{
  "meta": {
    "step": 4000,
    "layer_idx": 12,
    "timestamp": "20260324_124401"
  },
  "params": {
    "dt_bias": {
      "mean": -3.9351844787597656,
      "std": 1.3159335851669312,
      "min": -5.708710670471191,
      "max": -2.115358591079712,
      "abs_mean": 3.9351844787597656,
      "shape": [
        24
      ],
      "numel": 24
    },
    "A_log": {
      "mean": 1.7184282541275024,
      "std": 0.611426055431366,
      "min": 0.2140074521303177,
      "max": 2.3485403060913086,
      "abs_mean": 1.7184282541275024,
      "shape": [
        24
      ],
      "numel": 24
    },
    "D": {
      "mean": 0.8321616053581238,
      "std": 0.029891211539506912,
      "min": 0.7966122627258301,
      "max": 0.9279308319091797,
      "abs_mean": 0.8321616053581238,
      "shape": [
        24
      ],
      "numel": 24
    },
    "in_proj.weight": {
      "mean": -0.00010184112761635333,
      "std": 0.024081384763121605,
      "min": -0.21060100197792053,
      "max": 0.24034062027931213,
      "abs_mean": 0.019579440355300903,
      "shape": [
        3224,
        768
      ],
      "numel": 2476032
    },
    "conv1d.weight": {
      "mean": -0.0007345149060711265,
      "std": 0.019864441826939583,
      "min": -0.08604301512241364,
      "max": 0.1329329013824463,
      "abs_mean": 0.015179372392594814,
      "shape": [
        1664,
        1,
        4
      ],
      "numel": 6656
    },
    "conv1d.bias": {
      "mean": -0.008184177801012993,
      "std": 0.23525914549827576,
      "min": -0.4814283847808838,
      "max": 0.4752640426158905,
      "abs_mean": 0.19980718195438385,
      "shape": [
        1664
      ],
      "numel": 1664
    },
    "norm.weight": {
      "mean": 0.7892846465110779,
      "std": 0.06852070242166519,
      "min": 0.6091200709342957,
      "max": 0.9410363435745239,
      "abs_mean": 0.7892846465110779,
      "shape": [
        1536
      ],
      "numel": 1536
    },
    "out_proj.weight": {
      "mean": 9.089042578125373e-06,
      "std": 0.02859964407980442,
      "min": -0.1864301860332489,
      "max": 0.18485067784786224,
      "abs_mean": 0.02350926399230957,
      "shape": [
        768,
        1536
      ],
      "numel": 1179648
    }
  }
}