{
  "meta": {
    "step": 10000,
    "layer_idx": 1,
    "timestamp": "20260325_030533"
  },
  "params": {
    "dt_bias": {
      "mean": -3.474350929260254,
      "std": 0.9369059801101685,
      "min": -5.037497520446777,
      "max": -1.897113561630249,
      "abs_mean": 3.474350929260254,
      "shape": [
        32
      ],
      "numel": 32
    },
    "A_log": {
      "mean": 1.5066276788711548,
      "std": 0.445826917886734,
      "min": 0.0358436144888401,
      "max": 2.090820074081421,
      "abs_mean": 1.5066276788711548,
      "shape": [
        32
      ],
      "numel": 32
    },
    "D": {
      "mean": 0.745542585849762,
      "std": 0.06308694928884506,
      "min": 0.4284519553184509,
      "max": 0.8129240274429321,
      "abs_mean": 0.745542585849762,
      "shape": [
        32
      ],
      "numel": 32
    },
    "in_proj.weight": {
      "mean": 1.8353714040131308e-05,
      "std": 0.03097963146865368,
      "min": -0.22450561821460724,
      "max": 0.2239924967288971,
      "abs_mean": 0.024736082181334496,
      "shape": [
        4256,
        1024
      ],
      "numel": 4358144
    },
    "conv1d.weight": {
      "mean": 0.0007032591965980828,
      "std": 0.05272709205746651,
      "min": -0.2187255471944809,
      "max": 0.24549949169158936,
      "abs_mean": 0.03299962356686592,
      "shape": [
        2176,
        1,
        4
      ],
      "numel": 8704
    },
    "conv1d.bias": {
      "mean": 0.002741933800280094,
      "std": 0.1888439655303955,
      "min": -0.40599408745765686,
      "max": 0.3974696099758148,
      "abs_mean": 0.16391246020793915,
      "shape": [
        2176
      ],
      "numel": 2176
    },
    "norm.weight": {
      "mean": 0.7492194771766663,
      "std": 0.046242598444223404,
      "min": 0.4522906541824341,
      "max": 1.0044740438461304,
      "abs_mean": 0.7492194771766663,
      "shape": [
        2048
      ],
      "numel": 2048
    },
    "out_proj.weight": {
      "mean": 3.543503044056706e-05,
      "std": 0.031010784208774567,
      "min": -0.1500898003578186,
      "max": 0.1444137841463089,
      "abs_mean": 0.02496558241546154,
      "shape": [
        1024,
        2048
      ],
      "numel": 2097152
    }
  }
}