{
  "meta": {
    "step": 4500,
    "layer_idx": 10,
    "timestamp": "20260324_124435"
  },
  "params": {
    "dt_bias": {
      "mean": -4.015868663787842,
      "std": 1.0144809484481812,
      "min": -5.665185451507568,
      "max": -2.0353503227233887,
      "abs_mean": 4.015868663787842,
      "shape": [
        24
      ],
      "numel": 24
    },
    "A_log": {
      "mean": 1.839025855064392,
      "std": 0.4030691981315613,
      "min": 0.8741123080253601,
      "max": 2.303832530975342,
      "abs_mean": 1.839025855064392,
      "shape": [
        24
      ],
      "numel": 24
    },
    "D": {
      "mean": 0.8290200233459473,
      "std": 0.027513714507222176,
      "min": 0.7639771699905396,
      "max": 0.8836618065834045,
      "abs_mean": 0.8290200233459473,
      "shape": [
        24
      ],
      "numel": 24
    },
    "in_proj.weight": {
      "mean": -0.00016032964049372822,
      "std": 0.025141192600131035,
      "min": -0.19126322865486145,
      "max": 0.14676348865032196,
      "abs_mean": 0.02027447149157524,
      "shape": [
        3224,
        768
      ],
      "numel": 2476032
    },
    "conv1d.weight": {
      "mean": -7.138735963962972e-05,
      "std": 0.021532906219363213,
      "min": -0.0873093232512474,
      "max": 0.11079011112451553,
      "abs_mean": 0.016857055947184563,
      "shape": [
        1664,
        1,
        4
      ],
      "numel": 6656
    },
    "conv1d.bias": {
      "mean": -0.008777967654168606,
      "std": 0.23141641914844513,
      "min": -0.4420049488544464,
      "max": 0.4418029189109802,
      "abs_mean": 0.1957055926322937,
      "shape": [
        1664
      ],
      "numel": 1664
    },
    "norm.weight": {
      "mean": 0.7819881439208984,
      "std": 0.06177232787013054,
      "min": 0.6500439047813416,
      "max": 0.9164308309555054,
      "abs_mean": 0.7819881439208984,
      "shape": [
        1536
      ],
      "numel": 1536
    },
    "out_proj.weight": {
      "mean": 1.0141362508875318e-05,
      "std": 0.028383973985910416,
      "min": -0.18647019565105438,
      "max": 0.19222038984298706,
      "abs_mean": 0.023347463458776474,
      "shape": [
        768,
        1536
      ],
      "numel": 1179648
    }
  }
}