{
  "meta": {
    "step": 1000,
    "layer_idx": 2,
    "timestamp": "20260324_124030"
  },
  "params": {
    "dt_bias": {
      "mean": -4.469119548797607,
      "std": 0.98121178150177,
      "min": -6.002879619598389,
      "max": -2.244830369949341,
      "abs_mean": 4.469119548797607,
      "shape": [
        24
      ],
      "numel": 24
    },
    "A_log": {
      "mean": 1.821352481842041,
      "std": 0.6633154153823853,
      "min": 0.553389310836792,
      "max": 2.596184253692627,
      "abs_mean": 1.821352481842041,
      "shape": [
        24
      ],
      "numel": 24
    },
    "D": {
      "mean": 0.9414268136024475,
      "std": 0.010158208198845387,
      "min": 0.9183534979820251,
      "max": 0.9566797018051147,
      "abs_mean": 0.9414268136024475,
      "shape": [
        24
      ],
      "numel": 24
    },
    "in_proj.weight": {
      "mean": 5.202028205530951e-06,
      "std": 0.026507027447223663,
      "min": -0.14267216622829437,
      "max": 0.13088473677635193,
      "abs_mean": 0.02179546095430851,
      "shape": [
        3224,
        768
      ],
      "numel": 2476032
    },
    "conv1d.weight": {
      "mean": 0.00013788157957606018,
      "std": 0.02558893896639347,
      "min": -0.07957478612661362,
      "max": 0.06864693015813828,
      "abs_mean": 0.021240966394543648,
      "shape": [
        1664,
        1,
        4
      ],
      "numel": 6656
    },
    "conv1d.bias": {
      "mean": 0.012698168866336346,
      "std": 0.26202669739723206,
      "min": -0.4861026108264923,
      "max": 0.47693896293640137,
      "abs_mean": 0.2249685376882553,
      "shape": [
        1664
      ],
      "numel": 1664
    },
    "norm.weight": {
      "mean": 0.9364993572235107,
      "std": 0.023518219590187073,
      "min": 0.8604200482368469,
      "max": 1.032048225402832,
      "abs_mean": 0.9364993572235107,
      "shape": [
        1536
      ],
      "numel": 1536
    },
    "out_proj.weight": {
      "mean": 2.9500348318833858e-05,
      "std": 0.03055267222225666,
      "min": -0.11214762926101685,
      "max": 0.1272222101688385,
      "abs_mean": 0.02571239322423935,
      "shape": [
        768,
        1536
      ],
      "numel": 1179648
    }
  }
}