{
  "meta": {
    "step": 4500,
    "layer_idx": 11,
    "timestamp": "20260324_124435"
  },
  "params": {
    "dt_bias": {
      "mean": -3.810260057449341,
      "std": 1.128166913986206,
      "min": -5.8297834396362305,
      "max": -2.1129820346832275,
      "abs_mean": 3.810260057449341,
      "shape": [
        24
      ],
      "numel": 24
    },
    "A_log": {
      "mean": 1.6456998586654663,
      "std": 0.5511767268180847,
      "min": 0.28925082087516785,
      "max": 2.262472629547119,
      "abs_mean": 1.6456998586654663,
      "shape": [
        24
      ],
      "numel": 24
    },
    "D": {
      "mean": 0.82761549949646,
      "std": 0.02866472862660885,
      "min": 0.7735372185707092,
      "max": 0.9147731065750122,
      "abs_mean": 0.82761549949646,
      "shape": [
        24
      ],
      "numel": 24
    },
    "in_proj.weight": {
      "mean": -0.00016422838962171227,
      "std": 0.024122295901179314,
      "min": -0.16186420619487762,
      "max": 0.249348983168602,
      "abs_mean": 0.019622093066573143,
      "shape": [
        3224,
        768
      ],
      "numel": 2476032
    },
    "conv1d.weight": {
      "mean": 3.005001872224966e-06,
      "std": 0.0205790214240551,
      "min": -0.12375880777835846,
      "max": 0.13389162719249725,
      "abs_mean": 0.01603446528315544,
      "shape": [
        1664,
        1,
        4
      ],
      "numel": 6656
    },
    "conv1d.bias": {
      "mean": -0.002005544491112232,
      "std": 0.22873595356941223,
      "min": -0.4444277584552765,
      "max": 0.5400329828262329,
      "abs_mean": 0.1916489601135254,
      "shape": [
        1664
      ],
      "numel": 1664
    },
    "norm.weight": {
      "mean": 0.7832123637199402,
      "std": 0.060849279165267944,
      "min": 0.6205654144287109,
      "max": 0.8966783881187439,
      "abs_mean": 0.7832123637199402,
      "shape": [
        1536
      ],
      "numel": 1536
    },
    "out_proj.weight": {
      "mean": 3.7453403365361737e-06,
      "std": 0.02816123142838478,
      "min": -0.18452918529510498,
      "max": 0.1900210678577423,
      "abs_mean": 0.023205680772662163,
      "shape": [
        768,
        1536
      ],
      "numel": 1179648
    }
  }
}