{
  "meta": {
    "step": 10000,
    "layer_idx": 10,
    "timestamp": "20260325_030533"
  },
  "params": {
    "dt_bias": {
      "mean": -3.2461464405059814,
      "std": 1.0829493999481201,
      "min": -4.991113185882568,
      "max": -1.7993167638778687,
      "abs_mean": 3.2461464405059814,
      "shape": [
        32
      ],
      "numel": 32
    },
    "A_log": {
      "mean": 1.4071450233459473,
      "std": 0.5243623852729797,
      "min": 0.39721405506134033,
      "max": 2.112337350845337,
      "abs_mean": 1.4071450233459473,
      "shape": [
        32
      ],
      "numel": 32
    },
    "D": {
      "mean": 0.7434263229370117,
      "std": 0.01434420794248581,
      "min": 0.7132623195648193,
      "max": 0.772038996219635,
      "abs_mean": 0.7434263229370117,
      "shape": [
        32
      ],
      "numel": 32
    },
    "in_proj.weight": {
      "mean": 0.00012616757885552943,
      "std": 0.02223529852926731,
      "min": -0.2079203575849533,
      "max": 0.22836805880069733,
      "abs_mean": 0.017742106691002846,
      "shape": [
        4256,
        1024
      ],
      "numel": 4358144
    },
    "conv1d.weight": {
      "mean": 9.380484698340297e-05,
      "std": 0.026444723829627037,
      "min": -0.16341647505760193,
      "max": 0.14709804952144623,
      "abs_mean": 0.02068127878010273,
      "shape": [
        2176,
        1,
        4
      ],
      "numel": 8704
    },
    "conv1d.bias": {
      "mean": 0.0003760346444323659,
      "std": 0.2016593962907791,
      "min": -0.4162501394748688,
      "max": 0.4122099280357361,
      "abs_mean": 0.1714889407157898,
      "shape": [
        2176
      ],
      "numel": 2176
    },
    "norm.weight": {
      "mean": 0.6995937824249268,
      "std": 0.05204717442393303,
      "min": 0.5548787117004395,
      "max": 0.9164872765541077,
      "abs_mean": 0.6995937824249268,
      "shape": [
        2048
      ],
      "numel": 2048
    },
    "out_proj.weight": {
      "mean": -5.779476850875653e-06,
      "std": 0.02285989746451378,
      "min": -0.1356920301914215,
      "max": 0.12937387824058533,
      "abs_mean": 0.018715370446443558,
      "shape": [
        1024,
        2048
      ],
      "numel": 2097152
    }
  }
}