{
  "meta": {
    "step": 600,
    "layer_idx": 0,
    "timestamp": "20260324_124002"
  },
  "params": {
    "dt_bias": {
      "mean": -4.3932785987854,
      "std": 1.35193932056427,
      "min": -6.529581546783447,
      "max": -2.357794761657715,
      "abs_mean": 4.3932785987854,
      "shape": [
        24
      ],
      "numel": 24
    },
    "A_log": {
      "mean": 1.8545352220535278,
      "std": 0.5929995775222778,
      "min": 0.40701645612716675,
      "max": 2.615593433380127,
      "abs_mean": 1.8545352220535278,
      "shape": [
        24
      ],
      "numel": 24
    },
    "D": {
      "mean": 0.9625704884529114,
      "std": 0.016371121630072594,
      "min": 0.9360911846160889,
      "max": 0.998069167137146,
      "abs_mean": 0.9625704884529114,
      "shape": [
        24
      ],
      "numel": 24
    },
    "in_proj.weight": {
      "mean": -3.977656888309866e-05,
      "std": 0.026508579030632973,
      "min": -0.11234580725431442,
      "max": 0.11944431066513062,
      "abs_mean": 0.021826785057783127,
      "shape": [
        3224,
        768
      ],
      "numel": 2476032
    },
    "conv1d.weight": {
      "mean": 0.0002090494817821309,
      "std": 0.03641064837574959,
      "min": -0.14578545093536377,
      "max": 0.15178591012954712,
      "abs_mean": 0.02767225168645382,
      "shape": [
        1664,
        1,
        4
      ],
      "numel": 6656
    },
    "conv1d.bias": {
      "mean": -0.008643952198326588,
      "std": 0.2739633023738861,
      "min": -0.5056321024894714,
      "max": 0.5065932273864746,
      "abs_mean": 0.2373965084552765,
      "shape": [
        1664
      ],
      "numel": 1664
    },
    "norm.weight": {
      "mean": 0.9655778408050537,
      "std": 0.01984875649213791,
      "min": 0.9126126170158386,
      "max": 1.0571666955947876,
      "abs_mean": 0.9655778408050537,
      "shape": [
        1536
      ],
      "numel": 1536
    },
    "out_proj.weight": {
      "mean": 8.794278073764872e-06,
      "std": 0.03059583529829979,
      "min": -0.1236574798822403,
      "max": 0.11962161213159561,
      "abs_mean": 0.02588709443807602,
      "shape": [
        768,
        1536
      ],
      "numel": 1179648
    }
  }
}