{
  "meta": {
    "step": 4000,
    "layer_idx": 0,
    "timestamp": "20260324_124401"
  },
  "params": {
    "dt_bias": {
      "mean": -3.934154510498047,
      "std": 1.1624099016189575,
      "min": -5.687080383300781,
      "max": -2.1058850288391113,
      "abs_mean": 3.934154510498047,
      "shape": [
        24
      ],
      "numel": 24
    },
    "A_log": {
      "mean": 1.5405025482177734,
      "std": 0.47910892963409424,
      "min": 0.43757081031799316,
      "max": 2.246354103088379,
      "abs_mean": 1.5405025482177734,
      "shape": [
        24
      ],
      "numel": 24
    },
    "D": {
      "mean": 0.8359602093696594,
      "std": 0.05668468773365021,
      "min": 0.7359334826469421,
      "max": 1.008406639099121,
      "abs_mean": 0.8359602093696594,
      "shape": [
        24
      ],
      "numel": 24
    },
    "in_proj.weight": {
      "mean": -7.399139576591551e-05,
      "std": 0.03291876241564751,
      "min": -0.16380424797534943,
      "max": 0.16745705902576447,
      "abs_mean": 0.026394909247756004,
      "shape": [
        3224,
        768
      ],
      "numel": 2476032
    },
    "conv1d.weight": {
      "mean": -0.00018301050295121968,
      "std": 0.06326699256896973,
      "min": -0.1952788531780243,
      "max": 0.18469040095806122,
      "abs_mean": 0.04960688576102257,
      "shape": [
        1664,
        1,
        4
      ],
      "numel": 6656
    },
    "conv1d.bias": {
      "mean": -0.007365256082266569,
      "std": 0.2127993106842041,
      "min": -0.5091778635978699,
      "max": 0.5069651007652283,
      "abs_mean": 0.18520666658878326,
      "shape": [
        1664
      ],
      "numel": 1664
    },
    "norm.weight": {
      "mean": 0.8957592844963074,
      "std": 0.034311454743146896,
      "min": 0.6858612895011902,
      "max": 0.9905539155006409,
      "abs_mean": 0.8957592844963074,
      "shape": [
        1536
      ],
      "numel": 1536
    },
    "out_proj.weight": {
      "mean": 1.374825842503924e-05,
      "std": 0.03556772321462631,
      "min": -0.15495046973228455,
      "max": 0.16034464538097382,
      "abs_mean": 0.029028164222836494,
      "shape": [
        768,
        1536
      ],
      "numel": 1179648
    }
  }
}