{
  "meta": {
    "step": 3000,
    "layer_idx": 0,
    "timestamp": "20260324_215924"
  },
  "params": {
    "dt_bias": {
      "mean": -3.780812978744507,
      "std": 1.0793063640594482,
      "min": -5.285851955413818,
      "max": -1.9934300184249878,
      "abs_mean": 3.780812978744507,
      "shape": [
        24
      ],
      "numel": 24
    },
    "A_log": {
      "mean": 1.440506935119629,
      "std": 0.6321793794631958,
      "min": 0.35863497853279114,
      "max": 2.1641573905944824,
      "abs_mean": 1.440506935119629,
      "shape": [
        24
      ],
      "numel": 24
    },
    "D": {
      "mean": 0.8388050198554993,
      "std": 0.05586296692490578,
      "min": 0.7539700269699097,
      "max": 0.9752925038337708,
      "abs_mean": 0.8388050198554993,
      "shape": [
        24
      ],
      "numel": 24
    },
    "in_proj.weight": {
      "mean": -2.7600173780228943e-05,
      "std": 0.03492144122719765,
      "min": -0.1713436394929886,
      "max": 0.17807459831237793,
      "abs_mean": 0.027932630851864815,
      "shape": [
        3224,
        768
      ],
      "numel": 2476032
    },
    "conv1d.weight": {
      "mean": -0.0006667611887678504,
      "std": 0.0669860765337944,
      "min": -0.23924529552459717,
      "max": 0.23402942717075348,
      "abs_mean": 0.03849770501255989,
      "shape": [
        1664,
        1,
        4
      ],
      "numel": 6656
    },
    "conv1d.bias": {
      "mean": 0.005097758490592241,
      "std": 0.20007379353046417,
      "min": -0.47530612349510193,
      "max": 0.5090389847755432,
      "abs_mean": 0.17325498163700104,
      "shape": [
        1664
      ],
      "numel": 1664
    },
    "norm.weight": {
      "mean": 0.8586456179618835,
      "std": 0.04038149490952492,
      "min": 0.6481407880783081,
      "max": 0.9482218027114868,
      "abs_mean": 0.8586456179618835,
      "shape": [
        1536
      ],
      "numel": 1536
    },
    "out_proj.weight": {
      "mean": -9.322899131802842e-06,
      "std": 0.03561656177043915,
      "min": -0.17238610982894897,
      "max": 0.1554476022720337,
      "abs_mean": 0.02889064885675907,
      "shape": [
        768,
        1536
      ],
      "numel": 1179648
    }
  }
}