{
  "meta": {
    "step": 3100,
    "layer_idx": 0,
    "timestamp": "20260324_124255"
  },
  "params": {
    "dt_bias": {
      "mean": -3.9880001544952393,
      "std": 1.179145336151123,
      "min": -5.773661136627197,
      "max": -2.1384143829345703,
      "abs_mean": 3.9880001544952393,
      "shape": [
        24
      ],
      "numel": 24
    },
    "A_log": {
      "mean": 1.5695146322250366,
      "std": 0.48899731040000916,
      "min": 0.44443026185035706,
      "max": 2.2907354831695557,
      "abs_mean": 1.5695146322250366,
      "shape": [
        24
      ],
      "numel": 24
    },
    "D": {
      "mean": 0.849683940410614,
      "std": 0.05552511289715767,
      "min": 0.7511234879493713,
      "max": 1.0174329280853271,
      "abs_mean": 0.849683940410614,
      "shape": [
        24
      ],
      "numel": 24
    },
    "in_proj.weight": {
      "mean": -6.972067058086395e-05,
      "std": 0.0329231321811676,
      "min": -0.15940804779529572,
      "max": 0.16787151992321014,
      "abs_mean": 0.026415973901748657,
      "shape": [
        3224,
        768
      ],
      "numel": 2476032
    },
    "conv1d.weight": {
      "mean": -0.0001671885693212971,
      "std": 0.06272151321172714,
      "min": -0.19508133828639984,
      "max": 0.1878974884748459,
      "abs_mean": 0.04874316230416298,
      "shape": [
        1664,
        1,
        4
      ],
      "numel": 6656
    },
    "conv1d.bias": {
      "mean": -0.007431895472109318,
      "std": 0.2176303118467331,
      "min": -0.5128069519996643,
      "max": 0.5112893581390381,
      "abs_mean": 0.1893024742603302,
      "shape": [
        1664
      ],
      "numel": 1664
    },
    "norm.weight": {
      "mean": 0.9083922505378723,
      "std": 0.033867087215185165,
      "min": 0.7044678926467896,
      "max": 1.0006554126739502,
      "abs_mean": 0.9083922505378723,
      "shape": [
        1536
      ],
      "numel": 1536
    },
    "out_proj.weight": {
      "mean": 1.3648244930664077e-05,
      "std": 0.03569164499640465,
      "min": -0.16042093932628632,
      "max": 0.15859712660312653,
      "abs_mean": 0.02918098121881485,
      "shape": [
        768,
        1536
      ],
      "numel": 1179648
    }
  }
}