{
  "meta": {
    "step": 5000,
    "layer_idx": 8,
    "timestamp": "20260325_015736"
  },
  "params": {
    "dt_bias": {
      "mean": -3.531424045562744,
      "std": 1.1236114501953125,
      "min": -5.777892589569092,
      "max": -2.0578064918518066,
      "abs_mean": 3.531424045562744,
      "shape": [
        32
      ],
      "numel": 32
    },
    "A_log": {
      "mean": 1.6344807147979736,
      "std": 0.47256067395210266,
      "min": 0.4460533559322357,
      "max": 2.3132741451263428,
      "abs_mean": 1.6344807147979736,
      "shape": [
        32
      ],
      "numel": 32
    },
    "D": {
      "mean": 0.830382227897644,
      "std": 0.017739029601216316,
      "min": 0.7573568224906921,
      "max": 0.858050525188446,
      "abs_mean": 0.830382227897644,
      "shape": [
        32
      ],
      "numel": 32
    },
    "in_proj.weight": {
      "mean": 3.0664254154544324e-05,
      "std": 0.022516487166285515,
      "min": -0.1689109057188034,
      "max": 0.2255246639251709,
      "abs_mean": 0.01818777807056904,
      "shape": [
        4256,
        1024
      ],
      "numel": 4358144
    },
    "conv1d.weight": {
      "mean": -5.740535561926663e-05,
      "std": 0.023251377046108246,
      "min": -0.12292926758527756,
      "max": 0.13048692047595978,
      "abs_mean": 0.01831035129725933,
      "shape": [
        2176,
        1,
        4
      ],
      "numel": 8704
    },
    "conv1d.bias": {
      "mean": 0.009884794242680073,
      "std": 0.22536155581474304,
      "min": -0.4207850992679596,
      "max": 0.42185527086257935,
      "abs_mean": 0.19185510277748108,
      "shape": [
        2176
      ],
      "numel": 2176
    },
    "norm.weight": {
      "mean": 0.7784289121627808,
      "std": 0.050395794212818146,
      "min": 0.6038213968276978,
      "max": 0.9615297317504883,
      "abs_mean": 0.7784289121627808,
      "shape": [
        2048
      ],
      "numel": 2048
    },
    "out_proj.weight": {
      "mean": -1.94420699699549e-05,
      "std": 0.023724844679236412,
      "min": -0.11781005561351776,
      "max": 0.1297737956047058,
      "abs_mean": 0.019745897501707077,
      "shape": [
        1024,
        2048
      ],
      "numel": 2097152
    }
  }
}