{
  "meta": {
    "step": 10000,
    "layer_idx": 12,
    "timestamp": "20260325_030533"
  },
  "params": {
    "dt_bias": {
      "mean": -3.2886905670166016,
      "std": 0.8262335658073425,
      "min": -4.7471442222595215,
      "max": -1.7075752019882202,
      "abs_mean": 3.2886905670166016,
      "shape": [
        32
      ],
      "numel": 32
    },
    "A_log": {
      "mean": 1.4907079935073853,
      "std": 0.5395792722702026,
      "min": 0.20753997564315796,
      "max": 2.0972657203674316,
      "abs_mean": 1.4907079935073853,
      "shape": [
        32
      ],
      "numel": 32
    },
    "D": {
      "mean": 0.7333465218544006,
      "std": 0.020093265920877457,
      "min": 0.6979808211326599,
      "max": 0.7882155776023865,
      "abs_mean": 0.7333465218544006,
      "shape": [
        32
      ],
      "numel": 32
    },
    "in_proj.weight": {
      "mean": 6.315384234767407e-05,
      "std": 0.019561532884836197,
      "min": -0.173359215259552,
      "max": 0.2164483219385147,
      "abs_mean": 0.01573834754526615,
      "shape": [
        4256,
        1024
      ],
      "numel": 4358144
    },
    "conv1d.weight": {
      "mean": 0.0005007312865927815,
      "std": 0.022761056199669838,
      "min": -0.17718878388404846,
      "max": 0.12701557576656342,
      "abs_mean": 0.017947766929864883,
      "shape": [
        2176,
        1,
        4
      ],
      "numel": 8704
    },
    "conv1d.bias": {
      "mean": -0.0052673425525426865,
      "std": 0.19819384813308716,
      "min": -0.4089370667934418,
      "max": 0.3906477093696594,
      "abs_mean": 0.16794030368328094,
      "shape": [
        2176
      ],
      "numel": 2176
    },
    "norm.weight": {
      "mean": 0.6979063749313354,
      "std": 0.03412407636642456,
      "min": 0.5962120890617371,
      "max": 0.8643983602523804,
      "abs_mean": 0.6979063749313354,
      "shape": [
        2048
      ],
      "numel": 2048
    },
    "out_proj.weight": {
      "mean": -1.4505581930279732e-05,
      "std": 0.02176475152373314,
      "min": -0.13775819540023804,
      "max": 0.15274851024150848,
      "abs_mean": 0.017990438267588615,
      "shape": [
        1024,
        2048
      ],
      "numel": 2097152
    }
  }
}