{
  "meta": {
    "step": 5000,
    "layer_idx": 27,
    "timestamp": "20260325_015736"
  },
  "params": {
    "dt_bias": {
      "mean": -3.8609371185302734,
      "std": 1.1151974201202393,
      "min": -5.600252151489258,
      "max": -2.0265045166015625,
      "abs_mean": 3.8609371185302734,
      "shape": [
        32
      ],
      "numel": 32
    },
    "A_log": {
      "mean": 1.5096728801727295,
      "std": 0.5225253105163574,
      "min": 0.1799515038728714,
      "max": 2.2549428939819336,
      "abs_mean": 1.5096728801727295,
      "shape": [
        32
      ],
      "numel": 32
    },
    "D": {
      "mean": 0.8260821104049683,
      "std": 0.025577781721949577,
      "min": 0.7683542966842651,
      "max": 0.8776727318763733,
      "abs_mean": 0.8260821104049683,
      "shape": [
        32
      ],
      "numel": 32
    },
    "in_proj.weight": {
      "mean": 2.3100907128537074e-05,
      "std": 0.020151393488049507,
      "min": -0.14122651517391205,
      "max": 0.12470652163028717,
      "abs_mean": 0.016449909657239914,
      "shape": [
        4256,
        1024
      ],
      "numel": 4358144
    },
    "conv1d.weight": {
      "mean": 4.6546789235435426e-05,
      "std": 0.014769877307116985,
      "min": -0.08075027912855148,
      "max": 0.06587321311235428,
      "abs_mean": 0.011096677742898464,
      "shape": [
        2176,
        1,
        4
      ],
      "numel": 8704
    },
    "conv1d.bias": {
      "mean": 0.0025291910860687494,
      "std": 0.23074831068515778,
      "min": -0.4738674461841583,
      "max": 0.4413380026817322,
      "abs_mean": 0.19536197185516357,
      "shape": [
        2176
      ],
      "numel": 2176
    },
    "norm.weight": {
      "mean": 0.7499269843101501,
      "std": 0.08186035603284836,
      "min": 0.5621704459190369,
      "max": 0.8970420360565186,
      "abs_mean": 0.7499269843101501,
      "shape": [
        2048
      ],
      "numel": 2048
    },
    "out_proj.weight": {
      "mean": -4.0539376641390845e-05,
      "std": 0.02303198352456093,
      "min": -0.08792215585708618,
      "max": 0.08654090017080307,
      "abs_mean": 0.01920219697058201,
      "shape": [
        1024,
        2048
      ],
      "numel": 2097152
    }
  }
}