{
  "meta": {
    "step": 2500,
    "layer_idx": 3,
    "timestamp": "20260324_215749"
  },
  "params": {
    "dt_bias": {
      "mean": -4.0819783210754395,
      "std": 1.1655243635177612,
      "min": -5.935220241546631,
      "max": -2.041165828704834,
      "abs_mean": 4.0819783210754395,
      "shape": [
        24
      ],
      "numel": 24
    },
    "A_log": {
      "mean": 1.4147206544876099,
      "std": 0.6409672498703003,
      "min": 0.24241948127746582,
      "max": 2.3677070140838623,
      "abs_mean": 1.4147206544876099,
      "shape": [
        24
      ],
      "numel": 24
    },
    "D": {
      "mean": 0.8696531653404236,
      "std": 0.010730516165494919,
      "min": 0.8486334681510925,
      "max": 0.890703558921814,
      "abs_mean": 0.8696531653404236,
      "shape": [
        24
      ],
      "numel": 24
    },
    "in_proj.weight": {
      "mean": -0.0001150225434685126,
      "std": 0.03345811739563942,
      "min": -0.1941668540239334,
      "max": 0.18269744515419006,
      "abs_mean": 0.02671787515282631,
      "shape": [
        3224,
        768
      ],
      "numel": 2476032
    },
    "conv1d.weight": {
      "mean": -0.00027820884133689106,
      "std": 0.040146782994270325,
      "min": -0.15351879596710205,
      "max": 0.14769920706748962,
      "abs_mean": 0.0329042449593544,
      "shape": [
        1664,
        1,
        4
      ],
      "numel": 6656
    },
    "conv1d.bias": {
      "mean": 0.00538667244836688,
      "std": 0.2434336394071579,
      "min": -0.44218912720680237,
      "max": 0.4496721029281616,
      "abs_mean": 0.20985661447048187,
      "shape": [
        1664
      ],
      "numel": 1664
    },
    "norm.weight": {
      "mean": 0.9049835205078125,
      "std": 0.03950105234980583,
      "min": 0.7645059823989868,
      "max": 1.068568229675293,
      "abs_mean": 0.9049835205078125,
      "shape": [
        1536
      ],
      "numel": 1536
    },
    "out_proj.weight": {
      "mean": -6.343127461150289e-05,
      "std": 0.03398582711815834,
      "min": -0.15714234113693237,
      "max": 0.17098566889762878,
      "abs_mean": 0.02763378992676735,
      "shape": [
        768,
        1536
      ],
      "numel": 1179648
    }
  }
}