{
  "meta": {
    "step": 0,
    "layer_idx": 0,
    "timestamp": "20260324_214943"
  },
  "params": {
    "dt_bias": {
      "mean": -4.3741631507873535,
      "std": 1.3603373765945435,
      "min": -6.495477199554443,
      "max": -2.3168208599090576,
      "abs_mean": 4.3741631507873535,
      "shape": [
        24
      ],
      "numel": 24
    },
    "A_log": {
      "mean": 1.8361889123916626,
      "std": 0.83115154504776,
      "min": 0.2991250157356262,
      "max": 2.736243963241577,
      "abs_mean": 1.8361889123916626,
      "shape": [
        24
      ],
      "numel": 24
    },
    "D": {
      "mean": 1.0,
      "std": 0.0,
      "min": 1.0,
      "max": 1.0,
      "abs_mean": 1.0,
      "shape": [
        24
      ],
      "numel": 24
    },
    "in_proj.weight": {
      "mean": -9.611599125491921e-06,
      "std": 0.02239096350967884,
      "min": -0.03876860812306404,
      "max": 0.03876856714487076,
      "abs_mean": 0.01939469203352928,
      "shape": [
        3224,
        768
      ],
      "numel": 2476032
    },
    "conv1d.weight": {
      "mean": -0.00031093141296878457,
      "std": 0.017317280173301697,
      "min": -0.030013814568519592,
      "max": 0.02999338135123253,
      "abs_mean": 0.014990627765655518,
      "shape": [
        1664,
        1,
        4
      ],
      "numel": 6656
    },
    "conv1d.bias": {
      "mean": 0.009481905028223991,
      "std": 0.28569865226745605,
      "min": -0.4996284246444702,
      "max": 0.499203622341156,
      "abs_mean": 0.24697725474834442,
      "shape": [
        1664
      ],
      "numel": 1664
    },
    "norm.weight": {
      "mean": 1.0,
      "std": 0.0,
      "min": 1.0,
      "max": 1.0,
      "abs_mean": 1.0,
      "shape": [
        1536
      ],
      "numel": 1536
    },
    "out_proj.weight": {
      "mean": -1.03210022643907e-05,
      "std": 0.029466604813933372,
      "min": -0.051031019538640976,
      "max": 0.051030948758125305,
      "abs_mean": 0.025521568953990936,
      "shape": [
        768,
        1536
      ],
      "numel": 1179648
    }
  }
}