{
  "meta": {
    "step": 4000,
    "layer_idx": 4,
    "timestamp": "20260324_124401"
  },
  "params": {
    "dt_bias": {
      "mean": -3.6242361068725586,
      "std": 1.2058526277542114,
      "min": -5.652858257293701,
      "max": -1.950461983680725,
      "abs_mean": 3.6242361068725586,
      "shape": [
        24
      ],
      "numel": 24
    },
    "A_log": {
      "mean": 1.5687593221664429,
      "std": 0.5055651664733887,
      "min": 0.6846645474433899,
      "max": 2.272165536880493,
      "abs_mean": 1.5687593221664429,
      "shape": [
        24
      ],
      "numel": 24
    },
    "D": {
      "mean": 0.8499155044555664,
      "std": 0.015434356406331062,
      "min": 0.830845057964325,
      "max": 0.8798255920410156,
      "abs_mean": 0.8499155044555664,
      "shape": [
        24
      ],
      "numel": 24
    },
    "in_proj.weight": {
      "mean": -4.129731314606033e-05,
      "std": 0.027111046016216278,
      "min": -0.15302684903144836,
      "max": 0.15614767372608185,
      "abs_mean": 0.021841062232851982,
      "shape": [
        3224,
        768
      ],
      "numel": 2476032
    },
    "conv1d.weight": {
      "mean": -0.00018524695769883692,
      "std": 0.032689884305000305,
      "min": -0.14666016399860382,
      "max": 0.17940327525138855,
      "abs_mean": 0.0246807262301445,
      "shape": [
        1664,
        1,
        4
      ],
      "numel": 6656
    },
    "conv1d.bias": {
      "mean": -0.003022746881470084,
      "std": 0.2315959483385086,
      "min": -0.4591839015483856,
      "max": 0.45145440101623535,
      "abs_mean": 0.19637182354927063,
      "shape": [
        1664
      ],
      "numel": 1664
    },
    "norm.weight": {
      "mean": 0.809490978717804,
      "std": 0.05696571245789528,
      "min": 0.6692168116569519,
      "max": 1.0489765405654907,
      "abs_mean": 0.809490978717804,
      "shape": [
        1536
      ],
      "numel": 1536
    },
    "out_proj.weight": {
      "mean": 7.791698408254888e-06,
      "std": 0.02921484224498272,
      "min": -0.18332400918006897,
      "max": 0.1878219097852707,
      "abs_mean": 0.024111973121762276,
      "shape": [
        768,
        1536
      ],
      "numel": 1179648
    }
  }
}