{
  "meta": {
    "step": 5000,
    "layer_idx": 21,
    "timestamp": "20260325_015736"
  },
  "params": {
    "dt_bias": {
      "mean": -3.8316903114318848,
      "std": 1.2498396635055542,
      "min": -5.665745258331299,
      "max": -1.9445666074752808,
      "abs_mean": 3.8316903114318848,
      "shape": [
        32
      ],
      "numel": 32
    },
    "A_log": {
      "mean": 1.5146706104278564,
      "std": 0.6491649746894836,
      "min": 0.09872609376907349,
      "max": 2.2896275520324707,
      "abs_mean": 1.5146706104278564,
      "shape": [
        32
      ],
      "numel": 32
    },
    "D": {
      "mean": 0.8267478346824646,
      "std": 0.021778622642159462,
      "min": 0.7834391593933105,
      "max": 0.893561601638794,
      "abs_mean": 0.8267478346824646,
      "shape": [
        32
      ],
      "numel": 32
    },
    "in_proj.weight": {
      "mean": -8.7884445747477e-06,
      "std": 0.02044091373682022,
      "min": -0.15706929564476013,
      "max": 0.13513650000095367,
      "abs_mean": 0.016647392883896828,
      "shape": [
        4256,
        1024
      ],
      "numel": 4358144
    },
    "conv1d.weight": {
      "mean": -0.00010377664148109034,
      "std": 0.01587500423192978,
      "min": -0.08054003119468689,
      "max": 0.06797821074724197,
      "abs_mean": 0.012331093661487103,
      "shape": [
        2176,
        1,
        4
      ],
      "numel": 8704
    },
    "conv1d.bias": {
      "mean": -0.003684990108013153,
      "std": 0.22909115254878998,
      "min": -0.4503524601459503,
      "max": 0.45453646779060364,
      "abs_mean": 0.19242557883262634,
      "shape": [
        2176
      ],
      "numel": 2176
    },
    "norm.weight": {
      "mean": 0.7709248661994934,
      "std": 0.0510951392352581,
      "min": 0.6460393071174622,
      "max": 0.9258722066879272,
      "abs_mean": 0.7709248661994934,
      "shape": [
        2048
      ],
      "numel": 2048
    },
    "out_proj.weight": {
      "mean": -4.094534233445302e-06,
      "std": 0.022777823731303215,
      "min": -0.08542896062135696,
      "max": 0.08293109387159348,
      "abs_mean": 0.019076822325587273,
      "shape": [
        1024,
        2048
      ],
      "numel": 2097152
    }
  }
}