{
  "meta": {
    "step": 2000,
    "layer_idx": 2,
    "timestamp": "20260324_124138"
  },
  "params": {
    "dt_bias": {
      "mean": -4.262951374053955,
      "std": 0.9274953603744507,
      "min": -5.707548141479492,
      "max": -2.150402069091797,
      "abs_mean": 4.262951374053955,
      "shape": [
        24
      ],
      "numel": 24
    },
    "A_log": {
      "mean": 1.7137073278427124,
      "std": 0.6205602884292603,
      "min": 0.5244193077087402,
      "max": 2.4486513137817383,
      "abs_mean": 1.7137073278427124,
      "shape": [
        24
      ],
      "numel": 24
    },
    "D": {
      "mean": 0.8941869139671326,
      "std": 0.011294717900454998,
      "min": 0.8634600043296814,
      "max": 0.9165682792663574,
      "abs_mean": 0.8941869139671326,
      "shape": [
        24
      ],
      "numel": 24
    },
    "in_proj.weight": {
      "mean": -1.3980659787193872e-05,
      "std": 0.03023202158510685,
      "min": -0.15404336154460907,
      "max": 0.14485229551792145,
      "abs_mean": 0.02438502386212349,
      "shape": [
        3224,
        768
      ],
      "numel": 2476032
    },
    "conv1d.weight": {
      "mean": 2.2565798644791357e-05,
      "std": 0.036712054163217545,
      "min": -0.12132556736469269,
      "max": 0.11972177773714066,
      "abs_mean": 0.030579401180148125,
      "shape": [
        1664,
        1,
        4
      ],
      "numel": 6656
    },
    "conv1d.bias": {
      "mean": 0.012145953252911568,
      "std": 0.2439410388469696,
      "min": -0.48526662588119507,
      "max": 0.46610814332962036,
      "abs_mean": 0.2095521241426468,
      "shape": [
        1664
      ],
      "numel": 1664
    },
    "norm.weight": {
      "mean": 0.9037442803382874,
      "std": 0.024428805336356163,
      "min": 0.8087524175643921,
      "max": 1.0089232921600342,
      "abs_mean": 0.9037442803382874,
      "shape": [
        1536
      ],
      "numel": 1536
    },
    "out_proj.weight": {
      "mean": 1.8582013581180945e-05,
      "std": 0.03253551572561264,
      "min": -0.14728102087974548,
      "max": 0.14440494775772095,
      "abs_mean": 0.026783771812915802,
      "shape": [
        768,
        1536
      ],
      "numel": 1179648
    }
  }
}