{
  "meta": {
    "step": 5000,
    "layer_idx": 7,
    "timestamp": "20260324_220629"
  },
  "params": {
    "dt_bias": {
      "mean": -3.190911054611206,
      "std": 1.0427440404891968,
      "min": -5.308504104614258,
      "max": -1.7851638793945312,
      "abs_mean": 3.190911054611206,
      "shape": [
        24
      ],
      "numel": 24
    },
    "A_log": {
      "mean": 1.4155832529067993,
      "std": 0.5560669302940369,
      "min": 0.34833216667175293,
      "max": 2.1394896507263184,
      "abs_mean": 1.4155832529067993,
      "shape": [
        24
      ],
      "numel": 24
    },
    "D": {
      "mean": 0.7759642004966736,
      "std": 0.018318209797143936,
      "min": 0.7338394522666931,
      "max": 0.8159220218658447,
      "abs_mean": 0.7759642004966736,
      "shape": [
        24
      ],
      "numel": 24
    },
    "in_proj.weight": {
      "mean": -9.214610327035189e-05,
      "std": 0.025796424597501755,
      "min": -0.19560974836349487,
      "max": 0.20618996024131775,
      "abs_mean": 0.020503979176282883,
      "shape": [
        3224,
        768
      ],
      "numel": 2476032
    },
    "conv1d.weight": {
      "mean": -7.436082341882866e-06,
      "std": 0.02829480543732643,
      "min": -0.14055615663528442,
      "max": 0.1419205665588379,
      "abs_mean": 0.02174052596092224,
      "shape": [
        1664,
        1,
        4
      ],
      "numel": 6656
    },
    "conv1d.bias": {
      "mean": -0.009112915024161339,
      "std": 0.20680886507034302,
      "min": -0.41207823157310486,
      "max": 0.39651334285736084,
      "abs_mean": 0.17506355047225952,
      "shape": [
        1664
      ],
      "numel": 1664
    },
    "norm.weight": {
      "mean": 0.7433502078056335,
      "std": 0.03527935594320297,
      "min": 0.6236181259155273,
      "max": 0.922203004360199,
      "abs_mean": 0.7433502078056335,
      "shape": [
        1536
      ],
      "numel": 1536
    },
    "out_proj.weight": {
      "mean": 3.502621257212013e-05,
      "std": 0.02684714086353779,
      "min": -0.12245012074708939,
      "max": 0.12481072545051575,
      "abs_mean": 0.022151218727231026,
      "shape": [
        768,
        1536
      ],
      "numel": 1179648
    }
  }
}