{
  "meta": {
    "step": 2500,
    "layer_idx": 14,
    "timestamp": "20260324_124213"
  },
  "params": {
    "dt_bias": {
      "mean": -3.8534185886383057,
      "std": 1.1704199314117432,
      "min": -6.061026573181152,
      "max": -2.1068034172058105,
      "abs_mean": 3.8534185886383057,
      "shape": [
        24
      ],
      "numel": 24
    },
    "A_log": {
      "mean": 1.5075393915176392,
      "std": 0.7722191214561462,
      "min": 0.0907551720738411,
      "max": 2.3865246772766113,
      "abs_mean": 1.5075393915176392,
      "shape": [
        24
      ],
      "numel": 24
    },
    "D": {
      "mean": 0.8730974793434143,
      "std": 0.020178264006972313,
      "min": 0.8369280695915222,
      "max": 0.9216119647026062,
      "abs_mean": 0.8730974793434143,
      "shape": [
        24
      ],
      "numel": 24
    },
    "in_proj.weight": {
      "mean": -0.00013521258370019495,
      "std": 0.023444170132279396,
      "min": -0.14625945687294006,
      "max": 0.12601536512374878,
      "abs_mean": 0.019371697679162025,
      "shape": [
        3224,
        768
      ],
      "numel": 2476032
    },
    "conv1d.weight": {
      "mean": 3.796575765591115e-05,
      "std": 0.017468923702836037,
      "min": -0.07979052513837814,
      "max": 0.0721367672085762,
      "abs_mean": 0.01323800440877676,
      "shape": [
        1664,
        1,
        4
      ],
      "numel": 6656
    },
    "conv1d.bias": {
      "mean": 0.0011730382684618235,
      "std": 0.24718829989433289,
      "min": -0.4815205931663513,
      "max": 0.49603182077407837,
      "abs_mean": 0.20892612636089325,
      "shape": [
        1664
      ],
      "numel": 1664
    },
    "norm.weight": {
      "mean": 0.8229816555976868,
      "std": 0.06410983204841614,
      "min": 0.6389485597610474,
      "max": 0.9402340650558472,
      "abs_mean": 0.8229816555976868,
      "shape": [
        1536
      ],
      "numel": 1536
    },
    "out_proj.weight": {
      "mean": 3.620676216087304e-05,
      "std": 0.028959549963474274,
      "min": -0.15081308782100677,
      "max": 0.15518611669540405,
      "abs_mean": 0.02399776130914688,
      "shape": [
        768,
        1536
      ],
      "numel": 1179648
    }
  }
}