{
  "meta": {
    "step": 500,
    "layer_idx": 3,
    "timestamp": "20260324_123955"
  },
  "params": {
    "dt_bias": {
      "mean": -3.9037342071533203,
      "std": 1.1730375289916992,
      "min": -6.371025562286377,
      "max": -2.3793578147888184,
      "abs_mean": 3.9037342071533203,
      "shape": [
        24
      ],
      "numel": 24
    },
    "A_log": {
      "mean": 1.5249634981155396,
      "std": 0.8138299584388733,
      "min": 0.11111529916524887,
      "max": 2.674684762954712,
      "abs_mean": 1.5249634981155396,
      "shape": [
        24
      ],
      "numel": 24
    },
    "D": {
      "mean": 0.9723920226097107,
      "std": 0.007710565812885761,
      "min": 0.9576442241668701,
      "max": 0.9847999811172485,
      "abs_mean": 0.9723920226097107,
      "shape": [
        24
      ],
      "numel": 24
    },
    "in_proj.weight": {
      "mean": -4.4804761273553595e-05,
      "std": 0.023334810510277748,
      "min": -0.08535553514957428,
      "max": 0.09639139473438263,
      "abs_mean": 0.019795404747128487,
      "shape": [
        3224,
        768
      ],
      "numel": 2476032
    },
    "conv1d.weight": {
      "mean": 6.921116437297314e-05,
      "std": 0.018898800015449524,
      "min": -0.05350624769926071,
      "max": 0.04979681223630905,
      "abs_mean": 0.01592034101486206,
      "shape": [
        1664,
        1,
        4
      ],
      "numel": 6656
    },
    "conv1d.bias": {
      "mean": -0.0004928154521621764,
      "std": 0.2712666690349579,
      "min": -0.49264198541641235,
      "max": 0.4956386387348175,
      "abs_mean": 0.2328689694404602,
      "shape": [
        1664
      ],
      "numel": 1664
    },
    "norm.weight": {
      "mean": 0.9573830962181091,
      "std": 0.018921857699751854,
      "min": 0.9123908877372742,
      "max": 1.0084761381149292,
      "abs_mean": 0.9573830962181091,
      "shape": [
        1536
      ],
      "numel": 1536
    },
    "out_proj.weight": {
      "mean": 2.7491050786920823e-05,
      "std": 0.029017485678195953,
      "min": -0.08136051893234253,
      "max": 0.0826750323176384,
      "abs_mean": 0.02494143135845661,
      "shape": [
        768,
        1536
      ],
      "numel": 1179648
    }
  }
}