{
  "meta": {
    "step": 7500,
    "layer_idx": 12,
    "timestamp": "20260324_221509"
  },
  "params": {
    "dt_bias": {
      "mean": -3.6974904537200928,
      "std": 0.9646392464637756,
      "min": -5.006745338439941,
      "max": -1.8654643297195435,
      "abs_mean": 3.6974904537200928,
      "shape": [
        24
      ],
      "numel": 24
    },
    "A_log": {
      "mean": 1.401840090751648,
      "std": 0.4911330044269562,
      "min": 0.10768741369247437,
      "max": 1.933844804763794,
      "abs_mean": 1.401840090751648,
      "shape": [
        24
      ],
      "numel": 24
    },
    "D": {
      "mean": 0.7051796913146973,
      "std": 0.03315908461809158,
      "min": 0.6485587358474731,
      "max": 0.7976619005203247,
      "abs_mean": 0.7051796913146973,
      "shape": [
        24
      ],
      "numel": 24
    },
    "in_proj.weight": {
      "mean": -0.00011067701416322961,
      "std": 0.02223767340183258,
      "min": -0.17234821617603302,
      "max": 0.16689017415046692,
      "abs_mean": 0.017898965626955032,
      "shape": [
        3224,
        768
      ],
      "numel": 2476032
    },
    "conv1d.weight": {
      "mean": -0.0005842320388182998,
      "std": 0.021623868495225906,
      "min": -0.09592833369970322,
      "max": 0.12395575642585754,
      "abs_mean": 0.016449976712465286,
      "shape": [
        1664,
        1,
        4
      ],
      "numel": 6656
    },
    "conv1d.bias": {
      "mean": 0.00444109458476305,
      "std": 0.19296254217624664,
      "min": -0.3888648748397827,
      "max": 0.38570335507392883,
      "abs_mean": 0.16299420595169067,
      "shape": [
        1664
      ],
      "numel": 1664
    },
    "norm.weight": {
      "mean": 0.6794955730438232,
      "std": 0.046210575848817825,
      "min": 0.5109919309616089,
      "max": 0.8028649687767029,
      "abs_mean": 0.6794955730438232,
      "shape": [
        1536
      ],
      "numel": 1536
    },
    "out_proj.weight": {
      "mean": -1.0322393109163386e-06,
      "std": 0.02554493211209774,
      "min": -0.1215699166059494,
      "max": 0.11433515697717667,
      "abs_mean": 0.020928414538502693,
      "shape": [
        768,
        1536
      ],
      "numel": 1179648
    }
  }
}