{
  "meta": {
    "step": 2500,
    "layer_idx": 14,
    "timestamp": "20260324_215749"
  },
  "params": {
    "dt_bias": {
      "mean": -4.078039646148682,
      "std": 1.1854592561721802,
      "min": -5.984861373901367,
      "max": -2.0599164962768555,
      "abs_mean": 4.078039646148682,
      "shape": [
        24
      ],
      "numel": 24
    },
    "A_log": {
      "mean": 1.7279062271118164,
      "std": 0.5786856412887573,
      "min": 0.21304252743721008,
      "max": 2.3699159622192383,
      "abs_mean": 1.7279062271118164,
      "shape": [
        24
      ],
      "numel": 24
    },
    "D": {
      "mean": 0.8656026721000671,
      "std": 0.02270941436290741,
      "min": 0.8150062561035156,
      "max": 0.9114190936088562,
      "abs_mean": 0.8656026721000671,
      "shape": [
        24
      ],
      "numel": 24
    },
    "in_proj.weight": {
      "mean": 9.99376061372459e-06,
      "std": 0.023257853463292122,
      "min": -0.14939093589782715,
      "max": 0.14398780465126038,
      "abs_mean": 0.01924658566713333,
      "shape": [
        3224,
        768
      ],
      "numel": 2476032
    },
    "conv1d.weight": {
      "mean": 0.000386250379960984,
      "std": 0.01821701042354107,
      "min": -0.0865645483136177,
      "max": 0.07613151520490646,
      "abs_mean": 0.013934476301074028,
      "shape": [
        1664,
        1,
        4
      ],
      "numel": 6656
    },
    "conv1d.bias": {
      "mean": 0.011978636495769024,
      "std": 0.24029463529586792,
      "min": -0.4532860815525055,
      "max": 0.45236289501190186,
      "abs_mean": 0.2054947167634964,
      "shape": [
        1664
      ],
      "numel": 1664
    },
    "norm.weight": {
      "mean": 0.8330135941505432,
      "std": 0.04449595883488655,
      "min": 0.7190631628036499,
      "max": 0.9411046504974365,
      "abs_mean": 0.8330135941505432,
      "shape": [
        1536
      ],
      "numel": 1536
    },
    "out_proj.weight": {
      "mean": 6.962536645005457e-06,
      "std": 0.028090445324778557,
      "min": -0.09828229993581772,
      "max": 0.09558942914009094,
      "abs_mean": 0.023520566523075104,
      "shape": [
        768,
        1536
      ],
      "numel": 1179648
    }
  }
}