{
  "meta": {
    "step": 7500,
    "layer_idx": 14,
    "timestamp": "20260324_221509"
  },
  "params": {
    "dt_bias": {
      "mean": -3.4480819702148438,
      "std": 0.997742235660553,
      "min": -5.0485758781433105,
      "max": -1.7650645971298218,
      "abs_mean": 3.4480819702148438,
      "shape": [
        24
      ],
      "numel": 24
    },
    "A_log": {
      "mean": 1.4718042612075806,
      "std": 0.47985151410102844,
      "min": 0.18319809436798096,
      "max": 1.993195652961731,
      "abs_mean": 1.4718042612075806,
      "shape": [
        24
      ],
      "numel": 24
    },
    "D": {
      "mean": 0.697965145111084,
      "std": 0.0382109209895134,
      "min": 0.6381065249443054,
      "max": 0.8192473649978638,
      "abs_mean": 0.697965145111084,
      "shape": [
        24
      ],
      "numel": 24
    },
    "in_proj.weight": {
      "mean": -7.443063077516854e-05,
      "std": 0.021404016762971878,
      "min": -0.24161675572395325,
      "max": 0.23648777604103088,
      "abs_mean": 0.01726502738893032,
      "shape": [
        3224,
        768
      ],
      "numel": 2476032
    },
    "conv1d.weight": {
      "mean": 0.00044780451571568847,
      "std": 0.020654017105698586,
      "min": -0.13450387120246887,
      "max": 0.1166234016418457,
      "abs_mean": 0.01577087678015232,
      "shape": [
        1664,
        1,
        4
      ],
      "numel": 6656
    },
    "conv1d.bias": {
      "mean": 0.010484317317605019,
      "std": 0.19315023720264435,
      "min": -0.393929660320282,
      "max": 0.4199155867099762,
      "abs_mean": 0.1634729653596878,
      "shape": [
        1664
      ],
      "numel": 1664
    },
    "norm.weight": {
      "mean": 0.6815051436424255,
      "std": 0.04695502296090126,
      "min": 0.4976107180118561,
      "max": 0.8669642210006714,
      "abs_mean": 0.6815051436424255,
      "shape": [
        1536
      ],
      "numel": 1536
    },
    "out_proj.weight": {
      "mean": 4.849805009143893e-06,
      "std": 0.02558056451380253,
      "min": -0.11836541444063187,
      "max": 0.12053058296442032,
      "abs_mean": 0.020956361666321754,
      "shape": [
        768,
        1536
      ],
      "numel": 1179648
    }
  }
}