{
  "meta": {
    "step": 5000,
    "layer_idx": 31,
    "timestamp": "20260325_015736"
  },
  "params": {
    "dt_bias": {
      "mean": -3.8550171852111816,
      "std": 1.2537379264831543,
      "min": -5.708683490753174,
      "max": -1.9355090856552124,
      "abs_mean": 3.8550171852111816,
      "shape": [
        32
      ],
      "numel": 32
    },
    "A_log": {
      "mean": 1.539595127105713,
      "std": 0.5010631084442139,
      "min": 0.11118783801794052,
      "max": 2.1970083713531494,
      "abs_mean": 1.539595127105713,
      "shape": [
        32
      ],
      "numel": 32
    },
    "D": {
      "mean": 0.8228490352630615,
      "std": 0.020740697160363197,
      "min": 0.7846612334251404,
      "max": 0.8867291212081909,
      "abs_mean": 0.8228490352630615,
      "shape": [
        32
      ],
      "numel": 32
    },
    "in_proj.weight": {
      "mean": 3.827815089607611e-05,
      "std": 0.018403401598334312,
      "min": -0.2012782096862793,
      "max": 0.14929451048374176,
      "abs_mean": 0.015375671908259392,
      "shape": [
        4256,
        1024
      ],
      "numel": 4358144
    },
    "conv1d.weight": {
      "mean": 8.50537162477849e-06,
      "std": 0.01504996232688427,
      "min": -0.05809702351689339,
      "max": 0.08906780928373337,
      "abs_mean": 0.011362899094820023,
      "shape": [
        2176,
        1,
        4
      ],
      "numel": 8704
    },
    "conv1d.bias": {
      "mean": -0.0053589073941111565,
      "std": 0.23151902854442596,
      "min": -0.4723649024963379,
      "max": 0.46467313170433044,
      "abs_mean": 0.19697043299674988,
      "shape": [
        2176
      ],
      "numel": 2176
    },
    "norm.weight": {
      "mean": 0.7708563208580017,
      "std": 0.07287686318159103,
      "min": 0.5675750970840454,
      "max": 0.8995034098625183,
      "abs_mean": 0.7708563208580017,
      "shape": [
        2048
      ],
      "numel": 2048
    },
    "out_proj.weight": {
      "mean": -5.491018782777246e-06,
      "std": 0.023097647354006767,
      "min": -0.0844968929886818,
      "max": 0.08360056579113007,
      "abs_mean": 0.019283797591924667,
      "shape": [
        1024,
        2048
      ],
      "numel": 2097152
    }
  }
}