{
  "meta": {
    "step": 5000,
    "layer_idx": 3,
    "timestamp": "20260325_015736"
  },
  "params": {
    "dt_bias": {
      "mean": -4.176334857940674,
      "std": 1.3193281888961792,
      "min": -5.780916213989258,
      "max": -1.9632703065872192,
      "abs_mean": 4.176334857940674,
      "shape": [
        32
      ],
      "numel": 32
    },
    "A_log": {
      "mean": 1.521125316619873,
      "std": 0.530953586101532,
      "min": 0.22055694460868835,
      "max": 2.3441576957702637,
      "abs_mean": 1.521125316619873,
      "shape": [
        32
      ],
      "numel": 32
    },
    "D": {
      "mean": 0.8445172905921936,
      "std": 0.03336067125201225,
      "min": 0.7287275195121765,
      "max": 0.9181328415870667,
      "abs_mean": 0.8445172905921936,
      "shape": [
        32
      ],
      "numel": 32
    },
    "in_proj.weight": {
      "mean": 6.937818398000672e-05,
      "std": 0.029265889897942543,
      "min": -0.14722619950771332,
      "max": 0.16886630654335022,
      "abs_mean": 0.023376716300845146,
      "shape": [
        4256,
        1024
      ],
      "numel": 4358144
    },
    "conv1d.weight": {
      "mean": -0.0007127161952666938,
      "std": 0.04261026903986931,
      "min": -0.1438993215560913,
      "max": 0.14140139520168304,
      "abs_mean": 0.033704087138175964,
      "shape": [
        2176,
        1,
        4
      ],
      "numel": 8704
    },
    "conv1d.bias": {
      "mean": -0.004489141050726175,
      "std": 0.22218115627765656,
      "min": -0.45168399810791016,
      "max": 0.4519067108631134,
      "abs_mean": 0.19115139544010162,
      "shape": [
        2176
      ],
      "numel": 2176
    },
    "norm.weight": {
      "mean": 0.8968597054481506,
      "std": 0.04559358209371567,
      "min": 0.6442641615867615,
      "max": 1.086005687713623,
      "abs_mean": 0.8968597054481506,
      "shape": [
        2048
      ],
      "numel": 2048
    },
    "out_proj.weight": {
      "mean": -6.869777280371636e-08,
      "std": 0.03183973953127861,
      "min": -0.15298326313495636,
      "max": 0.15682995319366455,
      "abs_mean": 0.0255990419536829,
      "shape": [
        1024,
        2048
      ],
      "numel": 2097152
    }
  }
}