{
  "meta": {
    "step": 5000,
    "layer_idx": 22,
    "timestamp": "20260325_015736"
  },
  "params": {
    "dt_bias": {
      "mean": -3.7723309993743896,
      "std": 1.0203633308410645,
      "min": -5.4964070320129395,
      "max": -2.025634527206421,
      "abs_mean": 3.7723309993743896,
      "shape": [
        32
      ],
      "numel": 32
    },
    "A_log": {
      "mean": 1.5695674419403076,
      "std": 0.5743243098258972,
      "min": 0.19919869303703308,
      "max": 2.26814341545105,
      "abs_mean": 1.5695674419403076,
      "shape": [
        32
      ],
      "numel": 32
    },
    "D": {
      "mean": 0.8257569670677185,
      "std": 0.027874011546373367,
      "min": 0.7552754282951355,
      "max": 0.8708378076553345,
      "abs_mean": 0.8257569670677185,
      "shape": [
        32
      ],
      "numel": 32
    },
    "in_proj.weight": {
      "mean": -5.585556209553033e-06,
      "std": 0.020811263471841812,
      "min": -0.12135026603937149,
      "max": 0.1311691552400589,
      "abs_mean": 0.016873380169272423,
      "shape": [
        4256,
        1024
      ],
      "numel": 4358144
    },
    "conv1d.weight": {
      "mean": 0.0002582046145107597,
      "std": 0.015494142659008503,
      "min": -0.07831022143363953,
      "max": 0.0861382931470871,
      "abs_mean": 0.011881150305271149,
      "shape": [
        2176,
        1,
        4
      ],
      "numel": 8704
    },
    "conv1d.bias": {
      "mean": -0.002925840439274907,
      "std": 0.2221996933221817,
      "min": -0.42662864923477173,
      "max": 0.4475482702255249,
      "abs_mean": 0.18766248226165771,
      "shape": [
        2176
      ],
      "numel": 2176
    },
    "norm.weight": {
      "mean": 0.7622345685958862,
      "std": 0.05963778495788574,
      "min": 0.6273916363716125,
      "max": 0.8976768851280212,
      "abs_mean": 0.7622345685958862,
      "shape": [
        2048
      ],
      "numel": 2048
    },
    "out_proj.weight": {
      "mean": -3.1397568818647414e-05,
      "std": 0.022769609466195107,
      "min": -0.08869216591119766,
      "max": 0.08671189099550247,
      "abs_mean": 0.019051356241106987,
      "shape": [
        1024,
        2048
      ],
      "numel": 2097152
    }
  }
}