{
  "meta": {
    "step": 9000,
    "layer_idx": 0,
    "timestamp": "20260325_025159"
  },
  "params": {
    "dt_bias": {
      "mean": -3.5858495235443115,
      "std": 0.9320549964904785,
      "min": -5.034347057342529,
      "max": -2.1638808250427246,
      "abs_mean": 3.5858495235443115,
      "shape": [
        32
      ],
      "numel": 32
    },
    "A_log": {
      "mean": 1.2404725551605225,
      "std": 0.37345626950263977,
      "min": 0.38131028413772583,
      "max": 1.899665117263794,
      "abs_mean": 1.2404725551605225,
      "shape": [
        32
      ],
      "numel": 32
    },
    "D": {
      "mean": 0.7438216209411621,
      "std": 0.038260966539382935,
      "min": 0.6814882159233093,
      "max": 0.851301372051239,
      "abs_mean": 0.7438216209411621,
      "shape": [
        32
      ],
      "numel": 32
    },
    "in_proj.weight": {
      "mean": 4.771624298882671e-05,
      "std": 0.03057795763015747,
      "min": -0.17839199304580688,
      "max": 0.17615605890750885,
      "abs_mean": 0.024470031261444092,
      "shape": [
        4256,
        1024
      ],
      "numel": 4358144
    },
    "conv1d.weight": {
      "mean": 0.0007924782112240791,
      "std": 0.060884423553943634,
      "min": -0.2106393575668335,
      "max": 0.2121410369873047,
      "abs_mean": 0.03491298109292984,
      "shape": [
        2176,
        1,
        4
      ],
      "numel": 8704
    },
    "conv1d.bias": {
      "mean": 0.007997480221092701,
      "std": 0.17882895469665527,
      "min": -0.5099061131477356,
      "max": 0.46206972002983093,
      "abs_mean": 0.15267282724380493,
      "shape": [
        2176
      ],
      "numel": 2176
    },
    "norm.weight": {
      "mean": 0.699603259563446,
      "std": 0.059211038053035736,
      "min": 0.4119451940059662,
      "max": 0.8334038257598877,
      "abs_mean": 0.699603259563446,
      "shape": [
        2048
      ],
      "numel": 2048
    },
    "out_proj.weight": {
      "mean": -1.7196571207023226e-05,
      "std": 0.029173748567700386,
      "min": -0.15720555186271667,
      "max": 0.13624730706214905,
      "abs_mean": 0.02361893467605114,
      "shape": [
        1024,
        2048
      ],
      "numel": 2097152
    }
  }
}