{
  "meta": {
    "step": 4000,
    "layer_idx": 3,
    "timestamp": "20260324_124401"
  },
  "params": {
    "dt_bias": {
      "mean": -3.4599769115448,
      "std": 1.0117298364639282,
      "min": -5.5915846824646,
      "max": -2.115161657333374,
      "abs_mean": 3.4599769115448,
      "shape": [
        24
      ],
      "numel": 24
    },
    "A_log": {
      "mean": 1.2775136232376099,
      "std": 0.7011377811431885,
      "min": 0.07239346206188202,
      "max": 2.287215232849121,
      "abs_mean": 1.2775136232376099,
      "shape": [
        24
      ],
      "numel": 24
    },
    "D": {
      "mean": 0.8457232117652893,
      "std": 0.017104947939515114,
      "min": 0.8058046102523804,
      "max": 0.8843353390693665,
      "abs_mean": 0.8457232117652893,
      "shape": [
        24
      ],
      "numel": 24
    },
    "in_proj.weight": {
      "mean": -1.353128936898429e-05,
      "std": 0.030570851638913155,
      "min": -0.1878497153520584,
      "max": 0.1771875023841858,
      "abs_mean": 0.024513505399227142,
      "shape": [
        3224,
        768
      ],
      "numel": 2476032
    },
    "conv1d.weight": {
      "mean": 0.00012088023504475132,
      "std": 0.040288593620061874,
      "min": -0.18574906885623932,
      "max": 0.15392322838306427,
      "abs_mean": 0.03273539990186691,
      "shape": [
        1664,
        1,
        4
      ],
      "numel": 6656
    },
    "conv1d.bias": {
      "mean": 0.0019767300691455603,
      "std": 0.22785210609436035,
      "min": -0.43621549010276794,
      "max": 0.44561490416526794,
      "abs_mean": 0.19372183084487915,
      "shape": [
        1664
      ],
      "numel": 1664
    },
    "norm.weight": {
      "mean": 0.832970917224884,
      "std": 0.04560661315917969,
      "min": 0.7013049125671387,
      "max": 1.0158686637878418,
      "abs_mean": 0.832970917224884,
      "shape": [
        1536
      ],
      "numel": 1536
    },
    "out_proj.weight": {
      "mean": 4.416071897139773e-05,
      "std": 0.031173795461654663,
      "min": -0.17004969716072083,
      "max": 0.1751551628112793,
      "abs_mean": 0.025570139288902283,
      "shape": [
        768,
        1536
      ],
      "numel": 1179648
    }
  }
}