{
  "meta": {
    "step": 1000,
    "layer_idx": 14,
    "timestamp": "20260324_124030"
  },
  "params": {
    "dt_bias": {
      "mean": -4.119401454925537,
      "std": 1.2542903423309326,
      "min": -6.492309093475342,
      "max": -2.260451316833496,
      "abs_mean": 4.119401454925537,
      "shape": [
        24
      ],
      "numel": 24
    },
    "A_log": {
      "mean": 1.620924949645996,
      "std": 0.84144127368927,
      "min": 0.05100179463624954,
      "max": 2.582052230834961,
      "abs_mean": 1.620924949645996,
      "shape": [
        24
      ],
      "numel": 24
    },
    "D": {
      "mean": 0.9440634846687317,
      "std": 0.010474367067217827,
      "min": 0.9241318702697754,
      "max": 0.9718888998031616,
      "abs_mean": 0.9440634846687317,
      "shape": [
        24
      ],
      "numel": 24
    },
    "in_proj.weight": {
      "mean": -5.165677794138901e-05,
      "std": 0.023325957357883453,
      "min": -0.09638658165931702,
      "max": 0.10328131169080734,
      "abs_mean": 0.019647426903247833,
      "shape": [
        3224,
        768
      ],
      "numel": 2476032
    },
    "conv1d.weight": {
      "mean": 0.000270736898528412,
      "std": 0.017105190083384514,
      "min": -0.05448676273226738,
      "max": 0.054415225982666016,
      "abs_mean": 0.013716175220906734,
      "shape": [
        1664,
        1,
        4
      ],
      "numel": 6656
    },
    "conv1d.bias": {
      "mean": 0.0013857821468263865,
      "std": 0.270158052444458,
      "min": -0.5023335814476013,
      "max": 0.5000383257865906,
      "abs_mean": 0.23127824068069458,
      "shape": [
        1664
      ],
      "numel": 1664
    },
    "norm.weight": {
      "mean": 0.9221873879432678,
      "std": 0.033106956630945206,
      "min": 0.8361831307411194,
      "max": 0.990044355392456,
      "abs_mean": 0.9221873879432678,
      "shape": [
        1536
      ],
      "numel": 1536
    },
    "out_proj.weight": {
      "mean": 2.9723483748966828e-05,
      "std": 0.02921426296234131,
      "min": -0.09467896819114685,
      "max": 0.10041077435016632,
      "abs_mean": 0.024807414039969444,
      "shape": [
        768,
        1536
      ],
      "numel": 1179648
    }
  }
}