{
  "meta": {
    "step": 1500,
    "layer_idx": 0,
    "timestamp": "20260324_124103"
  },
  "params": {
    "dt_bias": {
      "mean": -4.199808120727539,
      "std": 1.2684082984924316,
      "min": -6.170535087585449,
      "max": -2.2508764266967773,
      "abs_mean": 4.199808120727539,
      "shape": [
        24
      ],
      "numel": 24
    },
    "A_log": {
      "mean": 1.7074540853500366,
      "std": 0.5407593846321106,
      "min": 0.4430900812149048,
      "max": 2.46586012840271,
      "abs_mean": 1.7074540853500366,
      "shape": [
        24
      ],
      "numel": 24
    },
    "D": {
      "mean": 0.9069470763206482,
      "std": 0.04304351285099983,
      "min": 0.8264151811599731,
      "max": 1.0311936140060425,
      "abs_mean": 0.9069470763206482,
      "shape": [
        24
      ],
      "numel": 24
    },
    "in_proj.weight": {
      "mean": -5.449469972518273e-05,
      "std": 0.030748503282666206,
      "min": -0.15561148524284363,
      "max": 0.14564992487430573,
      "abs_mean": 0.024822596460580826,
      "shape": [
        3224,
        768
      ],
      "numel": 2476032
    },
    "conv1d.weight": {
      "mean": 2.4725177354412153e-05,
      "std": 0.054750707000494,
      "min": -0.18280121684074402,
      "max": 0.19495485723018646,
      "abs_mean": 0.040809135884046555,
      "shape": [
        1664,
        1,
        4
      ],
      "numel": 6656
    },
    "conv1d.bias": {
      "mean": -0.008243213407695293,
      "std": 0.24455693364143372,
      "min": -0.5143184661865234,
      "max": 0.5166013836860657,
      "abs_mean": 0.2126120775938034,
      "shape": [
        1664
      ],
      "numel": 1664
    },
    "norm.weight": {
      "mean": 0.9453063011169434,
      "std": 0.02895873412489891,
      "min": 0.8152609467506409,
      "max": 1.038673996925354,
      "abs_mean": 0.9453063011169434,
      "shape": [
        1536
      ],
      "numel": 1536
    },
    "out_proj.weight": {
      "mean": 5.832866463606479e-06,
      "std": 0.033900368958711624,
      "min": -0.15131203830242157,
      "max": 0.14567001163959503,
      "abs_mean": 0.02802564948797226,
      "shape": [
        768,
        1536
      ],
      "numel": 1179648
    }
  }
}