{
  "meta": {
    "step": 3300,
    "layer_idx": 0,
    "timestamp": "20260324_124307"
  },
  "params": {
    "dt_bias": {
      "mean": -3.9726240634918213,
      "std": 1.1746776103973389,
      "min": -5.747369289398193,
      "max": -2.1313278675079346,
      "abs_mean": 3.9726240634918213,
      "shape": [
        24
      ],
      "numel": 24
    },
    "A_log": {
      "mean": 1.560101866722107,
      "std": 0.4854559004306793,
      "min": 0.44522830843925476,
      "max": 2.2765746116638184,
      "abs_mean": 1.560101866722107,
      "shape": [
        24
      ],
      "numel": 24
    },
    "D": {
      "mean": 0.8453872799873352,
      "std": 0.05688299983739853,
      "min": 0.7453150153160095,
      "max": 1.0184561014175415,
      "abs_mean": 0.8453872799873352,
      "shape": [
        24
      ],
      "numel": 24
    },
    "in_proj.weight": {
      "mean": -7.114776963135228e-05,
      "std": 0.03295845538377762,
      "min": -0.1616031527519226,
      "max": 0.1702611744403839,
      "abs_mean": 0.02643759734928608,
      "shape": [
        3224,
        768
      ],
      "numel": 2476032
    },
    "conv1d.weight": {
      "mean": -0.00016838725423440337,
      "std": 0.06303046643733978,
      "min": -0.19376786053180695,
      "max": 0.18531213700771332,
      "abs_mean": 0.049250148236751556,
      "shape": [
        1664,
        1,
        4
      ],
      "numel": 6656
    },
    "conv1d.bias": {
      "mean": -0.0073624285869300365,
      "std": 0.21608687937259674,
      "min": -0.5128915309906006,
      "max": 0.5107888579368591,
      "abs_mean": 0.18797530233860016,
      "shape": [
        1664
      ],
      "numel": 1664
    },
    "norm.weight": {
      "mean": 0.9050231575965881,
      "std": 0.03406212478876114,
      "min": 0.696809709072113,
      "max": 0.9999682903289795,
      "abs_mean": 0.9050231575965881,
      "shape": [
        1536
      ],
      "numel": 1536
    },
    "out_proj.weight": {
      "mean": 1.5285415429389104e-05,
      "std": 0.03569222614169121,
      "min": -0.15998537838459015,
      "max": 0.16156475245952606,
      "abs_mean": 0.029163692146539688,
      "shape": [
        768,
        1536
      ],
      "numel": 1179648
    }
  }
}