{
  "meta": {
    "step": 9000,
    "layer_idx": 0,
    "timestamp": "20260324_222014"
  },
  "params": {
    "dt_bias": {
      "mean": -3.3379039764404297,
      "std": 0.9410409927368164,
      "min": -4.579655170440674,
      "max": -1.6713963747024536,
      "abs_mean": 3.3379039764404297,
      "shape": [
        24
      ],
      "numel": 24
    },
    "A_log": {
      "mean": 1.204064130783081,
      "std": 0.5505032539367676,
      "min": 0.22932730615139008,
      "max": 1.8541470766067505,
      "abs_mean": 1.204064130783081,
      "shape": [
        24
      ],
      "numel": 24
    },
    "D": {
      "mean": 0.7144426703453064,
      "std": 0.046604223549366,
      "min": 0.6366659998893738,
      "max": 0.8096627593040466,
      "abs_mean": 0.7144426703453064,
      "shape": [
        24
      ],
      "numel": 24
    },
    "in_proj.weight": {
      "mean": -4.6929402742534876e-05,
      "std": 0.03663790598511696,
      "min": -0.18733689188957214,
      "max": 0.19651275873184204,
      "abs_mean": 0.029251372441649437,
      "shape": [
        3224,
        768
      ],
      "numel": 2476032
    },
    "conv1d.weight": {
      "mean": -0.0005445563001558185,
      "std": 0.06857225298881531,
      "min": -0.23424683511257172,
      "max": 0.22923359274864197,
      "abs_mean": 0.03908608853816986,
      "shape": [
        1664,
        1,
        4
      ],
      "numel": 6656
    },
    "conv1d.bias": {
      "mean": 0.0029451451264321804,
      "std": 0.15495672821998596,
      "min": -0.40274009108543396,
      "max": 0.4341527819633484,
      "abs_mean": 0.13316257297992706,
      "shape": [
        1664
      ],
      "numel": 1664
    },
    "norm.weight": {
      "mean": 0.7200183868408203,
      "std": 0.047550018876791,
      "min": 0.45214638113975525,
      "max": 0.8136541843414307,
      "abs_mean": 0.7200183868408203,
      "shape": [
        1536
      ],
      "numel": 1536
    },
    "out_proj.weight": {
      "mean": -1.593672095623333e-05,
      "std": 0.035923294723033905,
      "min": -0.17799162864685059,
      "max": 0.16616132855415344,
      "abs_mean": 0.02889559417963028,
      "shape": [
        768,
        1536
      ],
      "numel": 1179648
    }
  }
}