{
  "meta": {
    "step": 2900,
    "layer_idx": 0,
    "timestamp": "20260324_124238"
  },
  "params": {
    "dt_bias": {
      "mean": -4.006103038787842,
      "std": 1.185397982597351,
      "min": -5.801177501678467,
      "max": -2.149625778198242,
      "abs_mean": 4.006103038787842,
      "shape": [
        24
      ],
      "numel": 24
    },
    "A_log": {
      "mean": 1.578070044517517,
      "std": 0.4915791153907776,
      "min": 0.44879481196403503,
      "max": 2.300819158554077,
      "abs_mean": 1.578070044517517,
      "shape": [
        24
      ],
      "numel": 24
    },
    "D": {
      "mean": 0.8539001941680908,
      "std": 0.05622848495841026,
      "min": 0.7536269426345825,
      "max": 1.0241974592208862,
      "abs_mean": 0.8539001941680908,
      "shape": [
        24
      ],
      "numel": 24
    },
    "in_proj.weight": {
      "mean": -6.92883986630477e-05,
      "std": 0.032878559082746506,
      "min": -0.16295471787452698,
      "max": 0.17264920473098755,
      "abs_mean": 0.026386773213744164,
      "shape": [
        3224,
        768
      ],
      "numel": 2476032
    },
    "conv1d.weight": {
      "mean": -0.00014747516252100468,
      "std": 0.06258819252252579,
      "min": -0.19471003115177155,
      "max": 0.19009184837341309,
      "abs_mean": 0.04867441952228546,
      "shape": [
        1664,
        1,
        4
      ],
      "numel": 6656
    },
    "conv1d.bias": {
      "mean": -0.007446113508194685,
      "std": 0.21925777196884155,
      "min": -0.5155249238014221,
      "max": 0.5135912299156189,
      "abs_mean": 0.1906859576702118,
      "shape": [
        1664
      ],
      "numel": 1664
    },
    "norm.weight": {
      "mean": 0.9125710129737854,
      "std": 0.03377217799425125,
      "min": 0.7116519212722778,
      "max": 1.0073493719100952,
      "abs_mean": 0.9125710129737854,
      "shape": [
        1536
      ],
      "numel": 1536
    },
    "out_proj.weight": {
      "mean": 1.4616929547628388e-05,
      "std": 0.03567960485816002,
      "min": -0.16258791089057922,
      "max": 0.1613686978816986,
      "abs_mean": 0.029182400554418564,
      "shape": [
        768,
        1536
      ],
      "numel": 1179648
    }
  }
}