{
  "meta": {
    "step": 1000,
    "layer_idx": 13,
    "timestamp": "20260324_124030"
  },
  "params": {
    "dt_bias": {
      "mean": -4.441220760345459,
      "std": 1.0220000743865967,
      "min": -6.017666339874268,
      "max": -2.413269281387329,
      "abs_mean": 4.441220760345459,
      "shape": [
        24
      ],
      "numel": 24
    },
    "A_log": {
      "mean": 1.764747142791748,
      "std": 0.7217836380004883,
      "min": 0.1213969886302948,
      "max": 2.617647171020508,
      "abs_mean": 1.764747142791748,
      "shape": [
        24
      ],
      "numel": 24
    },
    "D": {
      "mean": 0.9458536505699158,
      "std": 0.006443369667977095,
      "min": 0.934339702129364,
      "max": 0.9593851566314697,
      "abs_mean": 0.9458536505699158,
      "shape": [
        24
      ],
      "numel": 24
    },
    "in_proj.weight": {
      "mean": -7.68742393120192e-05,
      "std": 0.02335495315492153,
      "min": -0.091131791472435,
      "max": 0.08906920254230499,
      "abs_mean": 0.01967390440404415,
      "shape": [
        3224,
        768
      ],
      "numel": 2476032
    },
    "conv1d.weight": {
      "mean": 0.00015582103515043855,
      "std": 0.017124159261584282,
      "min": -0.054883457720279694,
      "max": 0.049582045525312424,
      "abs_mean": 0.013858569785952568,
      "shape": [
        1664,
        1,
        4
      ],
      "numel": 6656
    },
    "conv1d.bias": {
      "mean": -0.00876997597515583,
      "std": 0.26535093784332275,
      "min": -0.4993669092655182,
      "max": 0.49498340487480164,
      "abs_mean": 0.2280925065279007,
      "shape": [
        1664
      ],
      "numel": 1664
    },
    "norm.weight": {
      "mean": 0.922062873840332,
      "std": 0.03363614156842232,
      "min": 0.8356339335441589,
      "max": 1.0007604360580444,
      "abs_mean": 0.922062873840332,
      "shape": [
        1536
      ],
      "numel": 1536
    },
    "out_proj.weight": {
      "mean": 6.5176841417269316e-06,
      "std": 0.029225148260593414,
      "min": -0.09647580236196518,
      "max": 0.10015298426151276,
      "abs_mean": 0.02483214996755123,
      "shape": [
        768,
        1536
      ],
      "numel": 1179648
    }
  }
}