{
  "meta": {
    "step": 2500,
    "layer_idx": 8,
    "timestamp": "20260324_215749"
  },
  "params": {
    "dt_bias": {
      "mean": -3.5172817707061768,
      "std": 1.2744444608688354,
      "min": -6.046207427978516,
      "max": -2.063504219055176,
      "abs_mean": 3.5172817707061768,
      "shape": [
        24
      ],
      "numel": 24
    },
    "A_log": {
      "mean": 1.7614809274673462,
      "std": 0.5667937994003296,
      "min": 0.058715224266052246,
      "max": 2.418428421020508,
      "abs_mean": 1.7614809274673462,
      "shape": [
        24
      ],
      "numel": 24
    },
    "D": {
      "mean": 0.8686189651489258,
      "std": 0.019446467980742455,
      "min": 0.808092474937439,
      "max": 0.9095996022224426,
      "abs_mean": 0.8686189651489258,
      "shape": [
        24
      ],
      "numel": 24
    },
    "in_proj.weight": {
      "mean": -5.516374221770093e-05,
      "std": 0.024401262402534485,
      "min": -0.19183458387851715,
      "max": 0.2640092074871063,
      "abs_mean": 0.020000331103801727,
      "shape": [
        3224,
        768
      ],
      "numel": 2476032
    },
    "conv1d.weight": {
      "mean": -0.00014471865142695606,
      "std": 0.021290291100740433,
      "min": -0.08299670368432999,
      "max": 0.07781471312046051,
      "abs_mean": 0.01683436520397663,
      "shape": [
        1664,
        1,
        4
      ],
      "numel": 6656
    },
    "conv1d.bias": {
      "mean": -0.00183392153121531,
      "std": 0.24019542336463928,
      "min": -0.44479820132255554,
      "max": 0.4589769244194031,
      "abs_mean": 0.20705264806747437,
      "shape": [
        1664
      ],
      "numel": 1664
    },
    "norm.weight": {
      "mean": 0.8357747197151184,
      "std": 0.03364116698503494,
      "min": 0.7400726675987244,
      "max": 0.9296092391014099,
      "abs_mean": 0.8357747197151184,
      "shape": [
        1536
      ],
      "numel": 1536
    },
    "out_proj.weight": {
      "mean": 3.329009996377863e-05,
      "std": 0.027724767103791237,
      "min": -0.09455297142267227,
      "max": 0.09637809544801712,
      "abs_mean": 0.02330075390636921,
      "shape": [
        768,
        1536
      ],
      "numel": 1179648
    }
  }
}