{
  "meta": {
    "step": 2000,
    "layer_idx": 8,
    "timestamp": "20260324_124138"
  },
  "params": {
    "dt_bias": {
      "mean": -4.191592216491699,
      "std": 1.2450602054595947,
      "min": -6.0875725746154785,
      "max": -2.204251527786255,
      "abs_mean": 4.191592216491699,
      "shape": [
        24
      ],
      "numel": 24
    },
    "A_log": {
      "mean": 1.9270544052124023,
      "std": 0.6239852905273438,
      "min": 0.09484172612428665,
      "max": 2.4801251888275146,
      "abs_mean": 1.9270544052124023,
      "shape": [
        24
      ],
      "numel": 24
    },
    "D": {
      "mean": 0.8927834630012512,
      "std": 0.022359129041433334,
      "min": 0.8247893452644348,
      "max": 0.9307820200920105,
      "abs_mean": 0.8927834630012512,
      "shape": [
        24
      ],
      "numel": 24
    },
    "in_proj.weight": {
      "mean": -0.00011465435090940446,
      "std": 0.024379190057516098,
      "min": -0.14818693697452545,
      "max": 0.139985129237175,
      "abs_mean": 0.020078379660844803,
      "shape": [
        3224,
        768
      ],
      "numel": 2476032
    },
    "conv1d.weight": {
      "mean": -3.985521288996097e-06,
      "std": 0.017743460834026337,
      "min": -0.10251634567975998,
      "max": 0.11426081508398056,
      "abs_mean": 0.01373220980167389,
      "shape": [
        1664,
        1,
        4
      ],
      "numel": 6656
    },
    "conv1d.bias": {
      "mean": -0.0013976157642900944,
      "std": 0.24937857687473297,
      "min": -0.4700457751750946,
      "max": 0.46147534251213074,
      "abs_mean": 0.21127396821975708,
      "shape": [
        1664
      ],
      "numel": 1664
    },
    "norm.weight": {
      "mean": 0.8502016663551331,
      "std": 0.050731562077999115,
      "min": 0.7224885821342468,
      "max": 0.9418225884437561,
      "abs_mean": 0.8502016663551331,
      "shape": [
        1536
      ],
      "numel": 1536
    },
    "out_proj.weight": {
      "mean": 7.36178299121093e-06,
      "std": 0.02863994985818863,
      "min": -0.13898535072803497,
      "max": 0.1364617645740509,
      "abs_mean": 0.023980632424354553,
      "shape": [
        768,
        1536
      ],
      "numel": 1179648
    }
  }
}