{
  "meta": {
    "step": 10000,
    "layer_idx": 18,
    "timestamp": "20260325_030533"
  },
  "params": {
    "dt_bias": {
      "mean": -3.2772116661071777,
      "std": 1.0057531595230103,
      "min": -5.134639263153076,
      "max": -1.7988855838775635,
      "abs_mean": 3.2772116661071777,
      "shape": [
        32
      ],
      "numel": 32
    },
    "A_log": {
      "mean": 1.5093109607696533,
      "std": 0.41811126470565796,
      "min": 0.43503737449645996,
      "max": 2.0423288345336914,
      "abs_mean": 1.5093109607696533,
      "shape": [
        32
      ],
      "numel": 32
    },
    "D": {
      "mean": 0.7301632165908813,
      "std": 0.026095185428857803,
      "min": 0.6877244114875793,
      "max": 0.7816958427429199,
      "abs_mean": 0.7301632165908813,
      "shape": [
        32
      ],
      "numel": 32
    },
    "in_proj.weight": {
      "mean": 7.986388663994148e-05,
      "std": 0.018804097548127174,
      "min": -0.13527657091617584,
      "max": 0.14013046026229858,
      "abs_mean": 0.015255994163453579,
      "shape": [
        4256,
        1024
      ],
      "numel": 4358144
    },
    "conv1d.weight": {
      "mean": -0.0001877820468507707,
      "std": 0.018872946500778198,
      "min": -0.09581175446510315,
      "max": 0.10982631891965866,
      "abs_mean": 0.014884678646922112,
      "shape": [
        2176,
        1,
        4
      ],
      "numel": 8704
    },
    "conv1d.bias": {
      "mean": 0.003126745345070958,
      "std": 0.19716599583625793,
      "min": -0.3903729319572449,
      "max": 0.4026370644569397,
      "abs_mean": 0.16694335639476776,
      "shape": [
        2176
      ],
      "numel": 2176
    },
    "norm.weight": {
      "mean": 0.6945798993110657,
      "std": 0.03264345973730087,
      "min": 0.5478101372718811,
      "max": 0.8272889256477356,
      "abs_mean": 0.6945798993110657,
      "shape": [
        2048
      ],
      "numel": 2048
    },
    "out_proj.weight": {
      "mean": -1.1633001122390851e-05,
      "std": 0.02110905759036541,
      "min": -0.09565432369709015,
      "max": 0.09503462165594101,
      "abs_mean": 0.017516637220978737,
      "shape": [
        1024,
        2048
      ],
      "numel": 2097152
    }
  }
}