{
  "meta": {
    "step": 4700,
    "layer_idx": 0,
    "timestamp": "20260324_124450"
  },
  "params": {
    "dt_bias": {
      "mean": -3.9128568172454834,
      "std": 1.156346321105957,
      "min": -5.655095100402832,
      "max": -2.0904834270477295,
      "abs_mean": 3.9128568172454834,
      "shape": [
        24
      ],
      "numel": 24
    },
    "A_log": {
      "mean": 1.5301576852798462,
      "std": 0.47555407881736755,
      "min": 0.4343709349632263,
      "max": 2.231003999710083,
      "abs_mean": 1.5301576852798462,
      "shape": [
        24
      ],
      "numel": 24
    },
    "D": {
      "mean": 0.8309149742126465,
      "std": 0.056711237877607346,
      "min": 0.7306806445121765,
      "max": 1.003516674041748,
      "abs_mean": 0.8309149742126465,
      "shape": [
        24
      ],
      "numel": 24
    },
    "in_proj.weight": {
      "mean": -7.400397589663044e-05,
      "std": 0.03283458575606346,
      "min": -0.1654326617717743,
      "max": 0.16427725553512573,
      "abs_mean": 0.026320841163396835,
      "shape": [
        3224,
        768
      ],
      "numel": 2476032
    },
    "conv1d.weight": {
      "mean": -0.0001894550077849999,
      "std": 0.06332316994667053,
      "min": -0.20144738256931305,
      "max": 0.1837344914674759,
      "abs_mean": 0.04971379414200783,
      "shape": [
        1664,
        1,
        4
      ],
      "numel": 6656
    },
    "conv1d.bias": {
      "mean": -0.0073338523507118225,
      "std": 0.21110273897647858,
      "min": -0.5069921612739563,
      "max": 0.504621148109436,
      "abs_mean": 0.18377573788166046,
      "shape": [
        1664
      ],
      "numel": 1664
    },
    "norm.weight": {
      "mean": 0.8906424641609192,
      "std": 0.034409478306770325,
      "min": 0.6782799363136292,
      "max": 0.9838882684707642,
      "abs_mean": 0.8906424641609192,
      "shape": [
        1536
      ],
      "numel": 1536
    },
    "out_proj.weight": {
      "mean": 1.7467720681452192e-05,
      "std": 0.035436417907476425,
      "min": -0.1536804735660553,
      "max": 0.16054654121398926,
      "abs_mean": 0.02890605665743351,
      "shape": [
        768,
        1536
      ],
      "numel": 1179648
    }
  }
}