{
  "meta": {
    "step": 4000,
    "layer_idx": 15,
    "timestamp": "20260324_124401"
  },
  "params": {
    "dt_bias": {
      "mean": -3.729767084121704,
      "std": 1.2337076663970947,
      "min": -5.868412971496582,
      "max": -2.009523391723633,
      "abs_mean": 3.729767084121704,
      "shape": [
        24
      ],
      "numel": 24
    },
    "A_log": {
      "mean": 1.8110923767089844,
      "std": 0.453380823135376,
      "min": 0.4578559994697571,
      "max": 2.3333370685577393,
      "abs_mean": 1.8110923767089844,
      "shape": [
        24
      ],
      "numel": 24
    },
    "D": {
      "mean": 0.827076256275177,
      "std": 0.03013324923813343,
      "min": 0.7703920602798462,
      "max": 0.9032847881317139,
      "abs_mean": 0.827076256275177,
      "shape": [
        24
      ],
      "numel": 24
    },
    "in_proj.weight": {
      "mean": -0.0001033428925438784,
      "std": 0.022843671962618828,
      "min": -0.15822382271289825,
      "max": 0.14259526133537292,
      "abs_mean": 0.018833225592970848,
      "shape": [
        3224,
        768
      ],
      "numel": 2476032
    },
    "conv1d.weight": {
      "mean": -2.25581770791905e-05,
      "std": 0.018702004104852676,
      "min": -0.08305559307336807,
      "max": 0.12137747555971146,
      "abs_mean": 0.014116939157247543,
      "shape": [
        1664,
        1,
        4
      ],
      "numel": 6656
    },
    "conv1d.bias": {
      "mean": -0.00849436316639185,
      "std": 0.23164469003677368,
      "min": -0.45749449729919434,
      "max": 0.4499107003211975,
      "abs_mean": 0.194166362285614,
      "shape": [
        1664
      ],
      "numel": 1664
    },
    "norm.weight": {
      "mean": 0.7854588031768799,
      "std": 0.06729309260845184,
      "min": 0.6021987199783325,
      "max": 0.9388590455055237,
      "abs_mean": 0.7854588031768799,
      "shape": [
        1536
      ],
      "numel": 1536
    },
    "out_proj.weight": {
      "mean": 1.1742805327230599e-05,
      "std": 0.028600631281733513,
      "min": -0.18106161057949066,
      "max": 0.17971105873584747,
      "abs_mean": 0.02352277934551239,
      "shape": [
        768,
        1536
      ],
      "numel": 1179648
    }
  }
}