{
  "meta": {
    "step": 7500,
    "layer_idx": 1,
    "timestamp": "20260324_221509"
  },
  "params": {
    "dt_bias": {
      "mean": -3.2475383281707764,
      "std": 0.968613862991333,
      "min": -4.783846855163574,
      "max": -1.727885365486145,
      "abs_mean": 3.2475383281707764,
      "shape": [
        24
      ],
      "numel": 24
    },
    "A_log": {
      "mean": 1.2546762228012085,
      "std": 0.5551437735557556,
      "min": 0.18795226514339447,
      "max": 2.006556987762451,
      "abs_mean": 1.2546762228012085,
      "shape": [
        24
      ],
      "numel": 24
    },
    "D": {
      "mean": 0.7345278859138489,
      "std": 0.030576959252357483,
      "min": 0.6593686938285828,
      "max": 0.7842209339141846,
      "abs_mean": 0.7345278859138489,
      "shape": [
        24
      ],
      "numel": 24
    },
    "in_proj.weight": {
      "mean": -0.00012568877718877047,
      "std": 0.037614259868860245,
      "min": -0.24900156259536743,
      "max": 0.2249608188867569,
      "abs_mean": 0.02998935803771019,
      "shape": [
        3224,
        768
      ],
      "numel": 2476032
    },
    "conv1d.weight": {
      "mean": 0.00036029188777320087,
      "std": 0.05983147770166397,
      "min": -0.19716103374958038,
      "max": 0.25166985392570496,
      "abs_mean": 0.04169754311442375,
      "shape": [
        1664,
        1,
        4
      ],
      "numel": 6656
    },
    "conv1d.bias": {
      "mean": 0.003510815557092428,
      "std": 0.1932505965232849,
      "min": -0.3784719407558441,
      "max": 0.4863303601741791,
      "abs_mean": 0.16814953088760376,
      "shape": [
        1664
      ],
      "numel": 1664
    },
    "norm.weight": {
      "mean": 0.8154012560844421,
      "std": 0.06275875866413116,
      "min": 0.4965682923793793,
      "max": 0.9622178077697754,
      "abs_mean": 0.8154012560844421,
      "shape": [
        1536
      ],
      "numel": 1536
    },
    "out_proj.weight": {
      "mean": 6.783575372537598e-05,
      "std": 0.038355521857738495,
      "min": -0.17577259242534637,
      "max": 0.1913539171218872,
      "abs_mean": 0.030710242688655853,
      "shape": [
        768,
        1536
      ],
      "numel": 1179648
    }
  }
}