{
  "meta": {
    "step": 2400,
    "layer_idx": 0,
    "timestamp": "20260324_124204"
  },
  "params": {
    "dt_bias": {
      "mean": -4.061217784881592,
      "std": 1.2075519561767578,
      "min": -5.899806022644043,
      "max": -2.182871103286743,
      "abs_mean": 4.061217784881592,
      "shape": [
        24
      ],
      "numel": 24
    },
    "A_log": {
      "mean": 1.6104332208633423,
      "std": 0.5028965473175049,
      "min": 0.45403754711151123,
      "max": 2.344160318374634,
      "abs_mean": 1.6104332208633423,
      "shape": [
        24
      ],
      "numel": 24
    },
    "D": {
      "mean": 0.8680486679077148,
      "std": 0.05426061898469925,
      "min": 0.7724335193634033,
      "max": 1.0317611694335938,
      "abs_mean": 0.8680486679077148,
      "shape": [
        24
      ],
      "numel": 24
    },
    "in_proj.weight": {
      "mean": -6.621463398914784e-05,
      "std": 0.03255010396242142,
      "min": -0.15916171669960022,
      "max": 0.16905227303504944,
      "abs_mean": 0.026150524616241455,
      "shape": [
        3224,
        768
      ],
      "numel": 2476032
    },
    "conv1d.weight": {
      "mean": -2.9550565159297548e-05,
      "std": 0.061456404626369476,
      "min": -0.1979387402534485,
      "max": 0.1910979449748993,
      "abs_mean": 0.047337811440229416,
      "shape": [
        1664,
        1,
        4
      ],
      "numel": 6656
    },
    "conv1d.bias": {
      "mean": -0.007522091269493103,
      "std": 0.22508041560649872,
      "min": -0.5175319314002991,
      "max": 0.5169203877449036,
      "abs_mean": 0.19571635127067566,
      "shape": [
        1664
      ],
      "numel": 1664
    },
    "norm.weight": {
      "mean": 0.924155056476593,
      "std": 0.032793786376714706,
      "min": 0.7323397397994995,
      "max": 1.0160675048828125,
      "abs_mean": 0.924155056476593,
      "shape": [
        1536
      ],
      "numel": 1536
    },
    "out_proj.weight": {
      "mean": 1.118424188462086e-05,
      "std": 0.03545759990811348,
      "min": -0.15980997681617737,
      "max": 0.16083388030529022,
      "abs_mean": 0.029065383598208427,
      "shape": [
        768,
        1536
      ],
      "numel": 1179648
    }
  }
}