{
  "meta": {
    "step": 10000,
    "layer_idx": 9,
    "timestamp": "20260325_030533"
  },
  "params": {
    "dt_bias": {
      "mean": -3.644801139831543,
      "std": 1.0415135622024536,
      "min": -5.184408664703369,
      "max": -1.8682883977890015,
      "abs_mean": 3.644801139831543,
      "shape": [
        32
      ],
      "numel": 32
    },
    "A_log": {
      "mean": 1.4230608940124512,
      "std": 0.5514761805534363,
      "min": 0.3403327763080597,
      "max": 2.030217170715332,
      "abs_mean": 1.4230608940124512,
      "shape": [
        32
      ],
      "numel": 32
    },
    "D": {
      "mean": 0.7397866249084473,
      "std": 0.018085792660713196,
      "min": 0.7123848795890808,
      "max": 0.7790402770042419,
      "abs_mean": 0.7397866249084473,
      "shape": [
        32
      ],
      "numel": 32
    },
    "in_proj.weight": {
      "mean": 0.00011069078755099326,
      "std": 0.023521825671195984,
      "min": -0.1562839299440384,
      "max": 0.18304719030857086,
      "abs_mean": 0.018735552206635475,
      "shape": [
        4256,
        1024
      ],
      "numel": 4358144
    },
    "conv1d.weight": {
      "mean": -0.00012214673915877938,
      "std": 0.03093688189983368,
      "min": -0.15314780175685883,
      "max": 0.163614422082901,
      "abs_mean": 0.024226371198892593,
      "shape": [
        2176,
        1,
        4
      ],
      "numel": 8704
    },
    "conv1d.bias": {
      "mean": 0.0014046990545466542,
      "std": 0.20639480650424957,
      "min": -0.41002967953681946,
      "max": 0.40570610761642456,
      "abs_mean": 0.17647939920425415,
      "shape": [
        2176
      ],
      "numel": 2176
    },
    "norm.weight": {
      "mean": 0.7072910666465759,
      "std": 0.0504053458571434,
      "min": 0.5346513986587524,
      "max": 0.967880368232727,
      "abs_mean": 0.7072910666465759,
      "shape": [
        2048
      ],
      "numel": 2048
    },
    "out_proj.weight": {
      "mean": -2.2458589228335768e-05,
      "std": 0.02438412234187126,
      "min": -0.14100196957588196,
      "max": 0.13200798630714417,
      "abs_mean": 0.01984032802283764,
      "shape": [
        1024,
        2048
      ],
      "numel": 2097152
    }
  }
}