{
  "meta": {
    "step": 2500,
    "layer_idx": 13,
    "timestamp": "20260324_124213"
  },
  "params": {
    "dt_bias": {
      "mean": -4.153562068939209,
      "std": 0.9516203999519348,
      "min": -5.619683742523193,
      "max": -2.2687690258026123,
      "abs_mean": 4.153562068939209,
      "shape": [
        24
      ],
      "numel": 24
    },
    "A_log": {
      "mean": 1.6533222198486328,
      "std": 0.6585366725921631,
      "min": 0.14128638803958893,
      "max": 2.4613871574401855,
      "abs_mean": 1.6533222198486328,
      "shape": [
        24
      ],
      "numel": 24
    },
    "D": {
      "mean": 0.8757786154747009,
      "std": 0.015991810709238052,
      "min": 0.8434249758720398,
      "max": 0.9139830470085144,
      "abs_mean": 0.8757786154747009,
      "shape": [
        24
      ],
      "numel": 24
    },
    "in_proj.weight": {
      "mean": -0.00014419500075746328,
      "std": 0.02348506450653076,
      "min": -0.13721202313899994,
      "max": 0.13144387304782867,
      "abs_mean": 0.019415130838751793,
      "shape": [
        3224,
        768
      ],
      "numel": 2476032
    },
    "conv1d.weight": {
      "mean": 0.00014783319784328341,
      "std": 0.017518876120448112,
      "min": -0.08725672215223312,
      "max": 0.07874112576246262,
      "abs_mean": 0.013371804729104042,
      "shape": [
        1664,
        1,
        4
      ],
      "numel": 6656
    },
    "conv1d.bias": {
      "mean": -0.007625678554177284,
      "std": 0.24306464195251465,
      "min": -0.47459855675697327,
      "max": 0.4703768491744995,
      "abs_mean": 0.20623740553855896,
      "shape": [
        1664
      ],
      "numel": 1664
    },
    "norm.weight": {
      "mean": 0.8248264193534851,
      "std": 0.06369159370660782,
      "min": 0.6799986958503723,
      "max": 0.9550908207893372,
      "abs_mean": 0.8248264193534851,
      "shape": [
        1536
      ],
      "numel": 1536
    },
    "out_proj.weight": {
      "mean": 1.571864959259983e-05,
      "std": 0.028929971158504486,
      "min": -0.15365654230117798,
      "max": 0.15583392977714539,
      "abs_mean": 0.023995110765099525,
      "shape": [
        768,
        1536
      ],
      "numel": 1179648
    }
  }
}