{
  "meta": {
    "step": 5000,
    "layer_idx": 14,
    "timestamp": "20260325_015736"
  },
  "params": {
    "dt_bias": {
      "mean": -3.735703945159912,
      "std": 1.0032004117965698,
      "min": -5.752801418304443,
      "max": -1.9841922521591187,
      "abs_mean": 3.735703945159912,
      "shape": [
        32
      ],
      "numel": 32
    },
    "A_log": {
      "mean": 1.6219117641448975,
      "std": 0.6168583035469055,
      "min": 0.013074354268610477,
      "max": 2.278359889984131,
      "abs_mean": 1.6219117641448975,
      "shape": [
        32
      ],
      "numel": 32
    },
    "D": {
      "mean": 0.8285003304481506,
      "std": 0.01645500771701336,
      "min": 0.7853150963783264,
      "max": 0.8651164770126343,
      "abs_mean": 0.8285003304481506,
      "shape": [
        32
      ],
      "numel": 32
    },
    "in_proj.weight": {
      "mean": 4.221783092361875e-05,
      "std": 0.01986035890877247,
      "min": -0.16802264750003815,
      "max": 0.2427894026041031,
      "abs_mean": 0.016318246722221375,
      "shape": [
        4256,
        1024
      ],
      "numel": 4358144
    },
    "conv1d.weight": {
      "mean": -0.00010145772830583155,
      "std": 0.01857684552669525,
      "min": -0.09919405728578568,
      "max": 0.11517895013093948,
      "abs_mean": 0.014653059653937817,
      "shape": [
        2176,
        1,
        4
      ],
      "numel": 8704
    },
    "conv1d.bias": {
      "mean": 0.0048569608479738235,
      "std": 0.22449800372123718,
      "min": -0.4277467429637909,
      "max": 0.4212169349193573,
      "abs_mean": 0.19025959074497223,
      "shape": [
        2176
      ],
      "numel": 2176
    },
    "norm.weight": {
      "mean": 0.7959924936294556,
      "std": 0.032550226897001266,
      "min": 0.6887197494506836,
      "max": 0.895193338394165,
      "abs_mean": 0.7959924936294556,
      "shape": [
        2048
      ],
      "numel": 2048
    },
    "out_proj.weight": {
      "mean": 4.0848017306416295e-06,
      "std": 0.02285568043589592,
      "min": -0.09545706957578659,
      "max": 0.08247391879558563,
      "abs_mean": 0.019218886271119118,
      "shape": [
        1024,
        2048
      ],
      "numel": 2097152
    }
  }
}