{
  "meta": {
    "step": 2500,
    "layer_idx": 6,
    "timestamp": "20260324_215749"
  },
  "params": {
    "dt_bias": {
      "mean": -4.051681995391846,
      "std": 1.1754491329193115,
      "min": -5.913290977478027,
      "max": -2.102160692214966,
      "abs_mean": 4.051681995391846,
      "shape": [
        24
      ],
      "numel": 24
    },
    "A_log": {
      "mean": 1.6268501281738281,
      "std": 0.5859377384185791,
      "min": 0.006999246776103973,
      "max": 2.2574634552001953,
      "abs_mean": 1.6268501281738281,
      "shape": [
        24
      ],
      "numel": 24
    },
    "D": {
      "mean": 0.8651354908943176,
      "std": 0.015303323976695538,
      "min": 0.8400143980979919,
      "max": 0.9080578088760376,
      "abs_mean": 0.8651354908943176,
      "shape": [
        24
      ],
      "numel": 24
    },
    "in_proj.weight": {
      "mean": -4.0152059227693826e-05,
      "std": 0.025176437571644783,
      "min": -0.21942542493343353,
      "max": 0.2732999622821808,
      "abs_mean": 0.020513813942670822,
      "shape": [
        3224,
        768
      ],
      "numel": 2476032
    },
    "conv1d.weight": {
      "mean": 0.0003543258353602141,
      "std": 0.02348998188972473,
      "min": -0.12342626601457596,
      "max": 0.1170143261551857,
      "abs_mean": 0.018556246533989906,
      "shape": [
        1664,
        1,
        4
      ],
      "numel": 6656
    },
    "conv1d.bias": {
      "mean": 0.0007584844133816659,
      "std": 0.23292239010334015,
      "min": -0.463625431060791,
      "max": 0.4564420282840729,
      "abs_mean": 0.19718942046165466,
      "shape": [
        1664
      ],
      "numel": 1664
    },
    "norm.weight": {
      "mean": 0.836616039276123,
      "std": 0.03439752012491226,
      "min": 0.7352025508880615,
      "max": 0.941874086856842,
      "abs_mean": 0.836616039276123,
      "shape": [
        1536
      ],
      "numel": 1536
    },
    "out_proj.weight": {
      "mean": -3.10427276417613e-05,
      "std": 0.027719927951693535,
      "min": -0.10476506501436234,
      "max": 0.11877454072237015,
      "abs_mean": 0.0233010146766901,
      "shape": [
        768,
        1536
      ],
      "numel": 1179648
    }
  }
}