{
  "meta": {
    "step": 2000,
    "layer_idx": 5,
    "timestamp": "20260324_124138"
  },
  "params": {
    "dt_bias": {
      "mean": -4.366283416748047,
      "std": 1.1056870222091675,
      "min": -6.0857672691345215,
      "max": -2.79658579826355,
      "abs_mean": 4.366283416748047,
      "shape": [
        24
      ],
      "numel": 24
    },
    "A_log": {
      "mean": 1.867299199104309,
      "std": 0.42786502838134766,
      "min": 0.8604816794395447,
      "max": 2.4120562076568604,
      "abs_mean": 1.867299199104309,
      "shape": [
        24
      ],
      "numel": 24
    },
    "D": {
      "mean": 0.8906447291374207,
      "std": 0.020325951278209686,
      "min": 0.8359811305999756,
      "max": 0.9416602253913879,
      "abs_mean": 0.8906447291374207,
      "shape": [
        24
      ],
      "numel": 24
    },
    "in_proj.weight": {
      "mean": -0.00012864907330367714,
      "std": 0.024878576397895813,
      "min": -0.14012771844863892,
      "max": 0.14755356311798096,
      "abs_mean": 0.02042168751358986,
      "shape": [
        3224,
        768
      ],
      "numel": 2476032
    },
    "conv1d.weight": {
      "mean": 7.384536729659885e-05,
      "std": 0.02082047052681446,
      "min": -0.12376178801059723,
      "max": 0.10867684334516525,
      "abs_mean": 0.016288945451378822,
      "shape": [
        1664,
        1,
        4
      ],
      "numel": 6656
    },
    "conv1d.bias": {
      "mean": -0.0029843065422028303,
      "std": 0.243699848651886,
      "min": -0.4578682482242584,
      "max": 0.46708598732948303,
      "abs_mean": 0.20654606819152832,
      "shape": [
        1664
      ],
      "numel": 1664
    },
    "norm.weight": {
      "mean": 0.8494492173194885,
      "std": 0.04523317888379097,
      "min": 0.7415602207183838,
      "max": 0.9561508893966675,
      "abs_mean": 0.8494492173194885,
      "shape": [
        1536
      ],
      "numel": 1536
    },
    "out_proj.weight": {
      "mean": 6.105926331656519e-06,
      "std": 0.028545202687382698,
      "min": -0.14025060832500458,
      "max": 0.14632558822631836,
      "abs_mean": 0.023937514051795006,
      "shape": [
        768,
        1536
      ],
      "numel": 1179648
    }
  }
}