{
  "meta": {
    "step": 2800,
    "layer_idx": 0,
    "timestamp": "20260324_124232"
  },
  "params": {
    "dt_bias": {
      "mean": -4.015953540802002,
      "std": 1.1889878511428833,
      "min": -5.8142876625061035,
      "max": -2.157719373703003,
      "abs_mean": 4.015953540802002,
      "shape": [
        24
      ],
      "numel": 24
    },
    "A_log": {
      "mean": 1.583634376525879,
      "std": 0.4935597777366638,
      "min": 0.4505229890346527,
      "max": 2.3096730709075928,
      "abs_mean": 1.583634376525879,
      "shape": [
        24
      ],
      "numel": 24
    },
    "D": {
      "mean": 0.8563854098320007,
      "std": 0.0560583733022213,
      "min": 0.756176769733429,
      "max": 1.0269585847854614,
      "abs_mean": 0.8563854098320007,
      "shape": [
        24
      ],
      "numel": 24
    },
    "in_proj.weight": {
      "mean": -7.161605026340112e-05,
      "std": 0.032842203974723816,
      "min": -0.16595126688480377,
      "max": 0.17203086614608765,
      "abs_mean": 0.026360874995589256,
      "shape": [
        3224,
        768
      ],
      "numel": 2476032
    },
    "conv1d.weight": {
      "mean": -0.00016455634613521397,
      "std": 0.06244848668575287,
      "min": -0.19858653843402863,
      "max": 0.18886199593544006,
      "abs_mean": 0.04853605479001999,
      "shape": [
        1664,
        1,
        4
      ],
      "numel": 6656
    },
    "conv1d.bias": {
      "mean": -0.007453293539583683,
      "std": 0.22018113732337952,
      "min": -0.515844464302063,
      "max": 0.5141307711601257,
      "abs_mean": 0.1915002167224884,
      "shape": [
        1664
      ],
      "numel": 1664
    },
    "norm.weight": {
      "mean": 0.914784848690033,
      "std": 0.033622533082962036,
      "min": 0.71278977394104,
      "max": 1.0117908716201782,
      "abs_mean": 0.914784848690033,
      "shape": [
        1536
      ],
      "numel": 1536
    },
    "out_proj.weight": {
      "mean": 1.3077822586637922e-05,
      "std": 0.0356629379093647,
      "min": -0.16098754107952118,
      "max": 0.16029423475265503,
      "abs_mean": 0.02917853370308876,
      "shape": [
        768,
        1536
      ],
      "numel": 1179648
    }
  }
}