{
  "meta": {
    "step": 3000,
    "layer_idx": 13,
    "timestamp": "20260324_124247"
  },
  "params": {
    "dt_bias": {
      "mean": -4.089780330657959,
      "std": 0.9364505410194397,
      "min": -5.527089595794678,
      "max": -2.2331905364990234,
      "abs_mean": 4.089780330657959,
      "shape": [
        24
      ],
      "numel": 24
    },
    "A_log": {
      "mean": 1.6264690160751343,
      "std": 0.6468923091888428,
      "min": 0.14493003487586975,
      "max": 2.419664144515991,
      "abs_mean": 1.6264690160751343,
      "shape": [
        24
      ],
      "numel": 24
    },
    "D": {
      "mean": 0.8588733077049255,
      "std": 0.01854897476732731,
      "min": 0.8207830190658569,
      "max": 0.9058399796485901,
      "abs_mean": 0.8588733077049255,
      "shape": [
        24
      ],
      "numel": 24
    },
    "in_proj.weight": {
      "mean": -0.00015137089940253645,
      "std": 0.02345198579132557,
      "min": -0.1403421312570572,
      "max": 0.1507791131734848,
      "abs_mean": 0.019321883097290993,
      "shape": [
        3224,
        768
      ],
      "numel": 2476032
    },
    "conv1d.weight": {
      "mean": 0.00012477938435040414,
      "std": 0.017865020781755447,
      "min": -0.10490155965089798,
      "max": 0.09296237677335739,
      "abs_mean": 0.013671105727553368,
      "shape": [
        1664,
        1,
        4
      ],
      "numel": 6656
    },
    "conv1d.bias": {
      "mean": -0.00753753213211894,
      "std": 0.23754094541072845,
      "min": -0.46894311904907227,
      "max": 0.4632236957550049,
      "abs_mean": 0.20100799202919006,
      "shape": [
        1664
      ],
      "numel": 1664
    },
    "norm.weight": {
      "mean": 0.8059640526771545,
      "std": 0.0656893402338028,
      "min": 0.6502768993377686,
      "max": 0.9362053275108337,
      "abs_mean": 0.8059640526771545,
      "shape": [
        1536
      ],
      "numel": 1536
    },
    "out_proj.weight": {
      "mean": 1.485672783019254e-05,
      "std": 0.028757089748978615,
      "min": -0.17015010118484497,
      "max": 0.16940069198608398,
      "abs_mean": 0.02375691570341587,
      "shape": [
        768,
        1536
      ],
      "numel": 1179648
    }
  }
}