{
  "meta": {
    "step": 5000,
    "layer_idx": 13,
    "timestamp": "20260324_220629"
  },
  "params": {
    "dt_bias": {
      "mean": -3.286112070083618,
      "std": 1.0555882453918457,
      "min": -5.191634654998779,
      "max": -1.8542174100875854,
      "abs_mean": 3.286112070083618,
      "shape": [
        24
      ],
      "numel": 24
    },
    "A_log": {
      "mean": 1.6828594207763672,
      "std": 0.3008670508861542,
      "min": 1.0418658256530762,
      "max": 2.1115877628326416,
      "abs_mean": 1.6828594207763672,
      "shape": [
        24
      ],
      "numel": 24
    },
    "D": {
      "mean": 0.7652812004089355,
      "std": 0.02761192061007023,
      "min": 0.7057873010635376,
      "max": 0.8192053437232971,
      "abs_mean": 0.7652812004089355,
      "shape": [
        24
      ],
      "numel": 24
    },
    "in_proj.weight": {
      "mean": -7.772655953885987e-05,
      "std": 0.022641081362962723,
      "min": -0.18401585519313812,
      "max": 0.1743950992822647,
      "abs_mean": 0.0183974988758564,
      "shape": [
        3224,
        768
      ],
      "numel": 2476032
    },
    "conv1d.weight": {
      "mean": -0.0001923900708789006,
      "std": 0.019663551822304726,
      "min": -0.11567970365285873,
      "max": 0.07677390426397324,
      "abs_mean": 0.01485457830131054,
      "shape": [
        1664,
        1,
        4
      ],
      "numel": 6656
    },
    "conv1d.bias": {
      "mean": -0.001351530198007822,
      "std": 0.20647886395454407,
      "min": -0.4233033359050751,
      "max": 0.3996540904045105,
      "abs_mean": 0.1763988882303238,
      "shape": [
        1664
      ],
      "numel": 1664
    },
    "norm.weight": {
      "mean": 0.7300519347190857,
      "std": 0.05106180161237717,
      "min": 0.6126305460929871,
      "max": 0.8477507829666138,
      "abs_mean": 0.7300519347190857,
      "shape": [
        1536
      ],
      "numel": 1536
    },
    "out_proj.weight": {
      "mean": -4.258549779478926e-06,
      "std": 0.02671590819954872,
      "min": -0.10704917460680008,
      "max": 0.10864417999982834,
      "abs_mean": 0.022006049752235413,
      "shape": [
        768,
        1536
      ],
      "numel": 1179648
    }
  }
}