{
  "meta": {
    "step": 4000,
    "layer_idx": 2,
    "timestamp": "20260324_124401"
  },
  "params": {
    "dt_bias": {
      "mean": -4.057652950286865,
      "std": 0.876076340675354,
      "min": -5.428621768951416,
      "max": -2.0576937198638916,
      "abs_mean": 4.057652950286865,
      "shape": [
        24
      ],
      "numel": 24
    },
    "A_log": {
      "mean": 1.5909556150436401,
      "std": 0.5707931518554688,
      "min": 0.5235227346420288,
      "max": 2.279021978378296,
      "abs_mean": 1.5909556150436401,
      "shape": [
        24
      ],
      "numel": 24
    },
    "D": {
      "mean": 0.8492262959480286,
      "std": 0.016116632148623466,
      "min": 0.804984986782074,
      "max": 0.8743714094161987,
      "abs_mean": 0.8492262959480286,
      "shape": [
        24
      ],
      "numel": 24
    },
    "in_proj.weight": {
      "mean": -2.982469231938012e-05,
      "std": 0.032341163605451584,
      "min": -0.18020090460777283,
      "max": 0.16837510466575623,
      "abs_mean": 0.025902774184942245,
      "shape": [
        3224,
        768
      ],
      "numel": 2476032
    },
    "conv1d.weight": {
      "mean": 0.00016764583415351808,
      "std": 0.04784820228815079,
      "min": -0.14100079238414764,
      "max": 0.1313626617193222,
      "abs_mean": 0.03989434987306595,
      "shape": [
        1664,
        1,
        4
      ],
      "numel": 6656
    },
    "conv1d.bias": {
      "mean": 0.010777413845062256,
      "std": 0.21996361017227173,
      "min": -0.47929659485816956,
      "max": 0.45529118180274963,
      "abs_mean": 0.18799932301044464,
      "shape": [
        1664
      ],
      "numel": 1664
    },
    "norm.weight": {
      "mean": 0.9016861915588379,
      "std": 0.027084125205874443,
      "min": 0.7203266024589539,
      "max": 1.002675175666809,
      "abs_mean": 0.9016861915588379,
      "shape": [
        1536
      ],
      "numel": 1536
    },
    "out_proj.weight": {
      "mean": 6.303110239969101e-06,
      "std": 0.03462273254990578,
      "min": -0.17840911448001862,
      "max": 0.1781339794397354,
      "abs_mean": 0.028110690414905548,
      "shape": [
        768,
        1536
      ],
      "numel": 1179648
    }
  }
}