{
  "meta": {
    "step": 4000,
    "layer_idx": 5,
    "timestamp": "20260324_124401"
  },
  "params": {
    "dt_bias": {
      "mean": -4.140198230743408,
      "std": 1.0524972677230835,
      "min": -5.770505428314209,
      "max": -2.651432514190674,
      "abs_mean": 4.140198230743408,
      "shape": [
        24
      ],
      "numel": 24
    },
    "A_log": {
      "mean": 1.7696212530136108,
      "std": 0.4088943600654602,
      "min": 0.8312896490097046,
      "max": 2.296420097351074,
      "abs_mean": 1.7696212530136108,
      "shape": [
        24
      ],
      "numel": 24
    },
    "D": {
      "mean": 0.8457116484642029,
      "std": 0.01795651577413082,
      "min": 0.8020803928375244,
      "max": 0.8993023037910461,
      "abs_mean": 0.8457116484642029,
      "shape": [
        24
      ],
      "numel": 24
    },
    "in_proj.weight": {
      "mean": -0.00014315589214675128,
      "std": 0.02637229673564434,
      "min": -0.1746196299791336,
      "max": 0.1760927438735962,
      "abs_mean": 0.021247610449790955,
      "shape": [
        3224,
        768
      ],
      "numel": 2476032
    },
    "conv1d.weight": {
      "mean": 0.00014586512406822294,
      "std": 0.031463611871004105,
      "min": -0.14187085628509521,
      "max": 0.14481936395168304,
      "abs_mean": 0.024384794756770134,
      "shape": [
        1664,
        1,
        4
      ],
      "numel": 6656
    },
    "conv1d.bias": {
      "mean": -0.002483960008248687,
      "std": 0.2287319153547287,
      "min": -0.4325457513332367,
      "max": 0.43355733156204224,
      "abs_mean": 0.193129301071167,
      "shape": [
        1664
      ],
      "numel": 1664
    },
    "norm.weight": {
      "mean": 0.8037697672843933,
      "std": 0.05575082078576088,
      "min": 0.6904203295707703,
      "max": 1.017128825187683,
      "abs_mean": 0.8037697672843933,
      "shape": [
        1536
      ],
      "numel": 1536
    },
    "out_proj.weight": {
      "mean": 1.0013211976911407e-05,
      "std": 0.02861638180911541,
      "min": -0.19281308352947235,
      "max": 0.19885464012622833,
      "abs_mean": 0.023625800386071205,
      "shape": [
        768,
        1536
      ],
      "numel": 1179648
    }
  }
}