{
  "meta": {
    "step": 3500,
    "layer_idx": 2,
    "timestamp": "20260324_124320"
  },
  "params": {
    "dt_bias": {
      "mean": -4.086009502410889,
      "std": 0.8828299045562744,
      "min": -5.467864513397217,
      "max": -2.0708861351013184,
      "abs_mean": 4.086009502410889,
      "shape": [
        24
      ],
      "numel": 24
    },
    "A_log": {
      "mean": 1.6070513725280762,
      "std": 0.5783365368843079,
      "min": 0.5209580659866333,
      "max": 2.298560857772827,
      "abs_mean": 1.6070513725280762,
      "shape": [
        24
      ],
      "numel": 24
    },
    "D": {
      "mean": 0.854937732219696,
      "std": 0.01497483067214489,
      "min": 0.8154016733169556,
      "max": 0.8785028457641602,
      "abs_mean": 0.854937732219696,
      "shape": [
        24
      ],
      "numel": 24
    },
    "in_proj.weight": {
      "mean": -2.7790771127911285e-05,
      "std": 0.03219936043024063,
      "min": -0.17847207188606262,
      "max": 0.1637170910835266,
      "abs_mean": 0.025802114978432655,
      "shape": [
        3224,
        768
      ],
      "numel": 2476032
    },
    "conv1d.weight": {
      "mean": 0.00015562948829028755,
      "std": 0.04664149135351181,
      "min": -0.13484056293964386,
      "max": 0.13100773096084595,
      "abs_mean": 0.03887486085295677,
      "shape": [
        1664,
        1,
        4
      ],
      "numel": 6656
    },
    "conv1d.bias": {
      "mean": 0.011058544740080833,
      "std": 0.22347185015678406,
      "min": -0.4815913736820221,
      "max": 0.45731350779533386,
      "abs_mean": 0.19124735891819,
      "shape": [
        1664
      ],
      "numel": 1664
    },
    "norm.weight": {
      "mean": 0.8982581496238708,
      "std": 0.02674216777086258,
      "min": 0.73735511302948,
      "max": 1.0024069547653198,
      "abs_mean": 0.8982581496238708,
      "shape": [
        1536
      ],
      "numel": 1536
    },
    "out_proj.weight": {
      "mean": 3.717634399436065e-06,
      "std": 0.03434270992875099,
      "min": -0.17219625413417816,
      "max": 0.1751367598772049,
      "abs_mean": 0.02792159467935562,
      "shape": [
        768,
        1536
      ],
      "numel": 1179648
    }
  }
}