{
  "meta": {
    "step": 4900,
    "layer_idx": 0,
    "timestamp": "20260324_124503"
  },
  "params": {
    "dt_bias": {
      "mean": -3.9083406925201416,
      "std": 1.1551589965820312,
      "min": -5.648746490478516,
      "max": -2.0886573791503906,
      "abs_mean": 3.9083406925201416,
      "shape": [
        24
      ],
      "numel": 24
    },
    "A_log": {
      "mean": 1.5280333757400513,
      "std": 0.47486066818237305,
      "min": 0.43374308943748474,
      "max": 2.227959394454956,
      "abs_mean": 1.5280333757400513,
      "shape": [
        24
      ],
      "numel": 24
    },
    "D": {
      "mean": 0.8298497200012207,
      "std": 0.05666754022240639,
      "min": 0.7300716638565063,
      "max": 1.0026605129241943,
      "abs_mean": 0.8298497200012207,
      "shape": [
        24
      ],
      "numel": 24
    },
    "in_proj.weight": {
      "mean": -7.35510402591899e-05,
      "std": 0.03281204029917717,
      "min": -0.16555972397327423,
      "max": 0.16341957449913025,
      "abs_mean": 0.026301587000489235,
      "shape": [
        3224,
        768
      ],
      "numel": 2476032
    },
    "conv1d.weight": {
      "mean": -0.0002033486816799268,
      "std": 0.0633346438407898,
      "min": -0.2025173157453537,
      "max": 0.18426911532878876,
      "abs_mean": 0.049739640206098557,
      "shape": [
        1664,
        1,
        4
      ],
      "numel": 6656
    },
    "conv1d.bias": {
      "mean": -0.0073128147050738335,
      "std": 0.2107587456703186,
      "min": -0.5066234469413757,
      "max": 0.5042547583580017,
      "abs_mean": 0.18349307775497437,
      "shape": [
        1664
      ],
      "numel": 1664
    },
    "norm.weight": {
      "mean": 0.8895161747932434,
      "std": 0.034427426755428314,
      "min": 0.6762561202049255,
      "max": 0.9832672476768494,
      "abs_mean": 0.8895161747932434,
      "shape": [
        1536
      ],
      "numel": 1536
    },
    "out_proj.weight": {
      "mean": 1.7871487216325477e-05,
      "std": 0.035402629524469376,
      "min": -0.1538890153169632,
      "max": 0.15980282425880432,
      "abs_mean": 0.028874775394797325,
      "shape": [
        768,
        1536
      ],
      "numel": 1179648
    }
  }
}