{
  "meta": {
    "step": 3700,
    "layer_idx": 0,
    "timestamp": "20260324_124336"
  },
  "params": {
    "dt_bias": {
      "mean": -3.947690010070801,
      "std": 1.1669492721557617,
      "min": -5.709304332733154,
      "max": -2.112440824508667,
      "abs_mean": 3.947690010070801,
      "shape": [
        24
      ],
      "numel": 24
    },
    "A_log": {
      "mean": 1.5476975440979004,
      "std": 0.4816417992115021,
      "min": 0.4392198920249939,
      "max": 2.258723497390747,
      "abs_mean": 1.5476975440979004,
      "shape": [
        24
      ],
      "numel": 24
    },
    "D": {
      "mean": 0.8393227458000183,
      "std": 0.056707076728343964,
      "min": 0.7381826639175415,
      "max": 1.0112159252166748,
      "abs_mean": 0.8393227458000183,
      "shape": [
        24
      ],
      "numel": 24
    },
    "in_proj.weight": {
      "mean": -7.174328493420035e-05,
      "std": 0.032949455082416534,
      "min": -0.16215907037258148,
      "max": 0.16746065020561218,
      "abs_mean": 0.026422632858157158,
      "shape": [
        3224,
        768
      ],
      "numel": 2476032
    },
    "conv1d.weight": {
      "mean": -0.00019111009896732867,
      "std": 0.06318164616823196,
      "min": -0.1952177882194519,
      "max": 0.18455974757671356,
      "abs_mean": 0.04946588724851608,
      "shape": [
        1664,
        1,
        4
      ],
      "numel": 6656
    },
    "conv1d.bias": {
      "mean": -0.007372558116912842,
      "std": 0.21397919952869415,
      "min": -0.5105966925621033,
      "max": 0.5085172653198242,
      "abs_mean": 0.18621955811977386,
      "shape": [
        1664
      ],
      "numel": 1664
    },
    "norm.weight": {
      "mean": 0.8991581797599792,
      "std": 0.03421329706907272,
      "min": 0.6898310780525208,
      "max": 0.9944668412208557,
      "abs_mean": 0.8991581797599792,
      "shape": [
        1536
      ],
      "numel": 1536
    },
    "out_proj.weight": {
      "mean": 1.2907475138490554e-05,
      "std": 0.03563200682401657,
      "min": -0.15825185179710388,
      "max": 0.16125300526618958,
      "abs_mean": 0.029093043878674507,
      "shape": [
        768,
        1536
      ],
      "numel": 1179648
    }
  }
}