{
  "meta": {
    "step": 1600,
    "layer_idx": 0,
    "timestamp": "20260324_124111"
  },
  "params": {
    "dt_bias": {
      "mean": -4.181416988372803,
      "std": 1.2601410150527954,
      "min": -6.134204387664795,
      "max": -2.2437522411346436,
      "abs_mean": 4.181416988372803,
      "shape": [
        24
      ],
      "numel": 24
    },
    "A_log": {
      "mean": 1.6930729150772095,
      "std": 0.5350845456123352,
      "min": 0.4443756341934204,
      "max": 2.447827100753784,
      "abs_mean": 1.6930729150772095,
      "shape": [
        24
      ],
      "numel": 24
    },
    "D": {
      "mean": 0.9012395739555359,
      "std": 0.04543141648173332,
      "min": 0.8146993517875671,
      "max": 1.0327603816986084,
      "abs_mean": 0.9012395739555359,
      "shape": [
        24
      ],
      "numel": 24
    },
    "in_proj.weight": {
      "mean": -5.773523298557848e-05,
      "std": 0.03107735887169838,
      "min": -0.1618688553571701,
      "max": 0.14514204859733582,
      "abs_mean": 0.025064071640372276,
      "shape": [
        3224,
        768
      ],
      "numel": 2476032
    },
    "conv1d.weight": {
      "mean": -6.4336209106841125e-06,
      "std": 0.0562027208507061,
      "min": -0.18658901751041412,
      "max": 0.19389593601226807,
      "abs_mean": 0.04216926544904709,
      "shape": [
        1664,
        1,
        4
      ],
      "numel": 6656
    },
    "conv1d.bias": {
      "mean": -0.008034170605242252,
      "std": 0.2416393905878067,
      "min": -0.5166832208633423,
      "max": 0.5192980766296387,
      "abs_mean": 0.21005262434482574,
      "shape": [
        1664
      ],
      "numel": 1664
    },
    "norm.weight": {
      "mean": 0.9436001777648926,
      "std": 0.029663830995559692,
      "min": 0.8036025166511536,
      "max": 1.0377215147018433,
      "abs_mean": 0.9436001777648926,
      "shape": [
        1536
      ],
      "numel": 1536
    },
    "out_proj.weight": {
      "mean": 8.822192285151687e-06,
      "std": 0.03418087586760521,
      "min": -0.15786212682724,
      "max": 0.146105095744133,
      "abs_mean": 0.028215352445840836,
      "shape": [
        768,
        1536
      ],
      "numel": 1179648
    }
  }
}