{
  "meta": {
    "step": 1000,
    "layer_idx": 0,
    "timestamp": "20260324_215307"
  },
  "params": {
    "dt_bias": {
      "mean": -4.155063152313232,
      "std": 1.277600884437561,
      "min": -6.0995259284973145,
      "max": -2.1958611011505127,
      "abs_mean": 4.155063152313232,
      "shape": [
        24
      ],
      "numel": 24
    },
    "A_log": {
      "mean": 1.7079232931137085,
      "std": 0.7759696841239929,
      "min": 0.3043830692768097,
      "max": 2.556112766265869,
      "abs_mean": 1.7079232931137085,
      "shape": [
        24
      ],
      "numel": 24
    },
    "D": {
      "mean": 0.9478004574775696,
      "std": 0.02756708860397339,
      "min": 0.9025478363037109,
      "max": 1.0207358598709106,
      "abs_mean": 0.9478004574775696,
      "shape": [
        24
      ],
      "numel": 24
    },
    "in_proj.weight": {
      "mean": 1.386240910505876e-06,
      "std": 0.027651634067296982,
      "min": -0.12278472632169724,
      "max": 0.13314493000507355,
      "abs_mean": 0.022561199963092804,
      "shape": [
        3224,
        768
      ],
      "numel": 2476032
    },
    "conv1d.weight": {
      "mean": -0.0004854734579566866,
      "std": 0.041382480412721634,
      "min": -0.152936652302742,
      "max": 0.1627456396818161,
      "abs_mean": 0.028939131647348404,
      "shape": [
        1664,
        1,
        4
      ],
      "numel": 6656
    },
    "conv1d.bias": {
      "mean": 0.006733674090355635,
      "std": 0.26299217343330383,
      "min": -0.4779283106327057,
      "max": 0.50850510597229,
      "abs_mean": 0.2291329801082611,
      "shape": [
        1664
      ],
      "numel": 1664
    },
    "norm.weight": {
      "mean": 0.9561265110969543,
      "std": 0.02017710544168949,
      "min": 0.8914269208908081,
      "max": 1.040439248085022,
      "abs_mean": 0.9561265110969543,
      "shape": [
        1536
      ],
      "numel": 1536
    },
    "out_proj.weight": {
      "mean": -7.999765330168884e-06,
      "std": 0.0316694974899292,
      "min": -0.14076454937458038,
      "max": 0.14064738154411316,
      "abs_mean": 0.026555566117167473,
      "shape": [
        768,
        1536
      ],
      "numel": 1179648
    }
  }
}