{
  "meta": {
    "step": 2000,
    "layer_idx": 6,
    "timestamp": "20260324_124138"
  },
  "params": {
    "dt_bias": {
      "mean": -3.9078357219696045,
      "std": 1.062639832496643,
      "min": -6.102791786193848,
      "max": -2.384387493133545,
      "abs_mean": 3.9078357219696045,
      "shape": [
        24
      ],
      "numel": 24
    },
    "A_log": {
      "mean": 1.9534162282943726,
      "std": 0.5464351177215576,
      "min": 0.35433095693588257,
      "max": 2.4841270446777344,
      "abs_mean": 1.9534162282943726,
      "shape": [
        24
      ],
      "numel": 24
    },
    "D": {
      "mean": 0.8938520550727844,
      "std": 0.018852654844522476,
      "min": 0.8514043688774109,
      "max": 0.9310148358345032,
      "abs_mean": 0.8938520550727844,
      "shape": [
        24
      ],
      "numel": 24
    },
    "in_proj.weight": {
      "mean": -9.273429168388247e-05,
      "std": 0.025105610489845276,
      "min": -0.1362558901309967,
      "max": 0.1202562004327774,
      "abs_mean": 0.02057131752371788,
      "shape": [
        3224,
        768
      ],
      "numel": 2476032
    },
    "conv1d.weight": {
      "mean": -0.00017098727403208613,
      "std": 0.01899915374815464,
      "min": -0.07910233736038208,
      "max": 0.07184012979269028,
      "abs_mean": 0.01480612251907587,
      "shape": [
        1664,
        1,
        4
      ],
      "numel": 6656
    },
    "conv1d.bias": {
      "mean": -0.0029168541077524424,
      "std": 0.248992919921875,
      "min": -0.46888238191604614,
      "max": 0.4569966495037079,
      "abs_mean": 0.21300281584262848,
      "shape": [
        1664
      ],
      "numel": 1664
    },
    "norm.weight": {
      "mean": 0.8468527793884277,
      "std": 0.0508870854973793,
      "min": 0.7295688986778259,
      "max": 0.9495050311088562,
      "abs_mean": 0.8468527793884277,
      "shape": [
        1536
      ],
      "numel": 1536
    },
    "out_proj.weight": {
      "mean": 2.2826099666417576e-05,
      "std": 0.028693675994873047,
      "min": -0.13941596448421478,
      "max": 0.14198468625545502,
      "abs_mean": 0.024000773206353188,
      "shape": [
        768,
        1536
      ],
      "numel": 1179648
    }
  }
}