{
  "meta": {
    "step": 700,
    "layer_idx": 0,
    "timestamp": "20260324_124008"
  },
  "params": {
    "dt_bias": {
      "mean": -4.37043571472168,
      "std": 1.3415054082870483,
      "min": -6.485733509063721,
      "max": -2.3416714668273926,
      "abs_mean": 4.37043571472168,
      "shape": [
        24
      ],
      "numel": 24
    },
    "A_log": {
      "mean": 1.8352361917495728,
      "std": 0.5853923559188843,
      "min": 0.4144451320171356,
      "max": 2.5961451530456543,
      "abs_mean": 1.8352361917495728,
      "shape": [
        24
      ],
      "numel": 24
    },
    "D": {
      "mean": 0.9554465413093567,
      "std": 0.022197939455509186,
      "min": 0.91485995054245,
      "max": 1.0066940784454346,
      "abs_mean": 0.9554465413093567,
      "shape": [
        24
      ],
      "numel": 24
    },
    "in_proj.weight": {
      "mean": -4.120279481867328e-05,
      "std": 0.027184776961803436,
      "min": -0.11852695792913437,
      "max": 0.13205373287200928,
      "abs_mean": 0.022279972210526466,
      "shape": [
        3224,
        768
      ],
      "numel": 2476032
    },
    "conv1d.weight": {
      "mean": 0.0001677028922131285,
      "std": 0.039663948118686676,
      "min": -0.15077531337738037,
      "max": 0.15761621296405792,
      "abs_mean": 0.030055958777666092,
      "shape": [
        1664,
        1,
        4
      ],
      "numel": 6656
    },
    "conv1d.bias": {
      "mean": -0.008654769510030746,
      "std": 0.27035874128341675,
      "min": -0.5043399930000305,
      "max": 0.5082217454910278,
      "abs_mean": 0.23444725573062897,
      "shape": [
        1664
      ],
      "numel": 1664
    },
    "norm.weight": {
      "mean": 0.9632576107978821,
      "std": 0.021267488598823547,
      "min": 0.9030730128288269,
      "max": 1.0543144941329956,
      "abs_mean": 0.9632576107978821,
      "shape": [
        1536
      ],
      "numel": 1536
    },
    "out_proj.weight": {
      "mean": 5.868934294994688e-06,
      "std": 0.031025998294353485,
      "min": -0.12187509983778,
      "max": 0.12649834156036377,
      "abs_mean": 0.02615114115178585,
      "shape": [
        768,
        1536
      ],
      "numel": 1179648
    }
  }
}