{
  "meta": {
    "step": 2500,
    "layer_idx": 5,
    "timestamp": "20260324_215749"
  },
  "params": {
    "dt_bias": {
      "mean": -4.075035095214844,
      "std": 1.0198427438735962,
      "min": -5.924671649932861,
      "max": -1.9866771697998047,
      "abs_mean": 4.075035095214844,
      "shape": [
        24
      ],
      "numel": 24
    },
    "A_log": {
      "mean": 1.8792859315872192,
      "std": 0.44732481241226196,
      "min": 0.963161051273346,
      "max": 2.388871192932129,
      "abs_mean": 1.8792859315872192,
      "shape": [
        24
      ],
      "numel": 24
    },
    "D": {
      "mean": 0.8677685260772705,
      "std": 0.016602441668510437,
      "min": 0.8435645699501038,
      "max": 0.9030383825302124,
      "abs_mean": 0.8677685260772705,
      "shape": [
        24
      ],
      "numel": 24
    },
    "in_proj.weight": {
      "mean": -8.571620855946094e-05,
      "std": 0.0259099043905735,
      "min": -0.1623883992433548,
      "max": 0.16537384688854218,
      "abs_mean": 0.021046463400125504,
      "shape": [
        3224,
        768
      ],
      "numel": 2476032
    },
    "conv1d.weight": {
      "mean": 0.00035991755430586636,
      "std": 0.024309800937771797,
      "min": -0.1223147064447403,
      "max": 0.10527557134628296,
      "abs_mean": 0.01893595978617668,
      "shape": [
        1664,
        1,
        4
      ],
      "numel": 6656
    },
    "conv1d.bias": {
      "mean": 0.008348817005753517,
      "std": 0.23366136848926544,
      "min": -0.4596453309059143,
      "max": 0.4504953622817993,
      "abs_mean": 0.19896143674850464,
      "shape": [
        1664
      ],
      "numel": 1664
    },
    "norm.weight": {
      "mean": 0.8296478390693665,
      "std": 0.03859138861298561,
      "min": 0.6900339722633362,
      "max": 0.9803919196128845,
      "abs_mean": 0.8296478390693665,
      "shape": [
        1536
      ],
      "numel": 1536
    },
    "out_proj.weight": {
      "mean": 2.338899503229186e-05,
      "std": 0.028287343680858612,
      "min": -0.12226204574108124,
      "max": 0.1360425353050232,
      "abs_mean": 0.023654283955693245,
      "shape": [
        768,
        1536
      ],
      "numel": 1179648
    }
  }
}