{
  "meta": {
    "step": 500,
    "layer_idx": 14,
    "timestamp": "20260324_123955"
  },
  "params": {
    "dt_bias": {
      "mean": -4.234051704406738,
      "std": 1.2910832166671753,
      "min": -6.679060459136963,
      "max": -2.326474666595459,
      "abs_mean": 4.234051704406738,
      "shape": [
        24
      ],
      "numel": 24
    },
    "A_log": {
      "mean": 1.6653331518173218,
      "std": 0.87357097864151,
      "min": 0.034534454345703125,
      "max": 2.6535305976867676,
      "abs_mean": 1.6653331518173218,
      "shape": [
        24
      ],
      "numel": 24
    },
    "D": {
      "mean": 0.9723744988441467,
      "std": 0.006116535980254412,
      "min": 0.9590889811515808,
      "max": 0.9882211685180664,
      "abs_mean": 0.9723744988441467,
      "shape": [
        24
      ],
      "numel": 24
    },
    "in_proj.weight": {
      "mean": -2.6547471861704253e-05,
      "std": 0.02275453880429268,
      "min": -0.07152140140533447,
      "max": 0.07195322960615158,
      "abs_mean": 0.019439881667494774,
      "shape": [
        3224,
        768
      ],
      "numel": 2476032
    },
    "conv1d.weight": {
      "mean": 0.0002715208975132555,
      "std": 0.01733962446451187,
      "min": -0.059966180473566055,
      "max": 0.047280941158533096,
      "abs_mean": 0.014540830627083778,
      "shape": [
        1664,
        1,
        4
      ],
      "numel": 6656
    },
    "conv1d.bias": {
      "mean": 0.0018523848848417401,
      "std": 0.28007814288139343,
      "min": -0.4989026188850403,
      "max": 0.4994298815727234,
      "abs_mean": 0.24085213243961334,
      "shape": [
        1664
      ],
      "numel": 1664
    },
    "norm.weight": {
      "mean": 0.963840663433075,
      "std": 0.018135204911231995,
      "min": 0.9150858521461487,
      "max": 1.011418104171753,
      "abs_mean": 0.963840663433075,
      "shape": [
        1536
      ],
      "numel": 1536
    },
    "out_proj.weight": {
      "mean": 2.7671007046592422e-05,
      "std": 0.029113763943314552,
      "min": -0.07679911702871323,
      "max": 0.07956068962812424,
      "abs_mean": 0.025018226355314255,
      "shape": [
        768,
        1536
      ],
      "numel": 1179648
    }
  }
}