{
  "meta": {
    "step": 2500,
    "layer_idx": 7,
    "timestamp": "20260324_215749"
  },
  "params": {
    "dt_bias": {
      "mean": -3.5479652881622314,
      "std": 1.159469723701477,
      "min": -5.89315128326416,
      "max": -1.9964613914489746,
      "abs_mean": 3.5479652881622314,
      "shape": [
        24
      ],
      "numel": 24
    },
    "A_log": {
      "mean": 1.5698503255844116,
      "std": 0.619543194770813,
      "min": 0.3748503029346466,
      "max": 2.3716986179351807,
      "abs_mean": 1.5698503255844116,
      "shape": [
        24
      ],
      "numel": 24
    },
    "D": {
      "mean": 0.8686704635620117,
      "std": 0.017302200198173523,
      "min": 0.8336471319198608,
      "max": 0.9075925350189209,
      "abs_mean": 0.8686704635620117,
      "shape": [
        24
      ],
      "numel": 24
    },
    "in_proj.weight": {
      "mean": -1.2370971489872318e-05,
      "std": 0.024851609021425247,
      "min": -0.1618446558713913,
      "max": 0.1684718132019043,
      "abs_mean": 0.020318999886512756,
      "shape": [
        3224,
        768
      ],
      "numel": 2476032
    },
    "conv1d.weight": {
      "mean": -7.219227427412989e-06,
      "std": 0.02221464365720749,
      "min": -0.10957442969083786,
      "max": 0.0864379033446312,
      "abs_mean": 0.01765168458223343,
      "shape": [
        1664,
        1,
        4
      ],
      "numel": 6656
    },
    "conv1d.bias": {
      "mean": -0.011091655120253563,
      "std": 0.23478452861309052,
      "min": -0.4554077386856079,
      "max": 0.4398833215236664,
      "abs_mean": 0.2000931352376938,
      "shape": [
        1664
      ],
      "numel": 1664
    },
    "norm.weight": {
      "mean": 0.8369051814079285,
      "std": 0.033510930836200714,
      "min": 0.7092851400375366,
      "max": 0.9412705898284912,
      "abs_mean": 0.8369051814079285,
      "shape": [
        1536
      ],
      "numel": 1536
    },
    "out_proj.weight": {
      "mean": 3.511618706397712e-05,
      "std": 0.027600092813372612,
      "min": -0.0930071696639061,
      "max": 0.09269317984580994,
      "abs_mean": 0.023235391825437546,
      "shape": [
        768,
        1536
      ],
      "numel": 1179648
    }
  }
}