{
  "meta": {
    "step": 1500,
    "layer_idx": 10,
    "timestamp": "20260324_124103"
  },
  "params": {
    "dt_bias": {
      "mean": -4.350062370300293,
      "std": 1.099368691444397,
      "min": -6.14661979675293,
      "max": -2.2117369174957275,
      "abs_mean": 4.350062370300293,
      "shape": [
        24
      ],
      "numel": 24
    },
    "A_log": {
      "mean": 1.9969029426574707,
      "std": 0.44007572531700134,
      "min": 0.9240782260894775,
      "max": 2.4875264167785645,
      "abs_mean": 1.9969029426574707,
      "shape": [
        24
      ],
      "numel": 24
    },
    "D": {
      "mean": 0.9162915349006653,
      "std": 0.016764504835009575,
      "min": 0.8843116164207458,
      "max": 0.9526064991950989,
      "abs_mean": 0.9162915349006653,
      "shape": [
        24
      ],
      "numel": 24
    },
    "in_proj.weight": {
      "mean": -0.00011543061555130407,
      "std": 0.02396182157099247,
      "min": -0.1324816346168518,
      "max": 0.12981249392032623,
      "abs_mean": 0.019906392320990562,
      "shape": [
        3224,
        768
      ],
      "numel": 2476032
    },
    "conv1d.weight": {
      "mean": 5.014019916416146e-05,
      "std": 0.017440203577280045,
      "min": -0.07218287885189056,
      "max": 0.09536569565534592,
      "abs_mean": 0.01354252826422453,
      "shape": [
        1664,
        1,
        4
      ],
      "numel": 6656
    },
    "conv1d.bias": {
      "mean": -0.010372349061071873,
      "std": 0.25962361693382263,
      "min": -0.4782107472419739,
      "max": 0.4814492166042328,
      "abs_mean": 0.22286103665828705,
      "shape": [
        1664
      ],
      "numel": 1664
    },
    "norm.weight": {
      "mean": 0.8802092671394348,
      "std": 0.048196226358413696,
      "min": 0.7495071887969971,
      "max": 0.9884745478630066,
      "abs_mean": 0.8802092671394348,
      "shape": [
        1536
      ],
      "numel": 1536
    },
    "out_proj.weight": {
      "mean": 1.4700126484967768e-05,
      "std": 0.02904564142227173,
      "min": -0.11670833081007004,
      "max": 0.11592583358287811,
      "abs_mean": 0.024450765922665596,
      "shape": [
        768,
        1536
      ],
      "numel": 1179648
    }
  }
}