{
  "meta": {
    "step": 1000,
    "layer_idx": 0,
    "timestamp": "20260325_010308"
  },
  "params": {
    "dt_bias": {
      "mean": -4.428393363952637,
      "std": 1.2943483591079712,
      "min": -6.536288261413574,
      "max": -2.5427680015563965,
      "abs_mean": 4.428393363952637,
      "shape": [
        32
      ],
      "numel": 32
    },
    "A_log": {
      "mean": 1.7135106325149536,
      "std": 0.5369389057159424,
      "min": 0.3490391671657562,
      "max": 2.609863519668579,
      "abs_mean": 1.7135106325149536,
      "shape": [
        32
      ],
      "numel": 32
    },
    "D": {
      "mean": 0.9688687920570374,
      "std": 0.014745498076081276,
      "min": 0.9428492188453674,
      "max": 1.020042896270752,
      "abs_mean": 0.9688687920570374,
      "shape": [
        32
      ],
      "numel": 32
    },
    "in_proj.weight": {
      "mean": 3.359548645676114e-05,
      "std": 0.02230757474899292,
      "min": -0.10059082508087158,
      "max": 0.09953654557466507,
      "abs_mean": 0.018457554280757904,
      "shape": [
        4256,
        1024
      ],
      "numel": 4358144
    },
    "conv1d.weight": {
      "mean": 0.00015459799033124,
      "std": 0.03479846194386482,
      "min": -0.13717597723007202,
      "max": 0.13244286179542542,
      "abs_mean": 0.024636022746562958,
      "shape": [
        2176,
        1,
        4
      ],
      "numel": 8704
    },
    "conv1d.bias": {
      "mean": 0.007371233776211739,
      "std": 0.2768924832344055,
      "min": -0.4966268837451935,
      "max": 0.5122441649436951,
      "abs_mean": 0.2418922483921051,
      "shape": [
        2176
      ],
      "numel": 2176
    },
    "norm.weight": {
      "mean": 0.9719759821891785,
      "std": 0.012949679046869278,
      "min": 0.9277327656745911,
      "max": 1.0590381622314453,
      "abs_mean": 0.9719759821891785,
      "shape": [
        2048
      ],
      "numel": 2048
    },
    "out_proj.weight": {
      "mean": -9.085120836971328e-06,
      "std": 0.026247000321745872,
      "min": -0.11603490263223648,
      "max": 0.11198486387729645,
      "abs_mean": 0.0223655104637146,
      "shape": [
        1024,
        2048
      ],
      "numel": 2097152
    }
  }
}