{
  "meta": {
    "step": 4500,
    "layer_idx": 9,
    "timestamp": "20260324_124435"
  },
  "params": {
    "dt_bias": {
      "mean": -3.76809024810791,
      "std": 1.1547147035598755,
      "min": -5.728826522827148,
      "max": -2.0503876209259033,
      "abs_mean": 3.76809024810791,
      "shape": [
        24
      ],
      "numel": 24
    },
    "A_log": {
      "mean": 1.5285810232162476,
      "std": 0.5914373993873596,
      "min": 0.6451142430305481,
      "max": 2.385651111602783,
      "abs_mean": 1.5285810232162476,
      "shape": [
        24
      ],
      "numel": 24
    },
    "D": {
      "mean": 0.836449384689331,
      "std": 0.021455418318510056,
      "min": 0.79712975025177,
      "max": 0.8990757465362549,
      "abs_mean": 0.836449384689331,
      "shape": [
        24
      ],
      "numel": 24
    },
    "in_proj.weight": {
      "mean": -8.677147707203403e-05,
      "std": 0.024012034758925438,
      "min": -0.2233716994524002,
      "max": 0.24438956379890442,
      "abs_mean": 0.019562412053346634,
      "shape": [
        3224,
        768
      ],
      "numel": 2476032
    },
    "conv1d.weight": {
      "mean": -0.00029556883964687586,
      "std": 0.02610057033598423,
      "min": -0.10520049184560776,
      "max": 0.11858144402503967,
      "abs_mean": 0.019980568438768387,
      "shape": [
        1664,
        1,
        4
      ],
      "numel": 6656
    },
    "conv1d.bias": {
      "mean": -0.00024134952400345355,
      "std": 0.2386990487575531,
      "min": -0.45549991726875305,
      "max": 0.45726123452186584,
      "abs_mean": 0.20466378331184387,
      "shape": [
        1664
      ],
      "numel": 1664
    },
    "norm.weight": {
      "mean": 0.8036851286888123,
      "std": 0.05529695376753807,
      "min": 0.661769688129425,
      "max": 0.9192880988121033,
      "abs_mean": 0.8036851286888123,
      "shape": [
        1536
      ],
      "numel": 1536
    },
    "out_proj.weight": {
      "mean": 1.36789331008913e-05,
      "std": 0.028316307812929153,
      "min": -0.19565126299858093,
      "max": 0.1949577033519745,
      "abs_mean": 0.02336176298558712,
      "shape": [
        768,
        1536
      ],
      "numel": 1179648
    }
  }
}