{
  "meta": {
    "step": 500,
    "layer_idx": 7,
    "timestamp": "20260324_123955"
  },
  "params": {
    "dt_bias": {
      "mean": -4.469309329986572,
      "std": 1.582728624343872,
      "min": -6.626588344573975,
      "max": -2.446843147277832,
      "abs_mean": 4.469309329986572,
      "shape": [
        24
      ],
      "numel": 24
    },
    "A_log": {
      "mean": 1.8092551231384277,
      "std": 0.7780852913856506,
      "min": 0.14906471967697144,
      "max": 2.680974006652832,
      "abs_mean": 1.8092551231384277,
      "shape": [
        24
      ],
      "numel": 24
    },
    "D": {
      "mean": 0.9727587699890137,
      "std": 0.0058233123272657394,
      "min": 0.9581107497215271,
      "max": 0.9820190668106079,
      "abs_mean": 0.9727587699890137,
      "shape": [
        24
      ],
      "numel": 24
    },
    "in_proj.weight": {
      "mean": -3.441593435127288e-05,
      "std": 0.022866057232022285,
      "min": -0.08262994140386581,
      "max": 0.07324682921171188,
      "abs_mean": 0.0195046104490757,
      "shape": [
        3224,
        768
      ],
      "numel": 2476032
    },
    "conv1d.weight": {
      "mean": -5.4186231864150614e-05,
      "std": 0.01759517751634121,
      "min": -0.047568291425704956,
      "max": 0.04613415524363518,
      "abs_mean": 0.014788838103413582,
      "shape": [
        1664,
        1,
        4
      ],
      "numel": 6656
    },
    "conv1d.bias": {
      "mean": -0.003481301013380289,
      "std": 0.27892810106277466,
      "min": -0.4901849925518036,
      "max": 0.4926702678203583,
      "abs_mean": 0.24116164445877075,
      "shape": [
        1664
      ],
      "numel": 1664
    },
    "norm.weight": {
      "mean": 0.9622021317481995,
      "std": 0.01787957362830639,
      "min": 0.9187381863594055,
      "max": 1.0220272541046143,
      "abs_mean": 0.9622021317481995,
      "shape": [
        1536
      ],
      "numel": 1536
    },
    "out_proj.weight": {
      "mean": -1.909213824546896e-05,
      "std": 0.029115214943885803,
      "min": -0.0787053182721138,
      "max": 0.07758655399084091,
      "abs_mean": 0.025040188804268837,
      "shape": [
        768,
        1536
      ],
      "numel": 1179648
    }
  }
}