{
  "meta": {
    "step": 2000,
    "layer_idx": 0,
    "timestamp": "20260324_124138"
  },
  "params": {
    "dt_bias": {
      "mean": -4.117613792419434,
      "std": 1.2296044826507568,
      "min": -6.002477169036865,
      "max": -2.2136943340301514,
      "abs_mean": 4.117613792419434,
      "shape": [
        24
      ],
      "numel": 24
    },
    "A_log": {
      "mean": 1.6467185020446777,
      "std": 0.5168161392211914,
      "min": 0.45376256108283997,
      "max": 2.391468048095703,
      "abs_mean": 1.6467185020446777,
      "shape": [
        24
      ],
      "numel": 24
    },
    "D": {
      "mean": 0.8831596374511719,
      "std": 0.05070945620536804,
      "min": 0.7903628945350647,
      "max": 1.0339173078536987,
      "abs_mean": 0.8831596374511719,
      "shape": [
        24
      ],
      "numel": 24
    },
    "in_proj.weight": {
      "mean": -6.188068073242903e-05,
      "std": 0.03198442980647087,
      "min": -0.16861006617546082,
      "max": 0.15281984210014343,
      "abs_mean": 0.02573421224951744,
      "shape": [
        3224,
        768
      ],
      "numel": 2476032
    },
    "conv1d.weight": {
      "mean": -6.575039878953248e-05,
      "std": 0.05943591147661209,
      "min": -0.19170409440994263,
      "max": 0.19076800346374512,
      "abs_mean": 0.045071739703416824,
      "shape": [
        1664,
        1,
        4
      ],
      "numel": 6656
    },
    "conv1d.bias": {
      "mean": -0.007725943811237812,
      "std": 0.23207704722881317,
      "min": -0.5169915556907654,
      "max": 0.5176184177398682,
      "abs_mean": 0.20180314779281616,
      "shape": [
        1664
      ],
      "numel": 1664
    },
    "norm.weight": {
      "mean": 0.9336338043212891,
      "std": 0.03170393407344818,
      "min": 0.7620498538017273,
      "max": 1.0301239490509033,
      "abs_mean": 0.9336338043212891,
      "shape": [
        1536
      ],
      "numel": 1536
    },
    "out_proj.weight": {
      "mean": 9.00504437595373e-06,
      "std": 0.03497447818517685,
      "min": -0.16100485622882843,
      "max": 0.16106681525707245,
      "abs_mean": 0.02874866873025894,
      "shape": [
        768,
        1536
      ],
      "numel": 1179648
    }
  }
}