{
  "meta": {
    "step": 2000,
    "layer_idx": 7,
    "timestamp": "20260324_124138"
  },
  "params": {
    "dt_bias": {
      "mean": -4.1492228507995605,
      "std": 1.4547761678695679,
      "min": -6.134454250335693,
      "max": -2.28596830368042,
      "abs_mean": 4.1492228507995605,
      "shape": [
        24
      ],
      "numel": 24
    },
    "A_log": {
      "mean": 1.6826585531234741,
      "std": 0.6980053782463074,
      "min": 0.209477037191391,
      "max": 2.4518940448760986,
      "abs_mean": 1.6826585531234741,
      "shape": [
        24
      ],
      "numel": 24
    },
    "D": {
      "mean": 0.8921196460723877,
      "std": 0.02063538134098053,
      "min": 0.8565048575401306,
      "max": 0.9296397566795349,
      "abs_mean": 0.8921196460723877,
      "shape": [
        24
      ],
      "numel": 24
    },
    "in_proj.weight": {
      "mean": -8.153949602274224e-05,
      "std": 0.024687455967068672,
      "min": -0.13786721229553223,
      "max": 0.13601166009902954,
      "abs_mean": 0.020268358290195465,
      "shape": [
        3224,
        768
      ],
      "numel": 2476032
    },
    "conv1d.weight": {
      "mean": -0.0001462584186811,
      "std": 0.018313992768526077,
      "min": -0.07162800431251526,
      "max": 0.07979962974786758,
      "abs_mean": 0.014232281595468521,
      "shape": [
        1664,
        1,
        4
      ],
      "numel": 6656
    },
    "conv1d.bias": {
      "mean": -0.0032018101774156094,
      "std": 0.25017812848091125,
      "min": -0.4627079963684082,
      "max": 0.4837838113307953,
      "abs_mean": 0.21318285167217255,
      "shape": [
        1664
      ],
      "numel": 1664
    },
    "norm.weight": {
      "mean": 0.8480915427207947,
      "std": 0.051344919949769974,
      "min": 0.7203319668769836,
      "max": 0.9571057558059692,
      "abs_mean": 0.8480915427207947,
      "shape": [
        1536
      ],
      "numel": 1536
    },
    "out_proj.weight": {
      "mean": -1.217144017573446e-05,
      "std": 0.028713664039969444,
      "min": -0.1362188756465912,
      "max": 0.1400803178548813,
      "abs_mean": 0.024025840684771538,
      "shape": [
        768,
        1536
      ],
      "numel": 1179648
    }
  }
}