{
  "meta": {
    "step": 300,
    "layer_idx": 0,
    "timestamp": "20260324_123940"
  },
  "params": {
    "dt_bias": {
      "mean": -4.46649694442749,
      "std": 1.3807382583618164,
      "min": -6.661834716796875,
      "max": -2.414490222930908,
      "abs_mean": 4.46649694442749,
      "shape": [
        24
      ],
      "numel": 24
    },
    "A_log": {
      "mean": 1.9151126146316528,
      "std": 0.6094710230827332,
      "min": 0.4069298207759857,
      "max": 2.6710703372955322,
      "abs_mean": 1.9151126146316528,
      "shape": [
        24
      ],
      "numel": 24
    },
    "D": {
      "mean": 0.9847755432128906,
      "std": 0.006499388255178928,
      "min": 0.9740328788757324,
      "max": 0.9960858821868896,
      "abs_mean": 0.9847755432128906,
      "shape": [
        24
      ],
      "numel": 24
    },
    "in_proj.weight": {
      "mean": -9.81649736786494e-06,
      "std": 0.02433459646999836,
      "min": -0.09000421315431595,
      "max": 0.09467140585184097,
      "abs_mean": 0.02045867033302784,
      "shape": [
        3224,
        768
      ],
      "numel": 2476032
    },
    "conv1d.weight": {
      "mean": 0.00028076121816411614,
      "std": 0.02645326964557171,
      "min": -0.11801745742559433,
      "max": 0.10047309845685959,
      "abs_mean": 0.02153792791068554,
      "shape": [
        1664,
        1,
        4
      ],
      "numel": 6656
    },
    "conv1d.bias": {
      "mean": -0.008221657015383244,
      "std": 0.2829707860946655,
      "min": -0.5071149468421936,
      "max": 0.4948578476905823,
      "abs_mean": 0.24470379948616028,
      "shape": [
        1664
      ],
      "numel": 1664
    },
    "norm.weight": {
      "mean": 0.9824720025062561,
      "std": 0.011267515830695629,
      "min": 0.9528369307518005,
      "max": 1.0530622005462646,
      "abs_mean": 0.9824720025062561,
      "shape": [
        1536
      ],
      "numel": 1536
    },
    "out_proj.weight": {
      "mean": 9.918206160364207e-06,
      "std": 0.02978837676346302,
      "min": -0.10521135479211807,
      "max": 0.09713762253522873,
      "abs_mean": 0.025536146014928818,
      "shape": [
        768,
        1536
      ],
      "numel": 1179648
    }
  }
}