{
  "meta": {
    "step": 7500,
    "layer_idx": 13,
    "timestamp": "20260324_221509"
  },
  "params": {
    "dt_bias": {
      "mean": -3.091761827468872,
      "std": 0.9960649609565735,
      "min": -4.88220739364624,
      "max": -1.7348597049713135,
      "abs_mean": 3.091761827468872,
      "shape": [
        24
      ],
      "numel": 24
    },
    "A_log": {
      "mean": 1.583825707435608,
      "std": 0.27822399139404297,
      "min": 0.9888655543327332,
      "max": 1.9781519174575806,
      "abs_mean": 1.583825707435608,
      "shape": [
        24
      ],
      "numel": 24
    },
    "D": {
      "mean": 0.7065791487693787,
      "std": 0.03256091848015785,
      "min": 0.6476336121559143,
      "max": 0.7998745441436768,
      "abs_mean": 0.7065791487693787,
      "shape": [
        24
      ],
      "numel": 24
    },
    "in_proj.weight": {
      "mean": -0.00012302707182243466,
      "std": 0.022001396864652634,
      "min": -0.20132099092006683,
      "max": 0.1903260201215744,
      "abs_mean": 0.01772206835448742,
      "shape": [
        3224,
        768
      ],
      "numel": 2476032
    },
    "conv1d.weight": {
      "mean": -0.0001930240832734853,
      "std": 0.020736534148454666,
      "min": -0.1309911161661148,
      "max": 0.093880794942379,
      "abs_mean": 0.015736814588308334,
      "shape": [
        1664,
        1,
        4
      ],
      "numel": 6656
    },
    "conv1d.bias": {
      "mean": -0.0013648056192323565,
      "std": 0.19046685099601746,
      "min": -0.40278705954551697,
      "max": 0.3761931359767914,
      "abs_mean": 0.1618695855140686,
      "shape": [
        1664
      ],
      "numel": 1664
    },
    "norm.weight": {
      "mean": 0.6819837689399719,
      "std": 0.047760747373104095,
      "min": 0.5364221930503845,
      "max": 0.8143525123596191,
      "abs_mean": 0.6819837689399719,
      "shape": [
        1536
      ],
      "numel": 1536
    },
    "out_proj.weight": {
      "mean": -4.074447133461945e-06,
      "std": 0.02564225159585476,
      "min": -0.11612433195114136,
      "max": 0.11612754315137863,
      "abs_mean": 0.021001631394028664,
      "shape": [
        768,
        1536
      ],
      "numel": 1179648
    }
  }
}