{
  "meta": {
    "step": 5000,
    "layer_idx": 14,
    "timestamp": "20260324_220629"
  },
  "params": {
    "dt_bias": {
      "mean": -3.65071964263916,
      "std": 1.0589237213134766,
      "min": -5.353139400482178,
      "max": -1.863155484199524,
      "abs_mean": 3.65071964263916,
      "shape": [
        24
      ],
      "numel": 24
    },
    "A_log": {
      "mean": 1.5528239011764526,
      "std": 0.5098565220832825,
      "min": 0.19109027087688446,
      "max": 2.1089329719543457,
      "abs_mean": 1.5528239011764526,
      "shape": [
        24
      ],
      "numel": 24
    },
    "D": {
      "mean": 0.7581788897514343,
      "std": 0.0316164530813694,
      "min": 0.7009013891220093,
      "max": 0.8332229852676392,
      "abs_mean": 0.7581788897514343,
      "shape": [
        24
      ],
      "numel": 24
    },
    "in_proj.weight": {
      "mean": -4.005723894806579e-05,
      "std": 0.02213536761701107,
      "min": -0.2032081037759781,
      "max": 0.19670265913009644,
      "abs_mean": 0.01801910251379013,
      "shape": [
        3224,
        768
      ],
      "numel": 2476032
    },
    "conv1d.weight": {
      "mean": 0.00030456483364105225,
      "std": 0.019375618547201157,
      "min": -0.11897905170917511,
      "max": 0.09311778098344803,
      "abs_mean": 0.01479505468159914,
      "shape": [
        1664,
        1,
        4
      ],
      "numel": 6656
    },
    "conv1d.bias": {
      "mean": 0.011182342655956745,
      "std": 0.2086995393037796,
      "min": -0.41728922724723816,
      "max": 0.43966445326805115,
      "abs_mean": 0.17699091136455536,
      "shape": [
        1664
      ],
      "numel": 1664
    },
    "norm.weight": {
      "mean": 0.7288848757743835,
      "std": 0.05007433146238327,
      "min": 0.5631400942802429,
      "max": 0.8640173077583313,
      "abs_mean": 0.7288848757743835,
      "shape": [
        1536
      ],
      "numel": 1536
    },
    "out_proj.weight": {
      "mean": 5.791897820017766e-06,
      "std": 0.026678912341594696,
      "min": -0.11072879284620285,
      "max": 0.11718916893005371,
      "abs_mean": 0.021973922848701477,
      "shape": [
        768,
        1536
      ],
      "numel": 1179648
    }
  }
}