{
  "meta": {
    "step": 2000,
    "layer_idx": 13,
    "timestamp": "20260324_124138"
  },
  "params": {
    "dt_bias": {
      "mean": -4.2352166175842285,
      "std": 0.9698644876480103,
      "min": -5.731536865234375,
      "max": -2.3143177032470703,
      "abs_mean": 4.2352166175842285,
      "shape": [
        24
      ],
      "numel": 24
    },
    "A_log": {
      "mean": 1.685683250427246,
      "std": 0.6752837896347046,
      "min": 0.14637912809848785,
      "max": 2.512185573577881,
      "abs_mean": 1.685683250427246,
      "shape": [
        24
      ],
      "numel": 24
    },
    "D": {
      "mean": 0.8962550759315491,
      "std": 0.012817196547985077,
      "min": 0.8712694048881531,
      "max": 0.9246796369552612,
      "abs_mean": 0.8962550759315491,
      "shape": [
        24
      ],
      "numel": 24
    },
    "in_proj.weight": {
      "mean": -0.0001268337364308536,
      "std": 0.023519517853856087,
      "min": -0.13311612606048584,
      "max": 0.12802529335021973,
      "abs_mean": 0.019529826939105988,
      "shape": [
        3224,
        768
      ],
      "numel": 2476032
    },
    "conv1d.weight": {
      "mean": 3.354605723870918e-05,
      "std": 0.017178600654006004,
      "min": -0.07676540315151215,
      "max": 0.06923680752515793,
      "abs_mean": 0.013157031498849392,
      "shape": [
        1664,
        1,
        4
      ],
      "numel": 6656
    },
    "conv1d.bias": {
      "mean": -0.008144802413880825,
      "std": 0.24991747736930847,
      "min": -0.4876202642917633,
      "max": 0.478409081697464,
      "abs_mean": 0.21282628178596497,
      "shape": [
        1664
      ],
      "numel": 1664
    },
    "norm.weight": {
      "mean": 0.850628674030304,
      "std": 0.05801158770918846,
      "min": 0.7178117632865906,
      "max": 0.9722927212715149,
      "abs_mean": 0.850628674030304,
      "shape": [
        1536
      ],
      "numel": 1536
    },
    "out_proj.weight": {
      "mean": 1.58890488819452e-05,
      "std": 0.02905663289129734,
      "min": -0.13407893478870392,
      "max": 0.13646718859672546,
      "abs_mean": 0.02424813248217106,
      "shape": [
        768,
        1536
      ],
      "numel": 1179648
    }
  }
}