{
  "meta": {
    "step": 2500,
    "layer_idx": 8,
    "timestamp": "20260324_124213"
  },
  "params": {
    "dt_bias": {
      "mean": -4.111658096313477,
      "std": 1.220880389213562,
      "min": -5.972771167755127,
      "max": -2.1736278533935547,
      "abs_mean": 4.111658096313477,
      "shape": [
        24
      ],
      "numel": 24
    },
    "A_log": {
      "mean": 1.8845525979995728,
      "std": 0.6119452714920044,
      "min": 0.0883239284157753,
      "max": 2.4379208087921143,
      "abs_mean": 1.8845525979995728,
      "shape": [
        24
      ],
      "numel": 24
    },
    "D": {
      "mean": 0.872413694858551,
      "std": 0.023257771506905556,
      "min": 0.8066921234130859,
      "max": 0.9113482236862183,
      "abs_mean": 0.872413694858551,
      "shape": [
        24
      ],
      "numel": 24
    },
    "in_proj.weight": {
      "mean": -0.00012685617548413575,
      "std": 0.024455303326249123,
      "min": -0.18121428787708282,
      "max": 0.1885625422000885,
      "abs_mean": 0.02002776972949505,
      "shape": [
        3224,
        768
      ],
      "numel": 2476032
    },
    "conv1d.weight": {
      "mean": -4.13011457567336e-06,
      "std": 0.018946828320622444,
      "min": -0.12822870910167694,
      "max": 0.14321714639663696,
      "abs_mean": 0.014672313816845417,
      "shape": [
        1664,
        1,
        4
      ],
      "numel": 6656
    },
    "conv1d.bias": {
      "mean": -0.0011297557502985,
      "std": 0.24242214858531952,
      "min": -0.4612386226654053,
      "max": 0.45002588629722595,
      "abs_mean": 0.20486587285995483,
      "shape": [
        1664
      ],
      "numel": 1664
    },
    "norm.weight": {
      "mean": 0.8280403017997742,
      "std": 0.05193205550312996,
      "min": 0.6995143890380859,
      "max": 0.9252074360847473,
      "abs_mean": 0.8280403017997742,
      "shape": [
        1536
      ],
      "numel": 1536
    },
    "out_proj.weight": {
      "mean": 9.455708095629234e-06,
      "std": 0.028439588844776154,
      "min": -0.15842491388320923,
      "max": 0.1559521108865738,
      "abs_mean": 0.02369052544236183,
      "shape": [
        768,
        1536
      ],
      "numel": 1179648
    }
  }
}