{
  "meta": {
    "step": 500,
    "layer_idx": 2,
    "timestamp": "20260324_123955"
  },
  "params": {
    "dt_bias": {
      "mean": -4.596134185791016,
      "std": 1.0115677118301392,
      "min": -6.183122634887695,
      "max": -2.3014655113220215,
      "abs_mean": 4.596134185791016,
      "shape": [
        24
      ],
      "numel": 24
    },
    "A_log": {
      "mean": 1.880417823791504,
      "std": 0.6877567768096924,
      "min": 0.5749315619468689,
      "max": 2.671725273132324,
      "abs_mean": 1.880417823791504,
      "shape": [
        24
      ],
      "numel": 24
    },
    "D": {
      "mean": 0.9713931679725647,
      "std": 0.006913299672305584,
      "min": 0.955529510974884,
      "max": 0.9813970923423767,
      "abs_mean": 0.9713931679725647,
      "shape": [
        24
      ],
      "numel": 24
    },
    "in_proj.weight": {
      "mean": -1.0900935194513295e-05,
      "std": 0.02405714802443981,
      "min": -0.10440178215503693,
      "max": 0.10276434570550919,
      "abs_mean": 0.020265862345695496,
      "shape": [
        3224,
        768
      ],
      "numel": 2476032
    },
    "conv1d.weight": {
      "mean": 0.00024189443502109498,
      "std": 0.020938662812113762,
      "min": -0.06422194093465805,
      "max": 0.06171534210443497,
      "abs_mean": 0.01749446615576744,
      "shape": [
        1664,
        1,
        4
      ],
      "numel": 6656
    },
    "conv1d.bias": {
      "mean": 0.013285130262374878,
      "std": 0.2722361087799072,
      "min": -0.494390606880188,
      "max": 0.48854556679725647,
      "abs_mean": 0.23367024958133698,
      "shape": [
        1664
      ],
      "numel": 1664
    },
    "norm.weight": {
      "mean": 0.9637210965156555,
      "std": 0.015333523042500019,
      "min": 0.917168378829956,
      "max": 1.0238752365112305,
      "abs_mean": 0.9637210965156555,
      "shape": [
        1536
      ],
      "numel": 1536
    },
    "out_proj.weight": {
      "mean": 2.8033704438712448e-05,
      "std": 0.02951897121965885,
      "min": -0.09951034188270569,
      "max": 0.11050273478031158,
      "abs_mean": 0.02528407983481884,
      "shape": [
        768,
        1536
      ],
      "numel": 1179648
    }
  }
}