{
  "meta": {
    "step": 1000,
    "layer_idx": 12,
    "timestamp": "20260324_124030"
  },
  "params": {
    "dt_bias": {
      "mean": -4.355624675750732,
      "std": 1.4564599990844727,
      "min": -6.313283920288086,
      "max": -2.3384153842926025,
      "abs_mean": 4.355624675750732,
      "shape": [
        24
      ],
      "numel": 24
    },
    "A_log": {
      "mean": 1.9246015548706055,
      "std": 0.6830059885978699,
      "min": 0.2589855492115021,
      "max": 2.5812735557556152,
      "abs_mean": 1.9246015548706055,
      "shape": [
        24
      ],
      "numel": 24
    },
    "D": {
      "mean": 0.9435029029846191,
      "std": 0.013015612959861755,
      "min": 0.9151585102081299,
      "max": 0.9696517586708069,
      "abs_mean": 0.9435029029846191,
      "shape": [
        24
      ],
      "numel": 24
    },
    "in_proj.weight": {
      "mean": -6.0862614191137254e-05,
      "std": 0.023384401574730873,
      "min": -0.09682775288820267,
      "max": 0.0905136987566948,
      "abs_mean": 0.019686998799443245,
      "shape": [
        3224,
        768
      ],
      "numel": 2476032
    },
    "conv1d.weight": {
      "mean": -0.0006406193133443594,
      "std": 0.01710720919072628,
      "min": -0.05853784829378128,
      "max": 0.07561922818422318,
      "abs_mean": 0.013687954284250736,
      "shape": [
        1664,
        1,
        4
      ],
      "numel": 6656
    },
    "conv1d.bias": {
      "mean": -0.009985428303480148,
      "std": 0.2682194709777832,
      "min": -0.49843084812164307,
      "max": 0.4909537434577942,
      "abs_mean": 0.231944739818573,
      "shape": [
        1664
      ],
      "numel": 1664
    },
    "norm.weight": {
      "mean": 0.9234568476676941,
      "std": 0.03416767716407776,
      "min": 0.8345547318458557,
      "max": 1.0138182640075684,
      "abs_mean": 0.9234568476676941,
      "shape": [
        1536
      ],
      "numel": 1536
    },
    "out_proj.weight": {
      "mean": 4.937385256198468e-06,
      "std": 0.029230911284685135,
      "min": -0.09836423397064209,
      "max": 0.09574074298143387,
      "abs_mean": 0.024824917316436768,
      "shape": [
        768,
        1536
      ],
      "numel": 1179648
    }
  }
}