{
  "meta": {
    "step": 7000,
    "layer_idx": 0,
    "timestamp": "20260324_221335"
  },
  "params": {
    "dt_bias": {
      "mean": -3.402149200439453,
      "std": 0.9568036794662476,
      "min": -4.678437232971191,
      "max": -1.7168554067611694,
      "abs_mean": 3.402149200439453,
      "shape": [
        24
      ],
      "numel": 24
    },
    "A_log": {
      "mean": 1.235251784324646,
      "std": 0.5608119964599609,
      "min": 0.2473118007183075,
      "max": 1.8959251642227173,
      "abs_mean": 1.235251784324646,
      "shape": [
        24
      ],
      "numel": 24
    },
    "D": {
      "mean": 0.7315382361412048,
      "std": 0.04819924756884575,
      "min": 0.6522505283355713,
      "max": 0.83265620470047,
      "abs_mean": 0.7315382361412048,
      "shape": [
        24
      ],
      "numel": 24
    },
    "in_proj.weight": {
      "mean": -4.8136298573808745e-05,
      "std": 0.03701970726251602,
      "min": -0.18605397641658783,
      "max": 0.19352930784225464,
      "abs_mean": 0.0295601524412632,
      "shape": [
        3224,
        768
      ],
      "numel": 2476032
    },
    "conv1d.weight": {
      "mean": -0.0005534879164770246,
      "std": 0.06894734501838684,
      "min": -0.24104514718055725,
      "max": 0.2332715094089508,
      "abs_mean": 0.039271675050258636,
      "shape": [
        1664,
        1,
        4
      ],
      "numel": 6656
    },
    "conv1d.bias": {
      "mean": 0.0030854004435241222,
      "std": 0.16027429699897766,
      "min": -0.4122629165649414,
      "max": 0.444157212972641,
      "abs_mean": 0.13779228925704956,
      "shape": [
        1664
      ],
      "numel": 1664
    },
    "norm.weight": {
      "mean": 0.7367486953735352,
      "std": 0.04786595702171326,
      "min": 0.47010982036590576,
      "max": 0.8294841051101685,
      "abs_mean": 0.7367486953735352,
      "shape": [
        1536
      ],
      "numel": 1536
    },
    "out_proj.weight": {
      "mean": -2.206649151048623e-05,
      "std": 0.036358676850795746,
      "min": -0.17902839183807373,
      "max": 0.16816453635692596,
      "abs_mean": 0.02926071546971798,
      "shape": [
        768,
        1536
      ],
      "numel": 1179648
    }
  }
}