{
  "meta": {
    "step": 1000,
    "layer_idx": 6,
    "timestamp": "20260324_124030"
  },
  "params": {
    "dt_bias": {
      "mean": -4.097347259521484,
      "std": 1.1110708713531494,
      "min": -6.383553504943848,
      "max": -2.498642921447754,
      "abs_mean": 4.097347259521484,
      "shape": [
        24
      ],
      "numel": 24
    },
    "A_log": {
      "mean": 2.043550729751587,
      "std": 0.5754619240760803,
      "min": 0.33115336298942566,
      "max": 2.5895469188690186,
      "abs_mean": 2.043550729751587,
      "shape": [
        24
      ],
      "numel": 24
    },
    "D": {
      "mean": 0.9447140097618103,
      "std": 0.009119490161538124,
      "min": 0.9274939894676208,
      "max": 0.9643569588661194,
      "abs_mean": 0.9447140097618103,
      "shape": [
        24
      ],
      "numel": 24
    },
    "in_proj.weight": {
      "mean": -6.397061952156946e-05,
      "std": 0.023768620565533638,
      "min": -0.11495161056518555,
      "max": 0.09756556153297424,
      "abs_mean": 0.019931085407733917,
      "shape": [
        3224,
        768
      ],
      "numel": 2476032
    },
    "conv1d.weight": {
      "mean": -6.0274389397818595e-05,
      "std": 0.017479533329606056,
      "min": -0.06516875326633453,
      "max": 0.062078993767499924,
      "abs_mean": 0.014114701189100742,
      "shape": [
        1664,
        1,
        4
      ],
      "numel": 6656
    },
    "conv1d.bias": {
      "mean": -0.0028556545730680227,
      "std": 0.26685449481010437,
      "min": -0.4970548152923584,
      "max": 0.4820239543914795,
      "abs_mean": 0.23040172457695007,
      "shape": [
        1664
      ],
      "numel": 1664
    },
    "norm.weight": {
      "mean": 0.9177792072296143,
      "std": 0.03322454169392586,
      "min": 0.8242330551147461,
      "max": 0.9941011667251587,
      "abs_mean": 0.9177792072296143,
      "shape": [
        1536
      ],
      "numel": 1536
    },
    "out_proj.weight": {
      "mean": 2.4594144633738324e-05,
      "std": 0.02902480587363243,
      "min": -0.09490752220153809,
      "max": 0.10045191645622253,
      "abs_mean": 0.02468940243124962,
      "shape": [
        768,
        1536
      ],
      "numel": 1179648
    }
  }
}