{
  "meta": {
    "step": 4500,
    "layer_idx": 0,
    "timestamp": "20260324_220442"
  },
  "params": {
    "dt_bias": {
      "mean": -3.59063720703125,
      "std": 1.011720895767212,
      "min": -4.988373279571533,
      "max": -1.8528125286102295,
      "abs_mean": 3.59063720703125,
      "shape": [
        24
      ],
      "numel": 24
    },
    "A_log": {
      "mean": 1.3346567153930664,
      "std": 0.5928230285644531,
      "min": 0.3088264763355255,
      "max": 2.0226972103118896,
      "abs_mean": 1.3346567153930664,
      "shape": [
        24
      ],
      "numel": 24
    },
    "D": {
      "mean": 0.7844524383544922,
      "std": 0.05262669175863266,
      "min": 0.6982384920120239,
      "max": 0.9046247601509094,
      "abs_mean": 0.7844524383544922,
      "shape": [
        24
      ],
      "numel": 24
    },
    "in_proj.weight": {
      "mean": -4.532521779765375e-05,
      "std": 0.03671763464808464,
      "min": -0.18471261858940125,
      "max": 0.18884685635566711,
      "abs_mean": 0.029333965852856636,
      "shape": [
        3224,
        768
      ],
      "numel": 2476032
    },
    "conv1d.weight": {
      "mean": -0.0005561785073950887,
      "std": 0.06895261257886887,
      "min": -0.24320432543754578,
      "max": 0.23535652458667755,
      "abs_mean": 0.039165131747722626,
      "shape": [
        1664,
        1,
        4
      ],
      "numel": 6656
    },
    "conv1d.bias": {
      "mean": 0.003943874500691891,
      "std": 0.17815415561199188,
      "min": -0.4435144364833832,
      "max": 0.4755110442638397,
      "abs_mean": 0.1535969078540802,
      "shape": [
        1664
      ],
      "numel": 1664
    },
    "norm.weight": {
      "mean": 0.794256865978241,
      "std": 0.04590335115790367,
      "min": 0.5403534173965454,
      "max": 0.8864324688911438,
      "abs_mean": 0.794256865978241,
      "shape": [
        1536
      ],
      "numel": 1536
    },
    "out_proj.weight": {
      "mean": -2.267310810566414e-05,
      "std": 0.03650648891925812,
      "min": -0.18311654031276703,
      "max": 0.17096075415611267,
      "abs_mean": 0.029454508796334267,
      "shape": [
        768,
        1536
      ],
      "numel": 1179648
    }
  }
}