{
  "meta": {
    "step": 2500,
    "layer_idx": 0,
    "timestamp": "20260324_215749"
  },
  "params": {
    "dt_bias": {
      "mean": -3.857600450515747,
      "std": 1.1122260093688965,
      "min": -5.402459144592285,
      "max": -2.044736862182617,
      "abs_mean": 3.857600450515747,
      "shape": [
        24
      ],
      "numel": 24
    },
    "A_log": {
      "mean": 1.487290382385254,
      "std": 0.6531928777694702,
      "min": 0.3705562949180603,
      "max": 2.2298295497894287,
      "abs_mean": 1.487290382385254,
      "shape": [
        24
      ],
      "numel": 24
    },
    "D": {
      "mean": 0.8609170317649841,
      "std": 0.058505699038505554,
      "min": 0.7669500708580017,
      "max": 1.0054396390914917,
      "abs_mean": 0.8609170317649841,
      "shape": [
        24
      ],
      "numel": 24
    },
    "in_proj.weight": {
      "mean": -2.440487514832057e-05,
      "std": 0.03384466469287872,
      "min": -0.16712553799152374,
      "max": 0.17724759876728058,
      "abs_mean": 0.027103669941425323,
      "shape": [
        3224,
        768
      ],
      "numel": 2476032
    },
    "conv1d.weight": {
      "mean": -0.0005712443962693214,
      "std": 0.06508471071720123,
      "min": -0.2374628335237503,
      "max": 0.23297125101089478,
      "abs_mean": 0.03797192871570587,
      "shape": [
        1664,
        1,
        4
      ],
      "numel": 6656
    },
    "conv1d.bias": {
      "mean": 0.0054450673051178455,
      "std": 0.21077771484851837,
      "min": -0.48459720611572266,
      "max": 0.5192763209342957,
      "abs_mean": 0.1829773336648941,
      "shape": [
        1664
      ],
      "numel": 1664
    },
    "norm.weight": {
      "mean": 0.8861315846443176,
      "std": 0.037018321454524994,
      "min": 0.6994438767433167,
      "max": 0.979101300239563,
      "abs_mean": 0.8861315846443176,
      "shape": [
        1536
      ],
      "numel": 1536
    },
    "out_proj.weight": {
      "mean": -3.920400104107102e-06,
      "std": 0.03510427474975586,
      "min": -0.17720355093479156,
      "max": 0.14913317561149597,
      "abs_mean": 0.028592146933078766,
      "shape": [
        768,
        1536
      ],
      "numel": 1179648
    }
  }
}