{
  "meta": {
    "step": 3500,
    "layer_idx": 13,
    "timestamp": "20260324_124320"
  },
  "params": {
    "dt_bias": {
      "mean": -4.0442705154418945,
      "std": 0.926511287689209,
      "min": -5.464372158050537,
      "max": -2.2071433067321777,
      "abs_mean": 4.0442705154418945,
      "shape": [
        24
      ],
      "numel": 24
    },
    "A_log": {
      "mean": 1.60718834400177,
      "std": 0.6401123404502869,
      "min": 0.14380423724651337,
      "max": 2.392887592315674,
      "abs_mean": 1.60718834400177,
      "shape": [
        24
      ],
      "numel": 24
    },
    "D": {
      "mean": 0.8461084961891174,
      "std": 0.020437706261873245,
      "min": 0.8039206266403198,
      "max": 0.900520384311676,
      "abs_mean": 0.8461084961891174,
      "shape": [
        24
      ],
      "numel": 24
    },
    "in_proj.weight": {
      "mean": -0.00015651567082386464,
      "std": 0.023472176864743233,
      "min": -0.14901188015937805,
      "max": 0.15844157338142395,
      "abs_mean": 0.019289279356598854,
      "shape": [
        3224,
        768
      ],
      "numel": 2476032
    },
    "conv1d.weight": {
      "mean": 4.751203960040584e-05,
      "std": 0.01848890259861946,
      "min": -0.11624651402235031,
      "max": 0.1034139096736908,
      "abs_mean": 0.014213413000106812,
      "shape": [
        1664,
        1,
        4
      ],
      "numel": 6656
    },
    "conv1d.bias": {
      "mean": -0.007344271522015333,
      "std": 0.23314130306243896,
      "min": -0.46246039867401123,
      "max": 0.45618870854377747,
      "abs_mean": 0.19683487713336945,
      "shape": [
        1664
      ],
      "numel": 1664
    },
    "norm.weight": {
      "mean": 0.7933099865913391,
      "std": 0.06537701934576035,
      "min": 0.6380483508110046,
      "max": 0.9252308011054993,
      "abs_mean": 0.7933099865913391,
      "shape": [
        1536
      ],
      "numel": 1536
    },
    "out_proj.weight": {
      "mean": 1.2792093002644833e-05,
      "std": 0.028564879670739174,
      "min": -0.178301602602005,
      "max": 0.17659544944763184,
      "abs_mean": 0.02355096861720085,
      "shape": [
        768,
        1536
      ],
      "numel": 1179648
    }
  }
}