{
  "meta": {
    "step": 1200,
    "layer_idx": 0,
    "timestamp": "20260324_124044"
  },
  "params": {
    "dt_bias": {
      "mean": -4.25944709777832,
      "std": 1.2937209606170654,
      "min": -6.278319358825684,
      "max": -2.2816710472106934,
      "abs_mean": 4.25944709777832,
      "shape": [
        24
      ],
      "numel": 24
    },
    "A_log": {
      "mean": 1.7500892877578735,
      "std": 0.5554530620574951,
      "min": 0.4339091181755066,
      "max": 2.5106394290924072,
      "abs_mean": 1.7500892877578735,
      "shape": [
        24
      ],
      "numel": 24
    },
    "D": {
      "mean": 0.9230958819389343,
      "std": 0.03809936344623566,
      "min": 0.8485974669456482,
      "max": 1.0240801572799683,
      "abs_mean": 0.9230958819389343,
      "shape": [
        24
      ],
      "numel": 24
    },
    "in_proj.weight": {
      "mean": -4.1014693124452606e-05,
      "std": 0.029666906222701073,
      "min": -0.14629802107810974,
      "max": 0.13626733422279358,
      "abs_mean": 0.02402961440384388,
      "shape": [
        3224,
        768
      ],
      "numel": 2476032
    },
    "conv1d.weight": {
      "mean": 0.000201678994926624,
      "std": 0.05048663541674614,
      "min": -0.1802714318037033,
      "max": 0.18805763125419617,
      "abs_mean": 0.037784673273563385,
      "shape": [
        1664,
        1,
        4
      ],
      "numel": 6656
    },
    "conv1d.bias": {
      "mean": -0.008558789268136024,
      "std": 0.25359585881233215,
      "min": -0.5082759261131287,
      "max": 0.5123612284660339,
      "abs_mean": 0.22042828798294067,
      "shape": [
        1664
      ],
      "numel": 1664
    },
    "norm.weight": {
      "mean": 0.952684223651886,
      "std": 0.026463236659765244,
      "min": 0.8505960702896118,
      "max": 1.0392194986343384,
      "abs_mean": 0.952684223651886,
      "shape": [
        1536
      ],
      "numel": 1536
    },
    "out_proj.weight": {
      "mean": 6.739173386449693e-06,
      "std": 0.0330071896314621,
      "min": -0.13511382043361664,
      "max": 0.13409052789211273,
      "abs_mean": 0.0274357870221138,
      "shape": [
        768,
        1536
      ],
      "numel": 1179648
    }
  }
}