{
  "meta": {
    "step": 4000,
    "layer_idx": 10,
    "timestamp": "20260324_124401"
  },
  "params": {
    "dt_bias": {
      "mean": -4.035491466522217,
      "std": 1.018875002861023,
      "min": -5.694615364074707,
      "max": -2.047199010848999,
      "abs_mean": 4.035491466522217,
      "shape": [
        24
      ],
      "numel": 24
    },
    "A_log": {
      "mean": 1.84928560256958,
      "std": 0.40560898184776306,
      "min": 0.8741497993469238,
      "max": 2.314972400665283,
      "abs_mean": 1.84928560256958,
      "shape": [
        24
      ],
      "numel": 24
    },
    "D": {
      "mean": 0.8348087668418884,
      "std": 0.026832036674022675,
      "min": 0.7708407640457153,
      "max": 0.8860621452331543,
      "abs_mean": 0.8348087668418884,
      "shape": [
        24
      ],
      "numel": 24
    },
    "in_proj.weight": {
      "mean": -0.00015897458069957793,
      "std": 0.02507571130990982,
      "min": -0.18716515600681305,
      "max": 0.14844107627868652,
      "abs_mean": 0.020237000659108162,
      "shape": [
        3224,
        768
      ],
      "numel": 2476032
    },
    "conv1d.weight": {
      "mean": -0.00010361308522988111,
      "std": 0.020871376618742943,
      "min": -0.08761544525623322,
      "max": 0.11230827122926712,
      "abs_mean": 0.016285421326756477,
      "shape": [
        1664,
        1,
        4
      ],
      "numel": 6656
    },
    "conv1d.bias": {
      "mean": -0.008902313187718391,
      "std": 0.23328477144241333,
      "min": -0.4449249505996704,
      "max": 0.4463939666748047,
      "abs_mean": 0.19745394587516785,
      "shape": [
        1664
      ],
      "numel": 1664
    },
    "norm.weight": {
      "mean": 0.7856739163398743,
      "std": 0.06294424086809158,
      "min": 0.6517875790596008,
      "max": 0.9244275689125061,
      "abs_mean": 0.7856739163398743,
      "shape": [
        1536
      ],
      "numel": 1536
    },
    "out_proj.weight": {
      "mean": 1.262579007743625e-05,
      "std": 0.028458021581172943,
      "min": -0.18417586386203766,
      "max": 0.18989014625549316,
      "abs_mean": 0.0234188511967659,
      "shape": [
        768,
        1536
      ],
      "numel": 1179648
    }
  }
}