{
  "meta": {
    "step": 4200,
    "layer_idx": 0,
    "timestamp": "20260324_124414"
  },
  "params": {
    "dt_bias": {
      "mean": -3.9267351627349854,
      "std": 1.1603957414627075,
      "min": -5.674482345581055,
      "max": -2.0998880863189697,
      "abs_mean": 3.9267351627349854,
      "shape": [
        24
      ],
      "numel": 24
    },
    "A_log": {
      "mean": 1.5368348360061646,
      "std": 0.47783809900283813,
      "min": 0.4366629719734192,
      "max": 2.2404983043670654,
      "abs_mean": 1.5368348360061646,
      "shape": [
        24
      ],
      "numel": 24
    },
    "D": {
      "mean": 0.8342108130455017,
      "std": 0.05661280080676079,
      "min": 0.7345051765441895,
      "max": 1.0069457292556763,
      "abs_mean": 0.8342108130455017,
      "shape": [
        24
      ],
      "numel": 24
    },
    "in_proj.weight": {
      "mean": -7.267681212397292e-05,
      "std": 0.03289385885000229,
      "min": -0.163204163312912,
      "max": 0.16464203596115112,
      "abs_mean": 0.026372598484158516,
      "shape": [
        3224,
        768
      ],
      "numel": 2476032
    },
    "conv1d.weight": {
      "mean": -0.0001878289331216365,
      "std": 0.06328825652599335,
      "min": -0.19757455587387085,
      "max": 0.18562066555023193,
      "abs_mean": 0.04963130131363869,
      "shape": [
        1664,
        1,
        4
      ],
      "numel": 6656
    },
    "conv1d.bias": {
      "mean": -0.007350943051278591,
      "std": 0.2122126668691635,
      "min": -0.508466899394989,
      "max": 0.5062184929847717,
      "abs_mean": 0.18471208214759827,
      "shape": [
        1664
      ],
      "numel": 1664
    },
    "norm.weight": {
      "mean": 0.8940512537956238,
      "std": 0.034353017807006836,
      "min": 0.6833329796791077,
      "max": 0.9887776374816895,
      "abs_mean": 0.8940512537956238,
      "shape": [
        1536
      ],
      "numel": 1536
    },
    "out_proj.weight": {
      "mean": 1.7809332348406315e-05,
      "std": 0.035529784858226776,
      "min": -0.15448102355003357,
      "max": 0.15946055948734283,
      "abs_mean": 0.0289923045784235,
      "shape": [
        768,
        1536
      ],
      "numel": 1179648
    }
  }
}