{
  "meta": {
    "step": 7000,
    "layer_idx": 0,
    "timestamp": "20260325_022447"
  },
  "params": {
    "dt_bias": {
      "mean": -3.7182116508483887,
      "std": 0.9738909602165222,
      "min": -5.246400833129883,
      "max": -2.2425451278686523,
      "abs_mean": 3.7182116508483887,
      "shape": [
        32
      ],
      "numel": 32
    },
    "A_log": {
      "mean": 1.302010178565979,
      "std": 0.38949254155158997,
      "min": 0.4043757915496826,
      "max": 1.9922420978546143,
      "abs_mean": 1.302010178565979,
      "shape": [
        32
      ],
      "numel": 32
    },
    "D": {
      "mean": 0.7764500975608826,
      "std": 0.039448220282793045,
      "min": 0.7104040384292603,
      "max": 0.8929873704910278,
      "abs_mean": 0.7764500975608826,
      "shape": [
        32
      ],
      "numel": 32
    },
    "in_proj.weight": {
      "mean": 5.4114640079205856e-05,
      "std": 0.030356382951140404,
      "min": -0.18068742752075195,
      "max": 0.17470090091228485,
      "abs_mean": 0.024305257946252823,
      "shape": [
        4256,
        1024
      ],
      "numel": 4358144
    },
    "conv1d.weight": {
      "mean": 0.0007576060597784817,
      "std": 0.06099111959338188,
      "min": -0.21019183099269867,
      "max": 0.21717627346515656,
      "abs_mean": 0.03454429283738136,
      "shape": [
        2176,
        1,
        4
      ],
      "numel": 8704
    },
    "conv1d.bias": {
      "mean": 0.007973488420248032,
      "std": 0.18989881873130798,
      "min": -0.518373429775238,
      "max": 0.47876402735710144,
      "abs_mean": 0.16262435913085938,
      "shape": [
        2176
      ],
      "numel": 2176
    },
    "norm.weight": {
      "mean": 0.7370303869247437,
      "std": 0.056837957352399826,
      "min": 0.46970656514167786,
      "max": 0.8711751103401184,
      "abs_mean": 0.7370303869247437,
      "shape": [
        2048
      ],
      "numel": 2048
    },
    "out_proj.weight": {
      "mean": -1.8540185919846408e-05,
      "std": 0.029234755784273148,
      "min": -0.1416987031698227,
      "max": 0.14191031455993652,
      "abs_mean": 0.02371964231133461,
      "shape": [
        1024,
        2048
      ],
      "numel": 2097152
    }
  }
}