{
  "meta": {
    "step": 3500,
    "layer_idx": 6,
    "timestamp": "20260324_124320"
  },
  "params": {
    "dt_bias": {
      "mean": -3.738743543624878,
      "std": 1.0207732915878296,
      "min": -5.8361430168151855,
      "max": -2.2861216068267822,
      "abs_mean": 3.738743543624878,
      "shape": [
        24
      ],
      "numel": 24
    },
    "A_log": {
      "mean": 1.8752504587173462,
      "std": 0.5322169661521912,
      "min": 0.3095283806324005,
      "max": 2.3940250873565674,
      "abs_mean": 1.8752504587173462,
      "shape": [
        24
      ],
      "numel": 24
    },
    "D": {
      "mean": 0.8493211269378662,
      "std": 0.02105538733303547,
      "min": 0.8050543069839478,
      "max": 0.9025816917419434,
      "abs_mean": 0.8493211269378662,
      "shape": [
        24
      ],
      "numel": 24
    },
    "in_proj.weight": {
      "mean": -8.308060932904482e-05,
      "std": 0.02632969804108143,
      "min": -0.16446474194526672,
      "max": 0.16962817311286926,
      "abs_mean": 0.02123403735458851,
      "shape": [
        3224,
        768
      ],
      "numel": 2476032
    },
    "conv1d.weight": {
      "mean": -7.863392966100946e-05,
      "std": 0.025717901065945625,
      "min": -0.10801815241575241,
      "max": 0.10534245520830154,
      "abs_mean": 0.020030342042446136,
      "shape": [
        1664,
        1,
        4
      ],
      "numel": 6656
    },
    "conv1d.bias": {
      "mean": -0.0023155556991696358,
      "std": 0.23313124477863312,
      "min": -0.44157564640045166,
      "max": 0.42687997221946716,
      "abs_mean": 0.19806212186813354,
      "shape": [
        1664
      ],
      "numel": 1664
    },
    "norm.weight": {
      "mean": 0.8006985783576965,
      "std": 0.05432887375354767,
      "min": 0.675207793712616,
      "max": 0.9388825297355652,
      "abs_mean": 0.8006985783576965,
      "shape": [
        1536
      ],
      "numel": 1536
    },
    "out_proj.weight": {
      "mean": 2.257093001389876e-05,
      "std": 0.0285639651119709,
      "min": -0.19054651260375977,
      "max": 0.18462346494197845,
      "abs_mean": 0.023590758442878723,
      "shape": [
        768,
        1536
      ],
      "numel": 1179648
    }
  }
}