{
  "meta": {
    "step": 1500,
    "layer_idx": 0,
    "timestamp": "20260324_215440"
  },
  "params": {
    "dt_bias": {
      "mean": -4.046498775482178,
      "std": 1.2126363515853882,
      "min": -5.752900123596191,
      "max": -2.1364517211914062,
      "abs_mean": 4.046498775482178,
      "shape": [
        24
      ],
      "numel": 24
    },
    "A_log": {
      "mean": 1.615889549255371,
      "std": 0.7242370843887329,
      "min": 0.3567187488079071,
      "max": 2.4181840419769287,
      "abs_mean": 1.615889549255371,
      "shape": [
        24
      ],
      "numel": 24
    },
    "D": {
      "mean": 0.9140289425849915,
      "std": 0.05087415501475334,
      "min": 0.8368840217590332,
      "max": 1.0441904067993164,
      "abs_mean": 0.9140289425849915,
      "shape": [
        24
      ],
      "numel": 24
    },
    "in_proj.weight": {
      "mean": -1.19145033750101e-05,
      "std": 0.030514143407344818,
      "min": -0.14482396841049194,
      "max": 0.16076412796974182,
      "abs_mean": 0.02460317499935627,
      "shape": [
        3224,
        768
      ],
      "numel": 2476032
    },
    "conv1d.weight": {
      "mean": -0.0005913848872296512,
      "std": 0.05539825186133385,
      "min": -0.20452475547790527,
      "max": 0.2084425836801529,
      "abs_mean": 0.03417538106441498,
      "shape": [
        1664,
        1,
        4
      ],
      "numel": 6656
    },
    "conv1d.bias": {
      "mean": 0.00621245801448822,
      "std": 0.24138455092906952,
      "min": -0.49096789956092834,
      "max": 0.5242693424224854,
      "abs_mean": 0.2104533612728119,
      "shape": [
        1664
      ],
      "numel": 1664
    },
    "norm.weight": {
      "mean": 0.9382166862487793,
      "std": 0.027781885117292404,
      "min": 0.8219220042228699,
      "max": 1.0253725051879883,
      "abs_mean": 0.9382166862487793,
      "shape": [
        1536
      ],
      "numel": 1536
    },
    "out_proj.weight": {
      "mean": -5.431254521681694e-06,
      "std": 0.03325081244111061,
      "min": -0.1540418565273285,
      "max": 0.14325101673603058,
      "abs_mean": 0.027479754760861397,
      "shape": [
        768,
        1536
      ],
      "numel": 1179648
    }
  }
}