{
  "meta": {
    "step": 10000,
    "layer_idx": 16,
    "timestamp": "20260325_030533"
  },
  "params": {
    "dt_bias": {
      "mean": -3.7111339569091797,
      "std": 0.9049379229545593,
      "min": -4.924336910247803,
      "max": -2.002100944519043,
      "abs_mean": 3.7111339569091797,
      "shape": [
        32
      ],
      "numel": 32
    },
    "A_log": {
      "mean": 1.366518259048462,
      "std": 0.48070472478866577,
      "min": 0.2953213155269623,
      "max": 2.000974178314209,
      "abs_mean": 1.366518259048462,
      "shape": [
        32
      ],
      "numel": 32
    },
    "D": {
      "mean": 0.7313918471336365,
      "std": 0.024150976911187172,
      "min": 0.67022705078125,
      "max": 0.781005859375,
      "abs_mean": 0.7313918471336365,
      "shape": [
        32
      ],
      "numel": 32
    },
    "in_proj.weight": {
      "mean": 9.56156654865481e-05,
      "std": 0.01919025555253029,
      "min": -0.16410505771636963,
      "max": 0.15930944681167603,
      "abs_mean": 0.015522309578955173,
      "shape": [
        4256,
        1024
      ],
      "numel": 4358144
    },
    "conv1d.weight": {
      "mean": -2.8420045055099763e-05,
      "std": 0.020258549600839615,
      "min": -0.10696753114461899,
      "max": 0.1466936469078064,
      "abs_mean": 0.015905452892184258,
      "shape": [
        2176,
        1,
        4
      ],
      "numel": 8704
    },
    "conv1d.bias": {
      "mean": 0.0022095858585089445,
      "std": 0.1954665631055832,
      "min": -0.3836507797241211,
      "max": 0.37580934166908264,
      "abs_mean": 0.16578970849514008,
      "shape": [
        2176
      ],
      "numel": 2176
    },
    "norm.weight": {
      "mean": 0.6948357820510864,
      "std": 0.0331546775996685,
      "min": 0.5170186758041382,
      "max": 0.8432948589324951,
      "abs_mean": 0.6948357820510864,
      "shape": [
        2048
      ],
      "numel": 2048
    },
    "out_proj.weight": {
      "mean": 1.4326322343549691e-05,
      "std": 0.021315377205610275,
      "min": -0.11557620018720627,
      "max": 0.09975109249353409,
      "abs_mean": 0.01765250600874424,
      "shape": [
        1024,
        2048
      ],
      "numel": 2097152
    }
  }
}