{
  "meta": {
    "step": 200,
    "layer_idx": 0,
    "timestamp": "20260324_123934"
  },
  "params": {
    "dt_bias": {
      "mean": -4.493721008300781,
      "std": 1.3919669389724731,
      "min": -6.711495399475098,
      "max": -2.43969988822937,
      "abs_mean": 4.493721008300781,
      "shape": [
        24
      ],
      "numel": 24
    },
    "A_log": {
      "mean": 1.9315919876098633,
      "std": 0.6140417456626892,
      "min": 0.4046230912208557,
      "max": 2.6900949478149414,
      "abs_mean": 1.9315919876098633,
      "shape": [
        24
      ],
      "numel": 24
    },
    "D": {
      "mean": 0.9911673069000244,
      "std": 0.0036817227955907583,
      "min": 0.9843195080757141,
      "max": 0.9982928037643433,
      "abs_mean": 0.9911673069000244,
      "shape": [
        24
      ],
      "numel": 24
    },
    "in_proj.weight": {
      "mean": -1.4128063412499614e-05,
      "std": 0.02348918654024601,
      "min": -0.07544634491205215,
      "max": 0.07808154821395874,
      "abs_mean": 0.019971322268247604,
      "shape": [
        3224,
        768
      ],
      "numel": 2476032
    },
    "conv1d.weight": {
      "mean": 0.00021166329679545015,
      "std": 0.02275201305747032,
      "min": -0.08198359608650208,
      "max": 0.06245293840765953,
      "abs_mean": 0.019041288644075394,
      "shape": [
        1664,
        1,
        4
      ],
      "numel": 6656
    },
    "conv1d.bias": {
      "mean": -0.007879490032792091,
      "std": 0.2850927412509918,
      "min": -0.5014159083366394,
      "max": 0.4933893084526062,
      "abs_mean": 0.2461550533771515,
      "shape": [
        1664
      ],
      "numel": 1664
    },
    "norm.weight": {
      "mean": 0.9893857836723328,
      "std": 0.007347493432462215,
      "min": 0.9695135951042175,
      "max": 1.0256295204162598,
      "abs_mean": 0.9893857836723328,
      "shape": [
        1536
      ],
      "numel": 1536
    },
    "out_proj.weight": {
      "mean": 3.0603850973420776e-06,
      "std": 0.02960857003927231,
      "min": -0.08822950720787048,
      "max": 0.0851149633526802,
      "abs_mean": 0.02549479342997074,
      "shape": [
        768,
        1536
      ],
      "numel": 1179648
    }
  }
}