{
  "meta": {
    "step": 10000,
    "layer_idx": 21,
    "timestamp": "20260325_030533"
  },
  "params": {
    "dt_bias": {
      "mean": -3.4277734756469727,
      "std": 1.1156648397445679,
      "min": -5.079226016998291,
      "max": -1.7494468688964844,
      "abs_mean": 3.4277734756469727,
      "shape": [
        32
      ],
      "numel": 32
    },
    "A_log": {
      "mean": 1.3673145771026611,
      "std": 0.5803816318511963,
      "min": 0.10188020765781403,
      "max": 2.063462734222412,
      "abs_mean": 1.3673145771026611,
      "shape": [
        32
      ],
      "numel": 32
    },
    "D": {
      "mean": 0.723328709602356,
      "std": 0.030381247401237488,
      "min": 0.6604142785072327,
      "max": 0.8012587428092957,
      "abs_mean": 0.723328709602356,
      "shape": [
        32
      ],
      "numel": 32
    },
    "in_proj.weight": {
      "mean": -5.8948935475200415e-06,
      "std": 0.019144203513860703,
      "min": -0.1719336062669754,
      "max": 0.1570359170436859,
      "abs_mean": 0.015400671400129795,
      "shape": [
        4256,
        1024
      ],
      "numel": 4358144
    },
    "conv1d.weight": {
      "mean": -0.00012814809451811016,
      "std": 0.01876690238714218,
      "min": -0.09963355213403702,
      "max": 0.08376771211624146,
      "abs_mean": 0.01488795317709446,
      "shape": [
        2176,
        1,
        4
      ],
      "numel": 8704
    },
    "conv1d.bias": {
      "mean": -0.003546440973877907,
      "std": 0.19981728494167328,
      "min": -0.4048954248428345,
      "max": 0.42211100459098816,
      "abs_mean": 0.16757799685001373,
      "shape": [
        2176
      ],
      "numel": 2176
    },
    "norm.weight": {
      "mean": 0.6764368414878845,
      "std": 0.05091517046093941,
      "min": 0.5180469751358032,
      "max": 0.8302988409996033,
      "abs_mean": 0.6764368414878845,
      "shape": [
        2048
      ],
      "numel": 2048
    },
    "out_proj.weight": {
      "mean": -2.8734903025906533e-06,
      "std": 0.021327145397663116,
      "min": -0.09773754328489304,
      "max": 0.09634005278348923,
      "abs_mean": 0.017581572756171227,
      "shape": [
        1024,
        2048
      ],
      "numel": 2097152
    }
  }
}