{
  "meta": {
    "step": 3200,
    "layer_idx": 0,
    "timestamp": "20260324_124301"
  },
  "params": {
    "dt_bias": {
      "mean": -3.9799368381500244,
      "std": 1.1772990226745605,
      "min": -5.760022163391113,
      "max": -2.134939432144165,
      "abs_mean": 3.9799368381500244,
      "shape": [
        24
      ],
      "numel": 24
    },
    "A_log": {
      "mean": 1.5643137693405151,
      "std": 0.486934632062912,
      "min": 0.44547969102859497,
      "max": 2.2824602127075195,
      "abs_mean": 1.5643137693405151,
      "shape": [
        24
      ],
      "numel": 24
    },
    "D": {
      "mean": 0.8473217487335205,
      "std": 0.05663766711950302,
      "min": 0.7469013333320618,
      "max": 1.0185825824737549,
      "abs_mean": 0.8473217487335205,
      "shape": [
        24
      ],
      "numel": 24
    },
    "in_proj.weight": {
      "mean": -7.034885493339971e-05,
      "std": 0.03294799104332924,
      "min": -0.1604333221912384,
      "max": 0.1669161319732666,
      "abs_mean": 0.026432355865836143,
      "shape": [
        3224,
        768
      ],
      "numel": 2476032
    },
    "conv1d.weight": {
      "mean": -0.00015060929581522942,
      "std": 0.0629253089427948,
      "min": -0.19502869248390198,
      "max": 0.18673844635486603,
      "abs_mean": 0.049099747091531754,
      "shape": [
        1664,
        1,
        4
      ],
      "numel": 6656
    },
    "conv1d.bias": {
      "mean": -0.007447652984410524,
      "std": 0.21679243445396423,
      "min": -0.513322651386261,
      "max": 0.5111683011054993,
      "abs_mean": 0.18856622278690338,
      "shape": [
        1664
      ],
      "numel": 1664
    },
    "norm.weight": {
      "mean": 0.9066998958587646,
      "std": 0.03396023437380791,
      "min": 0.6999437212944031,
      "max": 1.0008165836334229,
      "abs_mean": 0.9066998958587646,
      "shape": [
        1536
      ],
      "numel": 1536
    },
    "out_proj.weight": {
      "mean": 1.2644417438423261e-05,
      "std": 0.03569634631276131,
      "min": -0.1591494381427765,
      "max": 0.16041815280914307,
      "abs_mean": 0.029174277558922768,
      "shape": [
        768,
        1536
      ],
      "numel": 1179648
    }
  }
}