{
  "meta": {
    "step": 500,
    "layer_idx": 0,
    "timestamp": "20260324_215130"
  },
  "params": {
    "dt_bias": {
      "mean": -4.280211925506592,
      "std": 1.3314131498336792,
      "min": -6.361063480377197,
      "max": -2.260024309158325,
      "abs_mean": 4.280211925506592,
      "shape": [
        24
      ],
      "numel": 24
    },
    "A_log": {
      "mean": 1.7902346849441528,
      "std": 0.8105562329292297,
      "min": 0.291157603263855,
      "max": 2.6677160263061523,
      "abs_mean": 1.7902346849441528,
      "shape": [
        24
      ],
      "numel": 24
    },
    "D": {
      "mean": 0.9795200228691101,
      "std": 0.00825982540845871,
      "min": 0.9666702151298523,
      "max": 1.0065317153930664,
      "abs_mean": 0.9795200228691101,
      "shape": [
        24
      ],
      "numel": 24
    },
    "in_proj.weight": {
      "mean": 3.674396566566429e-06,
      "std": 0.02436472661793232,
      "min": -0.0901430994272232,
      "max": 0.08373069018125534,
      "abs_mean": 0.0204593725502491,
      "shape": [
        3224,
        768
      ],
      "numel": 2476032
    },
    "conv1d.weight": {
      "mean": -0.0005033084307797253,
      "std": 0.02390570193529129,
      "min": -0.10764539241790771,
      "max": 0.10721074044704437,
      "abs_mean": 0.019579103216528893,
      "shape": [
        1664,
        1,
        4
      ],
      "numel": 6656
    },
    "conv1d.bias": {
      "mean": 0.008521742187440395,
      "std": 0.2777895927429199,
      "min": -0.49421975016593933,
      "max": 0.49248260259628296,
      "abs_mean": 0.24097228050231934,
      "shape": [
        1664
      ],
      "numel": 1664
    },
    "norm.weight": {
      "mean": 0.977832019329071,
      "std": 0.012501243501901627,
      "min": 0.9427887201309204,
      "max": 1.0572421550750732,
      "abs_mean": 0.977832019329071,
      "shape": [
        1536
      ],
      "numel": 1536
    },
    "out_proj.weight": {
      "mean": -1.563076875754632e-05,
      "std": 0.03040735237300396,
      "min": -0.11045219749212265,
      "max": 0.11037325114011765,
      "abs_mean": 0.025917865335941315,
      "shape": [
        768,
        1536
      ],
      "numel": 1179648
    }
  }
}