{
  "meta": {
    "step": 1700,
    "layer_idx": 0,
    "timestamp": "20260324_124117"
  },
  "params": {
    "dt_bias": {
      "mean": -4.164369106292725,
      "std": 1.2518466711044312,
      "min": -6.096273899078369,
      "max": -2.23579478263855,
      "abs_mean": 4.164369106292725,
      "shape": [
        24
      ],
      "numel": 24
    },
    "A_log": {
      "mean": 1.6793652772903442,
      "std": 0.528748631477356,
      "min": 0.4508340060710907,
      "max": 2.4254889488220215,
      "abs_mean": 1.6793652772903442,
      "shape": [
        24
      ],
      "numel": 24
    },
    "D": {
      "mean": 0.8962088227272034,
      "std": 0.048356473445892334,
      "min": 0.805264413356781,
      "max": 1.036543846130371,
      "abs_mean": 0.8962088227272034,
      "shape": [
        24
      ],
      "numel": 24
    },
    "in_proj.weight": {
      "mean": -5.8460609579924494e-05,
      "std": 0.0313543900847435,
      "min": -0.16648684442043304,
      "max": 0.14380590617656708,
      "abs_mean": 0.025266479700803757,
      "shape": [
        3224,
        768
      ],
      "numel": 2476032
    },
    "conv1d.weight": {
      "mean": -5.196027814236004e-06,
      "std": 0.05730297788977623,
      "min": -0.18899080157279968,
      "max": 0.19231043756008148,
      "abs_mean": 0.04341213405132294,
      "shape": [
        1664,
        1,
        4
      ],
      "numel": 6656
    },
    "conv1d.bias": {
      "mean": -0.007916401140391827,
      "std": 0.23885177075862885,
      "min": -0.516870379447937,
      "max": 0.5183776617050171,
      "abs_mean": 0.20760037004947662,
      "shape": [
        1664
      ],
      "numel": 1664
    },
    "norm.weight": {
      "mean": 0.9420182108879089,
      "std": 0.03007481060922146,
      "min": 0.7873324751853943,
      "max": 1.0313429832458496,
      "abs_mean": 0.9420182108879089,
      "shape": [
        1536
      ],
      "numel": 1536
    },
    "out_proj.weight": {
      "mean": 1.0709691196097992e-05,
      "std": 0.034446731209754944,
      "min": -0.15894149243831635,
      "max": 0.14490187168121338,
      "abs_mean": 0.028399063274264336,
      "shape": [
        768,
        1536
      ],
      "numel": 1179648
    }
  }
}