{
  "meta": {
    "step": 11000,
    "layer_idx": 0,
    "timestamp": "20260325_031911"
  },
  "params": {
    "dt_bias": {
      "mean": -3.5036001205444336,
      "std": 0.9097949266433716,
      "min": -4.904744625091553,
      "max": -2.111051559448242,
      "abs_mean": 3.5036001205444336,
      "shape": [
        32
      ],
      "numel": 32
    },
    "A_log": {
      "mean": 1.2034887075424194,
      "std": 0.3644629418849945,
      "min": 0.3614262044429779,
      "max": 1.8418526649475098,
      "abs_mean": 1.2034887075424194,
      "shape": [
        32
      ],
      "numel": 32
    },
    "D": {
      "mean": 0.7236294746398926,
      "std": 0.03723962604999542,
      "min": 0.6658368706703186,
      "max": 0.823344349861145,
      "abs_mean": 0.7236294746398926,
      "shape": [
        32
      ],
      "numel": 32
    },
    "in_proj.weight": {
      "mean": 4.536613414529711e-05,
      "std": 0.030406571924686432,
      "min": -0.17627480626106262,
      "max": 0.18032875657081604,
      "abs_mean": 0.02432904951274395,
      "shape": [
        4256,
        1024
      ],
      "numel": 4358144
    },
    "conv1d.weight": {
      "mean": 0.0008164311293512583,
      "std": 0.06055498123168945,
      "min": -0.20837517082691193,
      "max": 0.2104211300611496,
      "abs_mean": 0.034781813621520996,
      "shape": [
        2176,
        1,
        4
      ],
      "numel": 8704
    },
    "conv1d.bias": {
      "mean": 0.007909840904176235,
      "std": 0.17213322222232819,
      "min": -0.507454514503479,
      "max": 0.4514509439468384,
      "abs_mean": 0.1466865986585617,
      "shape": [
        2176
      ],
      "numel": 2176
    },
    "norm.weight": {
      "mean": 0.6775486469268799,
      "std": 0.059959929436445236,
      "min": 0.3840579390525818,
      "max": 0.8112607598304749,
      "abs_mean": 0.6775486469268799,
      "shape": [
        2048
      ],
      "numel": 2048
    },
    "out_proj.weight": {
      "mean": -1.4943662790756207e-05,
      "std": 0.028885580599308014,
      "min": -0.16289357841014862,
      "max": 0.14076736569404602,
      "abs_mean": 0.02336406521499157,
      "shape": [
        1024,
        2048
      ],
      "numel": 2097152
    }
  }
}