{
  "meta": {
    "step": 2500,
    "layer_idx": 1,
    "timestamp": "20260324_124213"
  },
  "params": {
    "dt_bias": {
      "mean": -3.9132578372955322,
      "std": 1.2080106735229492,
      "min": -6.026583194732666,
      "max": -2.137346029281616,
      "abs_mean": 3.9132578372955322,
      "shape": [
        24
      ],
      "numel": 24
    },
    "A_log": {
      "mean": 1.569279670715332,
      "std": 0.584704577922821,
      "min": 0.3522724211215973,
      "max": 2.4100160598754883,
      "abs_mean": 1.569279670715332,
      "shape": [
        24
      ],
      "numel": 24
    },
    "D": {
      "mean": 0.8802899718284607,
      "std": 0.02282640151679516,
      "min": 0.8418234586715698,
      "max": 0.9260445833206177,
      "abs_mean": 0.8802899718284607,
      "shape": [
        24
      ],
      "numel": 24
    },
    "in_proj.weight": {
      "mean": 1.2560888535517734e-05,
      "std": 0.03241487592458725,
      "min": -0.15809744596481323,
      "max": 0.17317421734333038,
      "abs_mean": 0.026071256026625633,
      "shape": [
        3224,
        768
      ],
      "numel": 2476032
    },
    "conv1d.weight": {
      "mean": 0.00031682720873504877,
      "std": 0.05188141018152237,
      "min": -0.16987749934196472,
      "max": 0.14370201528072357,
      "abs_mean": 0.042961880564689636,
      "shape": [
        1664,
        1,
        4
      ],
      "numel": 6656
    },
    "conv1d.bias": {
      "mean": 0.0037448483053594828,
      "std": 0.2331497222185135,
      "min": -0.4652159810066223,
      "max": 0.4653657078742981,
      "abs_mean": 0.20139633119106293,
      "shape": [
        1664
      ],
      "numel": 1664
    },
    "norm.weight": {
      "mean": 0.9726583957672119,
      "std": 0.04229399934411049,
      "min": 0.6923427581787109,
      "max": 1.0710505247116089,
      "abs_mean": 0.9726583957672119,
      "shape": [
        1536
      ],
      "numel": 1536
    },
    "out_proj.weight": {
      "mean": -3.338877286296338e-05,
      "std": 0.03685972839593887,
      "min": -0.16717368364334106,
      "max": 0.14778807759284973,
      "abs_mean": 0.030080510303378105,
      "shape": [
        768,
        1536
      ],
      "numel": 1179648
    }
  }
}