{
  "meta": {
    "step": 3000,
    "layer_idx": 3,
    "timestamp": "20260324_124247"
  },
  "params": {
    "dt_bias": {
      "mean": -3.5142126083374023,
      "std": 1.0345039367675781,
      "min": -5.693008899688721,
      "max": -2.1463496685028076,
      "abs_mean": 3.5142126083374023,
      "shape": [
        24
      ],
      "numel": 24
    },
    "A_log": {
      "mean": 1.3168572187423706,
      "std": 0.7188389897346497,
      "min": 0.08158733695745468,
      "max": 2.3513965606689453,
      "abs_mean": 1.3168572187423706,
      "shape": [
        24
      ],
      "numel": 24
    },
    "D": {
      "mean": 0.8633742332458496,
      "std": 0.012362477369606495,
      "min": 0.8422755002975464,
      "max": 0.8982650637626648,
      "abs_mean": 0.8633742332458496,
      "shape": [
        24
      ],
      "numel": 24
    },
    "in_proj.weight": {
      "mean": -2.4571743779233657e-05,
      "std": 0.029630763456225395,
      "min": -0.17123250663280487,
      "max": 0.16482974588871002,
      "abs_mean": 0.02383047342300415,
      "shape": [
        3224,
        768
      ],
      "numel": 2476032
    },
    "conv1d.weight": {
      "mean": -3.390569327166304e-05,
      "std": 0.03415987268090248,
      "min": -0.15559178590774536,
      "max": 0.13858462870121002,
      "abs_mean": 0.02754531241953373,
      "shape": [
        1664,
        1,
        4
      ],
      "numel": 6656
    },
    "conv1d.bias": {
      "mean": 0.0010285424068570137,
      "std": 0.23457887768745422,
      "min": -0.4471246302127838,
      "max": 0.4631831645965576,
      "abs_mean": 0.19961349666118622,
      "shape": [
        1664
      ],
      "numel": 1664
    },
    "norm.weight": {
      "mean": 0.8372073173522949,
      "std": 0.04752691462635994,
      "min": 0.6997503638267517,
      "max": 0.9896576404571533,
      "abs_mean": 0.8372073173522949,
      "shape": [
        1536
      ],
      "numel": 1536
    },
    "out_proj.weight": {
      "mean": 4.031539720017463e-05,
      "std": 0.03081219084560871,
      "min": -0.16044627130031586,
      "max": 0.1610032320022583,
      "abs_mean": 0.025365255773067474,
      "shape": [
        768,
        1536
      ],
      "numel": 1179648
    }
  }
}