{
  "meta": {
    "step": 500,
    "layer_idx": 11,
    "timestamp": "20260324_123955"
  },
  "params": {
    "dt_bias": {
      "mean": -4.348814010620117,
      "std": 1.2988053560256958,
      "min": -6.675817012786865,
      "max": -2.348629951477051,
      "abs_mean": 4.348814010620117,
      "shape": [
        24
      ],
      "numel": 24
    },
    "A_log": {
      "mean": 1.8951672315597534,
      "std": 0.6585017442703247,
      "min": 0.22483712434768677,
      "max": 2.5703396797180176,
      "abs_mean": 1.8951672315597534,
      "shape": [
        24
      ],
      "numel": 24
    },
    "D": {
      "mean": 0.972930908203125,
      "std": 0.005639298819005489,
      "min": 0.9582022428512573,
      "max": 0.9835485219955444,
      "abs_mean": 0.972930908203125,
      "shape": [
        24
      ],
      "numel": 24
    },
    "in_proj.weight": {
      "mean": -2.768680678855162e-05,
      "std": 0.0227778609842062,
      "min": -0.07424505054950714,
      "max": 0.07056932151317596,
      "abs_mean": 0.019458668306469917,
      "shape": [
        3224,
        768
      ],
      "numel": 2476032
    },
    "conv1d.weight": {
      "mean": 3.5234093957114965e-05,
      "std": 0.01740780472755432,
      "min": -0.04396658390760422,
      "max": 0.04824414849281311,
      "abs_mean": 0.014681996777653694,
      "shape": [
        1664,
        1,
        4
      ],
      "numel": 6656
    },
    "conv1d.bias": {
      "mean": -0.001597062568180263,
      "std": 0.2771582305431366,
      "min": -0.49303874373435974,
      "max": 0.49663445353507996,
      "abs_mean": 0.2378743588924408,
      "shape": [
        1664
      ],
      "numel": 1664
    },
    "norm.weight": {
      "mean": 0.9641680121421814,
      "std": 0.018239697441458702,
      "min": 0.9109527468681335,
      "max": 1.0169248580932617,
      "abs_mean": 0.9641680121421814,
      "shape": [
        1536
      ],
      "numel": 1536
    },
    "out_proj.weight": {
      "mean": 1.859623580457992e-06,
      "std": 0.029146216809749603,
      "min": -0.07869752496480942,
      "max": 0.07783179730176926,
      "abs_mean": 0.025053439661860466,
      "shape": [
        768,
        1536
      ],
      "numel": 1179648
    }
  }
}