{
  "meta": {
    "step": 1400,
    "layer_idx": 0,
    "timestamp": "20260324_124056"
  },
  "params": {
    "dt_bias": {
      "mean": -4.2185959815979,
      "std": 1.2762460708618164,
      "min": -6.206009864807129,
      "max": -2.2590115070343018,
      "abs_mean": 4.2185959815979,
      "shape": [
        24
      ],
      "numel": 24
    },
    "A_log": {
      "mean": 1.7211426496505737,
      "std": 0.5447990894317627,
      "min": 0.44159483909606934,
      "max": 2.4826722145080566,
      "abs_mean": 1.7211426496505737,
      "shape": [
        24
      ],
      "numel": 24
    },
    "D": {
      "mean": 0.9120842814445496,
      "std": 0.04243350028991699,
      "min": 0.8339476585388184,
      "max": 1.031321406364441,
      "abs_mean": 0.9120842814445496,
      "shape": [
        24
      ],
      "numel": 24
    },
    "in_proj.weight": {
      "mean": -5.3635681979358196e-05,
      "std": 0.03042326495051384,
      "min": -0.15680605173110962,
      "max": 0.1469421088695526,
      "abs_mean": 0.024581491947174072,
      "shape": [
        3224,
        768
      ],
      "numel": 2476032
    },
    "conv1d.weight": {
      "mean": -1.6442249034298584e-05,
      "std": 0.05352633818984032,
      "min": -0.18484105169773102,
      "max": 0.18931391835212708,
      "abs_mean": 0.04002342000603676,
      "shape": [
        1664,
        1,
        4
      ],
      "numel": 6656
    },
    "conv1d.bias": {
      "mean": -0.008317886851727962,
      "std": 0.24744482338428497,
      "min": -0.5111597776412964,
      "max": 0.5144888758659363,
      "abs_mean": 0.2151045948266983,
      "shape": [
        1664
      ],
      "numel": 1664
    },
    "norm.weight": {
      "mean": 0.9482998251914978,
      "std": 0.028152335435152054,
      "min": 0.8246155977249146,
      "max": 1.0387037992477417,
      "abs_mean": 0.9482998251914978,
      "shape": [
        1536
      ],
      "numel": 1536
    },
    "out_proj.weight": {
      "mean": 6.7897653934778646e-06,
      "std": 0.033649954944849014,
      "min": -0.14408841729164124,
      "max": 0.14113499224185944,
      "abs_mean": 0.027861515060067177,
      "shape": [
        768,
        1536
      ],
      "numel": 1179648
    }
  }
}