{
  "meta": {
    "step": 1300,
    "layer_idx": 0,
    "timestamp": "20260324_124050"
  },
  "params": {
    "dt_bias": {
      "mean": -4.238680362701416,
      "std": 1.2848995923995972,
      "min": -6.2421956062316895,
      "max": -2.268360137939453,
      "abs_mean": 4.238680362701416,
      "shape": [
        24
      ],
      "numel": 24
    },
    "A_log": {
      "mean": 1.7353764772415161,
      "std": 0.549950361251831,
      "min": 0.43935710191726685,
      "max": 2.4959659576416016,
      "abs_mean": 1.7353764772415161,
      "shape": [
        24
      ],
      "numel": 24
    },
    "D": {
      "mean": 0.9174506664276123,
      "std": 0.03990738093852997,
      "min": 0.8398334383964539,
      "max": 1.0290440320968628,
      "abs_mean": 0.9174506664276123,
      "shape": [
        24
      ],
      "numel": 24
    },
    "in_proj.weight": {
      "mean": -5.0568538426887244e-05,
      "std": 0.03007102571427822,
      "min": -0.15327048301696777,
      "max": 0.13785679638385773,
      "abs_mean": 0.024326400831341743,
      "shape": [
        3224,
        768
      ],
      "numel": 2476032
    },
    "conv1d.weight": {
      "mean": 4.2814892367459834e-05,
      "std": 0.05212646350264549,
      "min": -0.1814047247171402,
      "max": 0.18657268583774567,
      "abs_mean": 0.039009589701890945,
      "shape": [
        1664,
        1,
        4
      ],
      "numel": 6656
    },
    "conv1d.bias": {
      "mean": -0.008529151789844036,
      "std": 0.25044605135917664,
      "min": -0.5098808407783508,
      "max": 0.5134598016738892,
      "abs_mean": 0.21769043803215027,
      "shape": [
        1664
      ],
      "numel": 1664
    },
    "norm.weight": {
      "mean": 0.9508092999458313,
      "std": 0.027279099449515343,
      "min": 0.8364535570144653,
      "max": 1.041314721107483,
      "abs_mean": 0.9508092999458313,
      "shape": [
        1536
      ],
      "numel": 1536
    },
    "out_proj.weight": {
      "mean": 7.757533239782788e-06,
      "std": 0.03335731104016304,
      "min": -0.13599160313606262,
      "max": 0.13818883895874023,
      "abs_mean": 0.027669120579957962,
      "shape": [
        768,
        1536
      ],
      "numel": 1179648
    }
  }
}